[Licensing::Module] Trying to connect to existing licensing client channel...
Built from '6000.3/staging' branch; Version is '6000.3.8f1 (1c7db571dde0) revision 1867189'; Using compiler version '194234433'; Build Type 'Release'
OS: 'Windows 11  (10.0.26100) Education' Language: 'en' Physical Memory: 65129 MB
BatchMode: 1, IsHumanControllingUs: 0, StartBugReporterOnCrash: 0, Is64bit: 1
[Licensing::IpcConnector] Successfully connected to: "LicenseClient-nigel.morris" at "2026-06-19T10:28:17.1837979Z"
System  architecture: x64
Process architecture: x64
Date: 2026-06-19T10:28:17Z

COMMAND LINE ARGUMENTS:
C:\Program Files\Unity\Hub\Editor\6000.3.8f1\Editor\Unity.exe
-adb2
-batchMode
-noUpm
-name
AssetImportWorker0
-projectPath
C:/Users/nigel.morris/OneDrive - eastsussexcollegegroup/Documents/GitHub/FPS-Microgame-2025
-logFile
Logs/AssetImportWorker0.log
-srvPort
60591
-licensingIpc
LicenseClient-nigel.morris
-job-worker-count
11
-background-job-worker-count
8
-gc-helper-count
1
-name
AssetImport
Successfully changed project path to: C:/Users/nigel.morris/OneDrive - eastsussexcollegegroup/Documents/GitHub/FPS-Microgame-2025
C:/Users/nigel.morris/OneDrive - eastsussexcollegegroup/Documents/GitHub/FPS-Microgame-2025
[UnityMemory] Configuration Parameters - Can be set up in boot.config
    "memorysetup-temp-allocator-size-nav-mesh-worker=65536"
    "memorysetup-temp-allocator-size-audio-worker=65536"
    "memorysetup-temp-allocator-size-gfx=262144"
    "memorysetup-allocator-temp-initial-block-size-main=262144"
    "memorysetup-allocator-temp-initial-block-size-worker=262144"
    "memorysetup-temp-allocator-size-background-worker=32768"
    "memorysetup-temp-allocator-size-job-worker=262144"
    "memorysetup-temp-allocator-size-preload-manager=33554432"
    "memorysetup-temp-allocator-size-gi-baking-worker=262144"
    "memorysetup-temp-allocator-size-gi-baking-worker=262144"
    "memorysetup-temp-allocator-size-gi-baking-worker=262144"
    "memorysetup-temp-allocator-size-gi-baking-worker=262144"
    "memorysetup-temp-allocator-size-gi-baking-worker=262144"
    "memorysetup-bucket-allocator-granularity=16"
    "memorysetup-bucket-allocator-bucket-count=8"
    "memorysetup-bucket-allocator-block-size=33554432"
    "memorysetup-bucket-allocator-block-count=8"
    "memorysetup-main-allocator-block-size=16777216"
    "memorysetup-thread-allocator-block-size=16777216"
    "memorysetup-gfx-main-allocator-block-size=16777216"
    "memorysetup-gfx-thread-allocator-block-size=16777216"
    "memorysetup-cache-allocator-block-size=4194304"
    "memorysetup-typetree-allocator-block-size=2097152"
    "memorysetup-profiler-bucket-allocator-granularity=16"
    "memorysetup-profiler-bucket-allocator-bucket-count=8"
    "memorysetup-profiler-bucket-allocator-block-size=33554432"
    "memorysetup-profiler-bucket-allocator-block-count=8"
    "memorysetup-profiler-allocator-block-size=16777216"
    "memorysetup-profiler-editor-allocator-block-size=1048576"
    "memorysetup-temp-allocator-size-main=16777216"
    "memorysetup-job-temp-allocator-block-size=2097152"
    "memorysetup-job-temp-allocator-block-size-background=1048576"
    "memorysetup-job-temp-allocator-reduction-small-platforms=262144"
    "memorysetup-temp-allocator-size-cloud-worker=32768"
Player connection [5020]  Target information:

Player connection [5020]  * "[IP] 172.27.185.99 [Port] 0 [Flags] 2 [Guid] 2295502779 [EditorId] 2295502779 [Version] 1048832 [Id] WindowsEditor(7,L-CB346-16422T) [Debug] 1 [PackageName] WindowsEditor [ProjectName] Editor" 

Player connection [5020] Host joined multi-casting on [225.0.0.222:54997]...
Player connection [5020] Host joined alternative multi-casting on [225.0.0.222:34997]...
JobSystem: Creating JobQueue using job-worker-count value 11
Input System module state changed to: Initialized.
[Physics::Module] Initialized fallback backend.
[Physics::Module] Id: 0xdecafbad
Library Redirect Path: Library/
[Physics::Module] Selected backend.
[Physics::Module] Name: PhysX
[Physics::Module] Id: 0xf2b8ea05
[Physics::Module] SDK Version: 4.1.2
[Physics::Module] Integration Version: 1.0.0
[Physics::Module] Threading Mode: Multi-Threaded
Refreshing native plugins compatible for Editor in 1.68 ms, found 2 plugins.
Preloading 0 native plugins for Editor in 0.00 ms.
Initialize engine version: 6000.3.8f1 (1c7db571dde0)
[Subsystems] Discovering subsystems at path C:/Program Files/Unity/Hub/Editor/6000.3.8f1/Editor/Data/Resources/UnitySubsystems
[Subsystems] Discovering subsystems at path C:/Users/nigel.morris/OneDrive - eastsussexcollegegroup/Documents/GitHub/FPS-Microgame-2025/Assets
GfxDevice: creating device client; kGfxThreadingModeNonThreaded
Direct3D:
    Version:  Direct3D 11.0 [level 11.1]
    Renderer: NVIDIA GeForce RTX 4090 (ID=0x2684)
    Vendor:   NVIDIA
    VRAM:     24138 MB
    Driver:   32.0.15.9597
Initialize mono
Mono path[0] = 'C:/Program Files/Unity/Hub/Editor/6000.3.8f1/Editor/Data/Managed'
Mono path[1] = 'C:/Program Files/Unity/Hub/Editor/6000.3.8f1/Editor/Data/MonoBleedingEdge/lib/mono/unityjit-win32'
Mono config path = 'C:/Program Files/Unity/Hub/Editor/6000.3.8f1/Editor/Data/MonoBleedingEdge/etc'
Using monoOptions --debugger-agent=transport=dt_socket,embedding=1,server=y,suspend=n,address=127.0.0.1:56044
Begin MonoManager ReloadAssembly
Registering precompiled unity dll's ...
Register platform support module: C:/Program Files/Unity/Hub/Editor/6000.3.8f1/Editor/Data/PlaybackEngines/WebGLSupport/UnityEditor.WebGL.Extensions.dll
Register platform support module: C:/Program Files/Unity/Hub/Editor/6000.3.8f1/Editor/Data/PlaybackEngines/MacStandaloneSupport/UnityEditor.OSXStandalone.Extensions.dll
Register platform support module: C:/Program Files/Unity/Hub/Editor/6000.3.8f1/Editor/Data/PlaybackEngines/WindowsStandaloneSupport/UnityEditor.WindowsStandalone.Extensions.dll
[Licensing::Module] Licensing is not yet initialized.
[Licensing::Client] Handshaking with LicensingClient:
  Version:                 1.17.4+4293ba1
  Session Id:              cbe6fef729a3468fbf186c5884cc877b
  Correlation Id:          dc980e05017fa1495aec9c92f4574af5
  External correlation Id: 2932065983700342286
  Machine Id:              MDg+barcQ7c7z6KV2Ua+xBe39l8=
[Licensing::Module] Successfully connected to LicensingClient on channel: "LicenseClient-nigel.morris" (connect: 0.00s, validation: 0.00s, handshake: 1.25s)
[Licensing::IpcConnector] Successfully connected to: "LicenseClient-nigel.morris-notifications" at "2026-06-19T10:28:18.4361243Z"
[Licensing::Module] Licensing Background thread has ended after 1.25s
[Licensing::Module] Licensing is initialized (took 0.38s).
[Licensing::Client] Successfully resolved entitlement details
[Licensing::Module] License group:
  Id: E4-5EVD-TUDB-EX42-UW92-XXXX
  Product: Unity Education
  Type: ULF
  Expiration: 2026-11-08T22:20:47Z
Register platform support module: C:/Program Files/Unity/Hub/Editor/6000.3.8f1/Editor/Data/PlaybackEngines/MetroSupport/UnityEditor.UWP.Extensions.dll
[Licensing::Client] Successfully resolved entitlement details
Register platform support module: C:/Program Files/Unity/Hub/Editor/6000.3.8f1/Editor/Data/PlaybackEngines/AndroidPlayer/UnityEditor.Android.Extensions.dll
[Licensing::Client] Successfully resolved entitlement details
Register platform support module: C:/Program Files/Unity/Hub/Editor/6000.3.8f1/Editor/Data/PlaybackEngines/iOSSupport/UnityEditor.iOS.Extensions.dll
Register platform support module: C:/Program Files/Unity/Hub/Editor/6000.3.8f1/Editor/Data/PlaybackEngines/AppleTVSupport/UnityEditor.AppleTV.Extensions.dll
Register platform support module: C:/Program Files/Unity/Hub/Editor/6000.3.8f1/Editor/Data/PlaybackEngines/LinuxStandaloneSupport/UnityEditor.LinuxStandalone.Extensions.dll
Registered in 0.398763 seconds.
- Loaded All Assemblies, in  0.790 seconds
Native extension for LinuxStandalone target not found
[usbmuxd] Start listen thread
[usbmuxd] Listen thread started
Native extension for AppleTV target not found
[usbmuxd] Start listen thread
[usbmuxd] Listen thread started
Native extension for iOS target not found
Native extension for Android target not found
Android Extension - Scanning For ADB Devices 2304 ms
Native extension for UWP target not found
Native extension for WindowsStandalone target not found
Native extension for OSXStandalone target not found
Native extension for WebGL target not found
Package Manager log level set to [2]
[Package Manager] Failed to launch server process. Reason: Unity was launched with the -noUpm command-line argument
[Package Manager] Unable to send message (not connected to server process).
[Package Manager] Cannot connect to Unity Package Manager local server
ScheduleIndexationOnStartup MainProcess:False IndexOnStartup:True
Mono: successfully reloaded assembly
- Finished resetting the current domain, in  2.726 seconds
Domain Reload Profiling: 3512ms
	BeginReloadAssembly (146ms)
		ExecutionOrderSort (0ms)
		DisableScriptedObjects (0ms)
		BackupInstance (0ms)
		ReleaseScriptingObjects (0ms)
		CreateAndSetChildDomain (1ms)
	RebuildCommonClasses (31ms)
	RebuildNativeTypeToScriptingClass (9ms)
	initialDomainReloadingComplete (442ms)
	LoadAllAssembliesAndSetupDomain (157ms)
		LoadAssemblies (144ms)
		RebuildTransferFunctionScriptingTraits (0ms)
		AnalyzeDomain (150ms)
			TypeCache.Refresh (149ms)
				TypeCache.ScanAssembly (138ms)
			BuildScriptInfoCaches (0ms)
			ResolveRequiredComponents (0ms)
	FinalizeReload (2726ms)
		ReleaseScriptCaches (0ms)
		RebuildScriptCaches (0ms)
		SetupLoadedEditorAssemblies (2694ms)
			LogAssemblyErrors (0ms)
			InitializePlatformSupportModulesInManaged (2449ms)
			SetLoadedEditorAssemblies (3ms)
			BeforeProcessingInitializeOnLoad (74ms)
			ProcessInitializeOnLoadAttributes (127ms)
			ProcessInitializeOnLoadMethodAttributes (41ms)
			AfterProcessingInitializeOnLoad (0ms)
			EditorAssembliesLoaded (0ms)
		ExecutionOrderSort2 (0ms)
		AwakeInstancesAfterBackupRestoration (0ms)
========================================================================
Worker process is ready to serve import requests
Import Worker Mode flag is 0x00
Begin MonoManager ReloadAssembly
[Licensing::Client] Successfully resolved entitlement details
- Loaded All Assemblies, in  0.925 seconds
Refreshing native plugins compatible for Editor in 1.28 ms, found 2 plugins.
Native extension for LinuxStandalone target not found
Native extension for AppleTV target not found
Native extension for iOS target not found
Native extension for Android target not found
Native extension for UWP target not found
Native extension for WindowsStandalone target not found
Native extension for OSXStandalone target not found
Native extension for WebGL target not found
[Package Manager] Failed to launch server process. Reason: Unity was launched with the -noUpm command-line argument
[Package Manager] Unable to send message (not connected to server process).
[Package Manager] Cannot connect to Unity Package Manager local server
[MODES] ModeService[none].Initialize
[MODES] ModeService[none].LoadModes
[MODES] Loading mode Default (0) for mode-current-id-fps
ScheduleIndexationOnStartup MainProcess:False IndexOnStartup:True
Mono: successfully reloaded assembly
- Finished resetting the current domain, in  0.851 seconds
Domain Reload Profiling: 1763ms
	BeginReloadAssembly (204ms)
		ExecutionOrderSort (0ms)
		DisableScriptedObjects (6ms)
		BackupInstance (0ms)
		ReleaseScriptingObjects (0ms)
		CreateAndSetChildDomain (42ms)
	RebuildCommonClasses (35ms)
	RebuildNativeTypeToScriptingClass (10ms)
	initialDomainReloadingComplete (41ms)
	LoadAllAssembliesAndSetupDomain (621ms)
		LoadAssemblies (475ms)
		RebuildTransferFunctionScriptingTraits (0ms)
		AnalyzeDomain (257ms)
			TypeCache.Refresh (172ms)
				TypeCache.ScanAssembly (156ms)
			BuildScriptInfoCaches (73ms)
			ResolveRequiredComponents (8ms)
	FinalizeReload (851ms)
		ReleaseScriptCaches (0ms)
		RebuildScriptCaches (0ms)
		SetupLoadedEditorAssemblies (629ms)
			LogAssemblyErrors (0ms)
			InitializePlatformSupportModulesInManaged (27ms)
			SetLoadedEditorAssemblies (5ms)
			BeforeProcessingInitializeOnLoad (174ms)
			ProcessInitializeOnLoadAttributes (318ms)
			ProcessInitializeOnLoadMethodAttributes (96ms)
			AfterProcessingInitializeOnLoad (9ms)
			EditorAssembliesLoaded (0ms)
		ExecutionOrderSort2 (0ms)
		AwakeInstancesAfterBackupRestoration (5ms)
Launched and connected shader compiler UnityShaderCompiler.exe after 0.02 seconds
Refreshing native plugins compatible for Editor in 1.40 ms, found 2 plugins.
Preloading 0 native plugins for Editor in 0.00 ms.
Unloading 17 Unused Serialized files (Serialized files now loaded: 0)
Unloading 5371 unused Assets / (3.7 MB). Loaded Objects now: 6216.
Memory consumption went from 147.4 MB to 143.7 MB.
Total: 11.445500 ms (FindLiveObjects: 0.822400 ms CreateObjectMapping: 0.517600 ms MarkObjects: 7.388400 ms  DeleteObjects: 2.715400 ms)

========================================================================
Received Import Request.
  Time since last request: 165331.520317 seconds.
  path: Assets/AddOns/MgFPS_Aurous/Aurous_ReadMe.txt
  artifactKey: Guid(f1ac6135324656b448be333aaf6191b8) Importer(2089858483,d624ce77472d68a35037170ec1d2d27e)
Start importing Assets/AddOns/MgFPS_Aurous/Aurous_ReadMe.txt using Guid(f1ac6135324656b448be333aaf6191b8) Importer(2089858483,d624ce77472d68a35037170ec1d2d27e) (ScriptedImporter) -> (artifact id: '832d61a4964a74f56099bf7d0459a1d9') in 0.055886 seconds
Number of updated asset objects reloaded before import = 0Number of asset objects unloaded after import = 1

========================================================================
Received Import Request.
  Time since last request: 0.000022 seconds.
  path: Assets/AddOns/MgFPS_SniperRifle/RifleEffectsHandler.cs
  artifactKey: Guid(f26e9a75c87e38d4ca860f5a4594caa4) Importer(2089858483,d624ce77472d68a35037170ec1d2d27e)
Start importing Assets/AddOns/MgFPS_SniperRifle/RifleEffectsHandler.cs using Guid(f26e9a75c87e38d4ca860f5a4594caa4) Importer(2089858483,d624ce77472d68a35037170ec1d2d27e) (ScriptedImporter) -> (artifact id: 'afa24945927a6cbeabdb44c6ceab1bc3') in 0.0371319 seconds
Number of updated asset objects reloaded before import = 0Number of asset objects unloaded after import = 0

========================================================================
Received Import Request.
  Time since last request: 0.000017 seconds.
  path: Assets/Settings/High_PipelineAsset.asset
  artifactKey: Guid(7e5e15554e4ff47a8adeb6752f406c63) Importer(2089858483,d624ce77472d68a35037170ec1d2d27e)
Start importing Assets/Settings/High_PipelineAsset.asset using Guid(7e5e15554e4ff47a8adeb6752f406c63) Importer(2089858483,d624ce77472d68a35037170ec1d2d27e) (ScriptedImporter) -> (artifact id: 'dfd2fe12bc9a1640477807dddcd0024f') in 0.0790962 seconds
Number of updated asset objects reloaded before import = 0Number of asset objects unloaded after import = 2

========================================================================
Received Import Request.
  Time since last request: 0.000033 seconds.
  path: Assets/AddOns/MgFPS_Haku/Haku_ReadMe.txt
  artifactKey: Guid(9c8b6b1c2d98bff43b8cf9fc27cf8bef) Importer(2089858483,d624ce77472d68a35037170ec1d2d27e)
Start importing Assets/AddOns/MgFPS_Haku/Haku_ReadMe.txt using Guid(9c8b6b1c2d98bff43b8cf9fc27cf8bef) Importer(2089858483,d624ce77472d68a35037170ec1d2d27e) (ScriptedImporter) -> (artifact id: '73e2d1dc31b8de476e2d8036fb5d6da2') in 0.0135942 seconds
Number of updated asset objects reloaded before import = 0Number of asset objects unloaded after import = 1

========================================================================
Received Import Request.
  Time since last request: 0.000015 seconds.
  path: Assets/NavMeshComponents/README.md
  artifactKey: Guid(b0f4eda5652dc4841bb446c4721eaec1) Importer(2089858483,d624ce77472d68a35037170ec1d2d27e)
Start importing Assets/NavMeshComponents/README.md using Guid(b0f4eda5652dc4841bb446c4721eaec1) Importer(2089858483,d624ce77472d68a35037170ec1d2d27e) (ScriptedImporter) -> (artifact id: '82c7e1396fdcc5fe711c55bde02a3bf7') in 0.0111578 seconds
Number of updated asset objects reloaded before import = 0Number of asset objects unloaded after import = 1

========================================================================
Received Import Request.
  Time since last request: 0.000016 seconds.
  path: Assets/AddOns/MgFPS_SniperRifle/SniperRifle_ReadMe.txt
  artifactKey: Guid(e6befc8e9afde3e4dabd97483700c2cc) Importer(2089858483,d624ce77472d68a35037170ec1d2d27e)
Start importing Assets/AddOns/MgFPS_SniperRifle/SniperRifle_ReadMe.txt using Guid(e6befc8e9afde3e4dabd97483700c2cc) Importer(2089858483,d624ce77472d68a35037170ec1d2d27e) (ScriptedImporter) -> (artifact id: '75928f5efea007a87d5a769b2dba8523') in 0.0138558 seconds
Number of updated asset objects reloaded before import = 0Number of asset objects unloaded after import = 1

========================================================================
Received Import Request.
  Time since last request: 0.000019 seconds.
  path: Assets/AddOns/Mg3D_Hats/PoliceCap.fbx
  artifactKey: Guid(cf015317a103ab34483db3f2dc6f0f59) Importer(2089858483,d624ce77472d68a35037170ec1d2d27e)
Start importing Assets/AddOns/Mg3D_Hats/PoliceCap.fbx using Guid(cf015317a103ab34483db3f2dc6f0f59) Importer(2089858483,d624ce77472d68a35037170ec1d2d27e) (ScriptedImporter) -> (artifact id: 'c299721b29c839773dbfc9b0e0c1a790') in 0.0818375 seconds
Number of updated asset objects reloaded before import = 0Number of asset objects unloaded after import = 12

========================================================================
Received Import Request.
  Time since last request: 0.000031 seconds.
  path: Assets/AddOns/Mg_Scifi_Music/BPM=113.txt
  artifactKey: Guid(a4c4a66dd80bd05428cd93526b32f42f) Importer(2089858483,d624ce77472d68a35037170ec1d2d27e)
Start importing Assets/AddOns/Mg_Scifi_Music/BPM=113.txt using Guid(a4c4a66dd80bd05428cd93526b32f42f) Importer(2089858483,d624ce77472d68a35037170ec1d2d27e) (ScriptedImporter) -> (artifact id: '15ade3da037af1c6503fb3b1d9c3f859') in 0.0125926 seconds
Number of updated asset objects reloaded before import = 0Number of asset objects unloaded after import = 1

========================================================================
Received Import Request.
  Time since last request: 0.000019 seconds.
  path: Assets/AddOns/MgFPS_Molt/Pickup_Molt.prefab
  artifactKey: Guid(efe90a0b32c55404ba88f1fc43282b98) Importer(2089858483,d624ce77472d68a35037170ec1d2d27e)
Start importing Assets/AddOns/MgFPS_Molt/Pickup_Molt.prefab using Guid(efe90a0b32c55404ba88f1fc43282b98) Importer(2089858483,d624ce77472d68a35037170ec1d2d27e) (ScriptedImporter) -> (artifact id: '7868b36e7b585c10f950db1812ee1ae0') in 0.0546317 seconds
Number of updated asset objects reloaded before import = 0Number of asset objects unloaded after import = 152

========================================================================
Received Import Request.
  Time since last request: 0.000020 seconds.
  path: Assets/FPS/Prefabs/ObjectivePickupItem.prefab
  artifactKey: Guid(a5e57422b1d4cd7418d7bd6037f5a604) Importer(2089858483,d624ce77472d68a35037170ec1d2d27e)
Start importing Assets/FPS/Prefabs/ObjectivePickupItem.prefab using Guid(a5e57422b1d4cd7418d7bd6037f5a604) Importer(2089858483,d624ce77472d68a35037170ec1d2d27e) (ScriptedImporter) -> (artifact id: '61178f7dedd75aee170d5f270fb66cd3') in 0.0198156 seconds
Number of updated asset objects reloaded before import = 0Number of asset objects unloaded after import = 8

========================================================================
Received Import Request.
  Time since last request: 0.000029 seconds.
  path: Assets/AddOns/MgFPS_PlasmaRain/Pickup_PlasmaRain.prefab
  artifactKey: Guid(8231feae5edcdcf49b312ef7c62bcc6b) Importer(2089858483,d624ce77472d68a35037170ec1d2d27e)
Start importing Assets/AddOns/MgFPS_PlasmaRain/Pickup_PlasmaRain.prefab using Guid(8231feae5edcdcf49b312ef7c62bcc6b) Importer(2089858483,d624ce77472d68a35037170ec1d2d27e) (ScriptedImporter) -> (artifact id: '2452ef513129d65e4fabf9260734c8ef') in 0.0473026 seconds
Number of updated asset objects reloaded before import = 0Number of asset objects unloaded after import = 217

========================================================================
Received Import Request.
  Time since last request: 0.000019 seconds.
  path: Assets/AddOns/MgFPS_Boomshot/Weapon_Boomshot.prefab
  artifactKey: Guid(f9e6f47202077c64dba51eef4eda7fd4) Importer(2089858483,d624ce77472d68a35037170ec1d2d27e)
Start importing Assets/AddOns/MgFPS_Boomshot/Weapon_Boomshot.prefab using Guid(f9e6f47202077c64dba51eef4eda7fd4) Importer(2089858483,d624ce77472d68a35037170ec1d2d27e) (ScriptedImporter) -> (artifact id: '0126aeee5b20372cd6c921a1c0550e70') in 0.0606382 seconds
Number of updated asset objects reloaded before import = 0Number of asset objects unloaded after import = 124

========================================================================
Received Import Request.
  Time since last request: 0.000027 seconds.
  path: Assets/ModAssets/Fonts/CormorantUnicase-Regular SDF.asset
  artifactKey: Guid(ba62bccd3bc0142bc9a0bc1addeaadce) Importer(2089858483,d624ce77472d68a35037170ec1d2d27e)
Start importing Assets/ModAssets/Fonts/CormorantUnicase-Regular SDF.asset using Guid(ba62bccd3bc0142bc9a0bc1addeaadce) Importer(2089858483,d624ce77472d68a35037170ec1d2d27e) (ScriptedImporter) -> (artifact id: '39e56dde1e4bbf8bae0aa0f0931a6dcf') in 0.0452567 seconds
Number of updated asset objects reloaded before import = 0Number of asset objects unloaded after import = 3

========================================================================
Received Import Request.
  Time since last request: 0.000036 seconds.
  path: Assets/FPS/Tutorials/SuperchargeYourGame.png
  artifactKey: Guid(afa0a481d34b02945a505bd18c45ee44) Importer(2089858483,d624ce77472d68a35037170ec1d2d27e)
Start importing Assets/FPS/Tutorials/SuperchargeYourGame.png using Guid(afa0a481d34b02945a505bd18c45ee44) Importer(2089858483,d624ce77472d68a35037170ec1d2d27e) (ScriptedImporter) -> (artifact id: '8d8c4448c1421ba83c18d688da264bc8') in 0.0461214 seconds
Number of updated asset objects reloaded before import = 0Number of asset objects unloaded after import = 1

========================================================================
Received Import Request.
  Time since last request: 0.000019 seconds.
  path: Assets/FPS/Prefabs/ObjectiveReachPoint.prefab
  artifactKey: Guid(d401b602eddc4e449b385a053f012a4c) Importer(2089858483,d624ce77472d68a35037170ec1d2d27e)
Start importing Assets/FPS/Prefabs/ObjectiveReachPoint.prefab using Guid(d401b602eddc4e449b385a053f012a4c) Importer(2089858483,d624ce77472d68a35037170ec1d2d27e) (ScriptedImporter) -> (artifact id: '3c06e06b9d191145a7764b7c2c89a053') in 0.0245914 seconds
Number of updated asset objects reloaded before import = 0Number of asset objects unloaded after import = 19

========================================================================
Received Import Request.
  Time since last request: 0.000023 seconds.
  path: Assets/Rendering/PostProcessingProfile.asset
  artifactKey: Guid(df837a1f5737d5a489993708ca80ccc9) Importer(2089858483,d624ce77472d68a35037170ec1d2d27e)
Start importing Assets/Rendering/PostProcessingProfile.asset using Guid(df837a1f5737d5a489993708ca80ccc9) Importer(2089858483,d624ce77472d68a35037170ec1d2d27e) (ScriptedImporter) -> (artifact id: '6a28c662bdd12479761f2df45ef27df2') in 0.0154024 seconds
Number of updated asset objects reloaded before import = 0Number of asset objects unloaded after import = 6

========================================================================
Received Import Request.
  Time since last request: 0.000040 seconds.
  path: Assets/ModAssets/Fonts/Raleway-Regular SDF.asset
  artifactKey: Guid(2abf75d6e0d8a4aa6910fae6ee5d638b) Importer(2089858483,d624ce77472d68a35037170ec1d2d27e)
Start importing Assets/ModAssets/Fonts/Raleway-Regular SDF.asset using Guid(2abf75d6e0d8a4aa6910fae6ee5d638b) Importer(2089858483,d624ce77472d68a35037170ec1d2d27e) (ScriptedImporter) -> (artifact id: '6ce433aadedb42398935435461f477eb') in 0.0214165 seconds
Number of updated asset objects reloaded before import = 0Number of asset objects unloaded after import = 3

========================================================================
Received Import Request.
  Time since last request: 0.000018 seconds.
  path: Assets/ModAssets/Fonts/BioRhymeExpanded-Regular SDF.asset
  artifactKey: Guid(2d0aaede2506c4ca0969c32576224028) Importer(2089858483,d624ce77472d68a35037170ec1d2d27e)
Start importing Assets/ModAssets/Fonts/BioRhymeExpanded-Regular SDF.asset using Guid(2d0aaede2506c4ca0969c32576224028) Importer(2089858483,d624ce77472d68a35037170ec1d2d27e) (ScriptedImporter) -> (artifact id: 'a43415a9ef8047844e72fca23fb0befc') in 0.0901235 seconds
Number of updated asset objects reloaded before import = 0Number of asset objects unloaded after import = 3

========================================================================
Received Import Request.
  Time since last request: 0.000016 seconds.
  path: Assets/AddOns/MgFPS_Vaporizer/Vaporizer_ReadMe.txt
  artifactKey: Guid(8bb84c6b40990e946b1336d2bef2641c) Importer(2089858483,d624ce77472d68a35037170ec1d2d27e)
Start importing Assets/AddOns/MgFPS_Vaporizer/Vaporizer_ReadMe.txt using Guid(8bb84c6b40990e946b1336d2bef2641c) Importer(2089858483,d624ce77472d68a35037170ec1d2d27e) (ScriptedImporter) -> (artifact id: 'd40b97ddda7fcf954cfbad2c93d5980f') in 0.0135745 seconds
Number of updated asset objects reloaded before import = 0Number of asset objects unloaded after import = 1

========================================================================
Received Import Request.
  Time since last request: 0.000029 seconds.
  path: Assets/AddOns/MgFPS_Thunderlight/Weapon_Thunderlight.prefab
  artifactKey: Guid(39e941eea1f9b0c4481a1150b51c07e2) Importer(2089858483,d624ce77472d68a35037170ec1d2d27e)
Start importing Assets/AddOns/MgFPS_Thunderlight/Weapon_Thunderlight.prefab using Guid(39e941eea1f9b0c4481a1150b51c07e2) Importer(2089858483,d624ce77472d68a35037170ec1d2d27e) (ScriptedImporter) -> (artifact id: 'ae6058e8e5bbf99fc549161ce5241ba4') in 0.0489306 seconds
Number of updated asset objects reloaded before import = 0Number of asset objects unloaded after import = 138

========================================================================
Received Import Request.
  Time since last request: 0.000017 seconds.
  path: Assets/Settings/Very High_PipelineAsset.asset
  artifactKey: Guid(0c8499cfe9f0748dabeb75ed6c3b3ff3) Importer(2089858483,d624ce77472d68a35037170ec1d2d27e)
Start importing Assets/Settings/Very High_PipelineAsset.asset using Guid(0c8499cfe9f0748dabeb75ed6c3b3ff3) Importer(2089858483,d624ce77472d68a35037170ec1d2d27e) (ScriptedImporter) -> (artifact id: '4248de2a4678998276b4708d96284ba1') in 0.0196405 seconds
Number of updated asset objects reloaded before import = 0Number of asset objects unloaded after import = 2

========================================================================
Received Import Request.
  Time since last request: 0.000020 seconds.
  path: Assets/FPS/Scenes/LoseScene.unity
  artifactKey: Guid(72e5c65a45893714484002914e3fd521) Importer(2089858483,d624ce77472d68a35037170ec1d2d27e)
Start importing Assets/FPS/Scenes/LoseScene.unity using Guid(72e5c65a45893714484002914e3fd521) Importer(2089858483,d624ce77472d68a35037170ec1d2d27e) (ScriptedImporter) -> (artifact id: '4ce1c287c904edefc5447bcba0c67d06') in 0.0144092 seconds
Number of updated asset objects reloaded before import = 0Number of asset objects unloaded after import = 1

========================================================================
Received Import Request.
  Time since last request: 0.000029 seconds.
  path: Assets/AddOns/MgFPS_Haku/Haku_ShellCasing.prefab
  artifactKey: Guid(463f6c8a42a562745ad0d114393f15d1) Importer(2089858483,d624ce77472d68a35037170ec1d2d27e)
Start importing Assets/AddOns/MgFPS_Haku/Haku_ShellCasing.prefab using Guid(463f6c8a42a562745ad0d114393f15d1) Importer(2089858483,d624ce77472d68a35037170ec1d2d27e) (ScriptedImporter) -> (artifact id: '6537a9b7329d5bfabe5a71adea61fcc6') in 0.0174185 seconds
Number of updated asset objects reloaded before import = 0Number of asset objects unloaded after import = 11

========================================================================
Received Import Request.
  Time since last request: 0.000021 seconds.
  path: Assets/Scenes/SampleScene.unity
  artifactKey: Guid(7ed70b31e78b8f1429a28cd781344a52) Importer(815301076,1909f56bfc062723c751e8b465ee728b)
Start importing Assets/Scenes/SampleScene.unity using Guid(7ed70b31e78b8f1429a28cd781344a52) Importer(815301076,1909f56bfc062723c751e8b465ee728b) (PreviewImporter) -> (artifact id: '933f3d25f4ce667dc2adaabf15b39002') in 0.0007573 seconds
Number of updated asset objects reloaded before import = 0Number of asset objects unloaded after import = 0

========================================================================
Received Import Request.
  Time since last request: 0.000018 seconds.
  path: Assets/CodeMonkey/KeyDoorSystem/README.txt
  artifactKey: Guid(09fad5776b16e694287c140b645d4460) Importer(2089858483,d624ce77472d68a35037170ec1d2d27e)
Start importing Assets/CodeMonkey/KeyDoorSystem/README.txt using Guid(09fad5776b16e694287c140b645d4460) Importer(2089858483,d624ce77472d68a35037170ec1d2d27e) (ScriptedImporter) -> (artifact id: '274ee128b02d22ddd1eb810f5110e712') in 0.0147532 seconds
Number of updated asset objects reloaded before import = 0Number of asset objects unloaded after import = 1

========================================================================
Received Import Request.
  Time since last request: 0.000021 seconds.
  path: Assets/TextMesh Pro/Shaders/TMP_Sprite.shader
  artifactKey: Guid(cf81c85f95fe47e1a27f6ae460cf182c) Importer(2089858483,d624ce77472d68a35037170ec1d2d27e)
Start importing Assets/TextMesh Pro/Shaders/TMP_Sprite.shader using Guid(cf81c85f95fe47e1a27f6ae460cf182c) Importer(2089858483,d624ce77472d68a35037170ec1d2d27e) (ScriptedImporter) -> (artifact id: '5a499103ace4e4d0c3aa776a02f30902') in 0.0148459 seconds
Number of updated asset objects reloaded before import = 0Number of asset objects unloaded after import = 1

========================================================================
Received Import Request.
  Time since last request: 0.000024 seconds.
  path: Assets/AddOns/Mg3D_Animated_Sci-fi/Materials/Machine Green.mat
  artifactKey: Guid(86c38cc17be868947801ac9b80453963) Importer(2089858483,d624ce77472d68a35037170ec1d2d27e)
Start importing Assets/AddOns/Mg3D_Animated_Sci-fi/Materials/Machine Green.mat using Guid(86c38cc17be868947801ac9b80453963) Importer(2089858483,d624ce77472d68a35037170ec1d2d27e) (ScriptedImporter) -> (artifact id: '47d683f9bf614b4a8a86eebd09103c6d') in 0.0130798 seconds
Number of updated asset objects reloaded before import = 0Number of asset objects unloaded after import = 1

========================================================================
Received Import Request.
  Time since last request: 0.000017 seconds.
  path: Assets/NavMeshComponents/Scripts/NavMeshComponents.asmdef
  artifactKey: Guid(e44d436f4cd5ae341be3cbd8ce8c447b) Importer(2089858483,d624ce77472d68a35037170ec1d2d27e)
Start importing Assets/NavMeshComponents/Scripts/NavMeshComponents.asmdef using Guid(e44d436f4cd5ae341be3cbd8ce8c447b) Importer(2089858483,d624ce77472d68a35037170ec1d2d27e) (ScriptedImporter) -> (artifact id: '2ab9d8c5a43321b7b073592db2856317') in 0.0125624 seconds
Number of updated asset objects reloaded before import = 0Number of asset objects unloaded after import = 1

========================================================================
Received Import Request.
  Time since last request: 0.000016 seconds.
  path: Assets/AddOns/Mg3D_Animated_Sci-fi/Materials/Gray100.mat
  artifactKey: Guid(d07aee523484c4f4e8ad129d51d4d0f7) Importer(2089858483,d624ce77472d68a35037170ec1d2d27e)
Start importing Assets/AddOns/Mg3D_Animated_Sci-fi/Materials/Gray100.mat using Guid(d07aee523484c4f4e8ad129d51d4d0f7) Importer(2089858483,d624ce77472d68a35037170ec1d2d27e) (ScriptedImporter) -> (artifact id: '1b747f52f014bc2d5d50f36f0c76597b') in 0.0122358 seconds
Number of updated asset objects reloaded before import = 0Number of asset objects unloaded after import = 1

========================================================================
Received Import Request.
  Time since last request: 0.000019 seconds.
  path: Assets/Scenes/SampleScene.unity
  artifactKey: Guid(7ed70b31e78b8f1429a28cd781344a52) Importer(2089858483,d624ce77472d68a35037170ec1d2d27e)
Start importing Assets/Scenes/SampleScene.unity using Guid(7ed70b31e78b8f1429a28cd781344a52) Importer(2089858483,d624ce77472d68a35037170ec1d2d27e) (ScriptedImporter) -> (artifact id: '5863d762fdd8ce5e2c68130d7ea523f4') in 0.0121046 seconds
Number of updated asset objects reloaded before import = 0Number of asset objects unloaded after import = 1

========================================================================
Received Import Request.
  Time since last request: 0.000029 seconds.
  path: Assets/AddOns/MgFPS_Fireballer/Projectile_Fireballer.prefab
  artifactKey: Guid(b096324a139f4c64a9e964a46b530291) Importer(2089858483,d624ce77472d68a35037170ec1d2d27e)
Start importing Assets/AddOns/MgFPS_Fireballer/Projectile_Fireballer.prefab using Guid(b096324a139f4c64a9e964a46b530291) Importer(2089858483,d624ce77472d68a35037170ec1d2d27e) (ScriptedImporter) -> (artifact id: 'cfa24a7d9382d11afdff65732b499d2f') in 0.0206899 seconds
Number of updated asset objects reloaded before import = 0Number of asset objects unloaded after import = 48

========================================================================
Received Import Request.
  Time since last request: 0.000022 seconds.
  path: Assets/AddOns/MgFPS_Fireballer/Pickup_Fireballer.prefab
  artifactKey: Guid(3151b3e2844bc3c459e144a9df40f05d) Importer(2089858483,d624ce77472d68a35037170ec1d2d27e)
Start importing Assets/AddOns/MgFPS_Fireballer/Pickup_Fireballer.prefab using Guid(3151b3e2844bc3c459e144a9df40f05d) Importer(2089858483,d624ce77472d68a35037170ec1d2d27e) (ScriptedImporter) -> (artifact id: 'e2301bf1a23c4dfbcbe6b8286b76ec19') in 0.0373604 seconds
Number of updated asset objects reloaded before import = 0Number of asset objects unloaded after import = 159

========================================================================
Received Import Request.
  Time since last request: 0.000018 seconds.
  path: Assets/AddOns/MgFPS_Boomshot/Projectile_Boomshot.prefab
  artifactKey: Guid(f378fccd6b559de4c8846f44bb191d43) Importer(2089858483,d624ce77472d68a35037170ec1d2d27e)
Start importing Assets/AddOns/MgFPS_Boomshot/Projectile_Boomshot.prefab using Guid(f378fccd6b559de4c8846f44bb191d43) Importer(2089858483,d624ce77472d68a35037170ec1d2d27e) (ScriptedImporter) -> (artifact id: '622767ca36779f34645690a12fc953bc') in 0.0179585 seconds
Number of updated asset objects reloaded before import = 0Number of asset objects unloaded after import = 16

========================================================================
Received Import Request.
  Time since last request: 0.000028 seconds.
  path: Assets/TextMesh Pro/Shaders/TMP_SDF-Mobile Masking.shader
  artifactKey: Guid(bc1ede39bf3643ee8e493720e4259791) Importer(2089858483,d624ce77472d68a35037170ec1d2d27e)
Start importing Assets/TextMesh Pro/Shaders/TMP_SDF-Mobile Masking.shader using Guid(bc1ede39bf3643ee8e493720e4259791) Importer(2089858483,d624ce77472d68a35037170ec1d2d27e) (ScriptedImporter) -> (artifact id: '6e84686583de99b68cc0ec33f45d4757') in 0.0139639 seconds
Number of updated asset objects reloaded before import = 0Number of asset objects unloaded after import = 1

========================================================================
Received Import Request.
  Time since last request: 0.000019 seconds.
  path: Assets/NavMeshComponents/Scripts/NavMeshSurface.cs
  artifactKey: Guid(ac5b9bf9aa05ab44cbe4cedfac5c798a) Importer(2089858483,d624ce77472d68a35037170ec1d2d27e)
Start importing Assets/NavMeshComponents/Scripts/NavMeshSurface.cs using Guid(ac5b9bf9aa05ab44cbe4cedfac5c798a) Importer(2089858483,d624ce77472d68a35037170ec1d2d27e) (ScriptedImporter) -> (artifact id: 'dfbe4ed78a292c64a6141f30f5ec0f4b') in 0.0126613 seconds
Number of updated asset objects reloaded before import = 0Number of asset objects unloaded after import = 1

========================================================================
Received Import Request.
  Time since last request: 0.000018 seconds.
  path: Assets/TextMesh Pro/Resources/LineBreaking Following Characters.txt
  artifactKey: Guid(fade42e8bc714b018fac513c043d323b) Importer(2089858483,d624ce77472d68a35037170ec1d2d27e)
Start importing Assets/TextMesh Pro/Resources/LineBreaking Following Characters.txt using Guid(fade42e8bc714b018fac513c043d323b) Importer(2089858483,d624ce77472d68a35037170ec1d2d27e) (ScriptedImporter) -> (artifact id: '1d64df3546b157a25ef3799a4860ad8e') in 0.0117996 seconds
Number of updated asset objects reloaded before import = 0Number of asset objects unloaded after import = 1

========================================================================
Received Import Request.
  Time since last request: 0.000021 seconds.
  path: Assets/AddOns/Mg3D_Animated_Sci-fi/Animations/Pod_Assembled_Idle.anim
  artifactKey: Guid(96d1924215f106046a429eb18ac701bf) Importer(2089858483,d624ce77472d68a35037170ec1d2d27e)
Start importing Assets/AddOns/Mg3D_Animated_Sci-fi/Animations/Pod_Assembled_Idle.anim using Guid(96d1924215f106046a429eb18ac701bf) Importer(2089858483,d624ce77472d68a35037170ec1d2d27e) (ScriptedImporter) -> (artifact id: '7068ffbf698d6675d16a92606009d8b6') in 0.0224709 seconds
Number of updated asset objects reloaded before import = 0Number of asset objects unloaded after import = 1

========================================================================
Received Import Request.
  Time since last request: 0.000028 seconds.
  path: Assets/TextMesh Pro/Shaders/TMP_Bitmap-Custom-Atlas.shader
  artifactKey: Guid(48bb5f55d8670e349b6e614913f9d910) Importer(2089858483,d624ce77472d68a35037170ec1d2d27e)
Start importing Assets/TextMesh Pro/Shaders/TMP_Bitmap-Custom-Atlas.shader using Guid(48bb5f55d8670e349b6e614913f9d910) Importer(2089858483,d624ce77472d68a35037170ec1d2d27e) (ScriptedImporter) -> (artifact id: 'ea01a986590e9915f50df18f974ea24e') in 0.0132536 seconds
Number of updated asset objects reloaded before import = 0Number of asset objects unloaded after import = 1

========================================================================
Received Import Request.
  Time since last request: 0.000019 seconds.
  path: Assets/TextMesh Pro/Shaders/TMPro_Surface.cginc
  artifactKey: Guid(d930090c0cd643c7b55f19a38538c162) Importer(2089858483,d624ce77472d68a35037170ec1d2d27e)
Start importing Assets/TextMesh Pro/Shaders/TMPro_Surface.cginc using Guid(d930090c0cd643c7b55f19a38538c162) Importer(2089858483,d624ce77472d68a35037170ec1d2d27e) (ScriptedImporter) -> (artifact id: 'a2991f68638a1018de6dcd356209010c') in 0.0116924 seconds
Number of updated asset objects reloaded before import = 0Number of asset objects unloaded after import = 1

========================================================================
Received Import Request.
  Time since last request: 0.000017 seconds.
  path: Assets/TextMesh Pro/Shaders/TMP_SDF-Mobile.shader
  artifactKey: Guid(fe393ace9b354375a9cb14cdbbc28be4) Importer(2089858483,d624ce77472d68a35037170ec1d2d27e)
Start importing Assets/TextMesh Pro/Shaders/TMP_SDF-Mobile.shader using Guid(fe393ace9b354375a9cb14cdbbc28be4) Importer(2089858483,d624ce77472d68a35037170ec1d2d27e) (ScriptedImporter) -> (artifact id: '42d5419784911a26f6f05052bced221e') in 0.0126234 seconds
Number of updated asset objects reloaded before import = 0Number of asset objects unloaded after import = 1

========================================================================
Received Import Request.
  Time since last request: 0.000017 seconds.
  path: Assets/ModAssets/Fonts/PressStart2P-Regular SDF.asset
  artifactKey: Guid(88003508be39e449cb51c48494e680cf) Importer(2089858483,d624ce77472d68a35037170ec1d2d27e)
Start importing Assets/ModAssets/Fonts/PressStart2P-Regular SDF.asset using Guid(88003508be39e449cb51c48494e680cf) Importer(2089858483,d624ce77472d68a35037170ec1d2d27e) (ScriptedImporter) -> (artifact id: 'b324e95ceb1d1365523addd332f75d93') in 0.0222888 seconds
Number of updated asset objects reloaded before import = 0Number of asset objects unloaded after import = 3

========================================================================
Received Import Request.
  Time since last request: 0.000032 seconds.
  path: Assets/AddOns/MgFPS_Enemy_Boss/Materials/Detection_Module_Laser01.mat
  artifactKey: Guid(400b3ab1818e76f48b208f9130f31ba9) Importer(2089858483,d624ce77472d68a35037170ec1d2d27e)
Start importing Assets/AddOns/MgFPS_Enemy_Boss/Materials/Detection_Module_Laser01.mat using Guid(400b3ab1818e76f48b208f9130f31ba9) Importer(2089858483,d624ce77472d68a35037170ec1d2d27e) (ScriptedImporter) -> (artifact id: 'aa54459764ad9405af9c6cafa4df0c1d') in 0.0151426 seconds
Number of updated asset objects reloaded before import = 0Number of asset objects unloaded after import = 2

========================================================================
Received Import Request.
  Time since last request: 0.000018 seconds.
  path: Assets/AddOns/MgFPS_Aurous/Aurous_Animation/Weapon_Aurous.controller
  artifactKey: Guid(5cd227f4350789646b79a96538f28864) Importer(2089858483,d624ce77472d68a35037170ec1d2d27e)
Start importing Assets/AddOns/MgFPS_Aurous/Aurous_Animation/Weapon_Aurous.controller using Guid(5cd227f4350789646b79a96538f28864) Importer(2089858483,d624ce77472d68a35037170ec1d2d27e) (ScriptedImporter) -> (artifact id: '9a60dffe7cbad77c83d94b1820df7a51') in 0.0140678 seconds
Number of updated asset objects reloaded before import = 0Number of asset objects unloaded after import = 9

========================================================================
Received Import Request.
  Time since last request: 0.000017 seconds.
  path: Assets/AddOns/MgFPS_BossRemixSFX/Detection/BossRmx_TVModule_EnemyDetected02.ogg
  artifactKey: Guid(1bd49bc7baa91304c9635f7a29740aa1) Importer(2089858483,d624ce77472d68a35037170ec1d2d27e)
Start importing Assets/AddOns/MgFPS_BossRemixSFX/Detection/BossRmx_TVModule_EnemyDetected02.ogg using Guid(1bd49bc7baa91304c9635f7a29740aa1) Importer(2089858483,d624ce77472d68a35037170ec1d2d27e) (ScriptedImporter) -> (artifact id: 'c089854e967a8d41a8e0b8dcfa1d3552') in 0.0287792 seconds
Number of updated asset objects reloaded before import = 0Number of asset objects unloaded after import = 1

========================================================================
Received Import Request.
  Time since last request: 0.000016 seconds.
  path: Assets/AddOns/Mg3D_Animated_Sci-fi/Meshes/SA_MechanicalArm_06.asset
  artifactKey: Guid(b0c5bbfee139f1f48a16ccbab6c5fab4) Importer(2089858483,d624ce77472d68a35037170ec1d2d27e)
Start importing Assets/AddOns/Mg3D_Animated_Sci-fi/Meshes/SA_MechanicalArm_06.asset using Guid(b0c5bbfee139f1f48a16ccbab6c5fab4) Importer(2089858483,d624ce77472d68a35037170ec1d2d27e) (ScriptedImporter) -> (artifact id: 'bec6df1bbaa2f85e2e29afe83df8fd80') in 0.0129153 seconds
Number of updated asset objects reloaded before import = 0Number of asset objects unloaded after import = 1

========================================================================
Received Import Request.
  Time since last request: 0.000031 seconds.
  path: Assets/AddOns/Mg3D_Animated_Sci-fi/Meshes/Artillery_01_Gun.asset
  artifactKey: Guid(e687e73a80aba6741b0964550ee0670e) Importer(2089858483,d624ce77472d68a35037170ec1d2d27e)
Start importing Assets/AddOns/Mg3D_Animated_Sci-fi/Meshes/Artillery_01_Gun.asset using Guid(e687e73a80aba6741b0964550ee0670e) Importer(2089858483,d624ce77472d68a35037170ec1d2d27e) (ScriptedImporter) -> (artifact id: '165a1bfe192a18dbffc4ec6f0260adb6') in 0.0146476 seconds
Number of updated asset objects reloaded before import = 0Number of asset objects unloaded after import = 1

========================================================================
Received Import Request.
  Time since last request: 0.000020 seconds.
  path: Assets/AddOns/Mg3D_Animated_Sci-fi/Meshes/Generator_01_engine.asset
  artifactKey: Guid(e9b40646e4b460c46a09254c72080401) Importer(2089858483,d624ce77472d68a35037170ec1d2d27e)
Start importing Assets/AddOns/Mg3D_Animated_Sci-fi/Meshes/Generator_01_engine.asset using Guid(e9b40646e4b460c46a09254c72080401) Importer(2089858483,d624ce77472d68a35037170ec1d2d27e) (ScriptedImporter) -> (artifact id: '4fe004ea36ffc80ed4106b3eaef6a923') in 0.0152742 seconds
Number of updated asset objects reloaded before import = 0Number of asset objects unloaded after import = 1

========================================================================
Received Import Request.
  Time since last request: 0.000021 seconds.
  path: Assets/AddOns/Mg3D_Animated_Sci-fi/Meshes/SA_MechanicalArm_05.asset
  artifactKey: Guid(3219177e898770242ab2e7370af07b69) Importer(2089858483,d624ce77472d68a35037170ec1d2d27e)
Start importing Assets/AddOns/Mg3D_Animated_Sci-fi/Meshes/SA_MechanicalArm_05.asset using Guid(3219177e898770242ab2e7370af07b69) Importer(2089858483,d624ce77472d68a35037170ec1d2d27e) (ScriptedImporter) -> (artifact id: '79371d19366abf1d0ba07284f9299afd') in 0.0148457 seconds
Number of updated asset objects reloaded before import = 0Number of asset objects unloaded after import = 1

========================================================================
Received Import Request.
  Time since last request: 0.000023 seconds.
  path: Assets/AddOns/Mg3D_Animated_Sci-fi/Materials/MachineBlue.mat
  artifactKey: Guid(3b1902cf581e782438ddf0a88d2fcf50) Importer(2089858483,d624ce77472d68a35037170ec1d2d27e)
Start importing Assets/AddOns/Mg3D_Animated_Sci-fi/Materials/MachineBlue.mat using Guid(3b1902cf581e782438ddf0a88d2fcf50) Importer(2089858483,d624ce77472d68a35037170ec1d2d27e) (ScriptedImporter) -> (artifact id: 'da36049c5837b52e7843bd574c1fda34') in 0.0142548 seconds
Number of updated asset objects reloaded before import = 0Number of asset objects unloaded after import = 1

========================================================================
Received Import Request.
  Time since last request: 0.000028 seconds.
  path: Assets/AddOns/Mg3D_Animated_Sci-fi/Meshes/SA_MechanicalArm_03.asset
  artifactKey: Guid(1ad3570eccc2ba1438fe8473972e0659) Importer(2089858483,d624ce77472d68a35037170ec1d2d27e)
Start importing Assets/AddOns/Mg3D_Animated_Sci-fi/Meshes/SA_MechanicalArm_03.asset using Guid(1ad3570eccc2ba1438fe8473972e0659) Importer(2089858483,d624ce77472d68a35037170ec1d2d27e) (ScriptedImporter) -> (artifact id: '9effe7dbe44425f78083262eaf638ea5') in 0.0142832 seconds
Number of updated asset objects reloaded before import = 0Number of asset objects unloaded after import = 1

========================================================================
Received Import Request.
  Time since last request: 0.000016 seconds.
  path: Assets/AddOns/Mg3D_Animated_Sci-fi/Materials/Red.mat
  artifactKey: Guid(8d516a09f86d2494ab836bfcb0892d75) Importer(2089858483,d624ce77472d68a35037170ec1d2d27e)
Start importing Assets/AddOns/Mg3D_Animated_Sci-fi/Materials/Red.mat using Guid(8d516a09f86d2494ab836bfcb0892d75) Importer(2089858483,d624ce77472d68a35037170ec1d2d27e) (ScriptedImporter) -> (artifact id: '530f63d90e3a5f7153266ec72ec7272f') in 0.0143764 seconds
Number of updated asset objects reloaded before import = 0Number of asset objects unloaded after import = 1

========================================================================
Received Import Request.
  Time since last request: 0.000014 seconds.
  path: Assets/AddOns/MgFPS_BossRemixSFX/Detection/BossRmx_Radar.ogg
  artifactKey: Guid(35cb112db0b35414188152030d3e0f7c) Importer(2089858483,d624ce77472d68a35037170ec1d2d27e)
Start importing Assets/AddOns/MgFPS_BossRemixSFX/Detection/BossRmx_Radar.ogg using Guid(35cb112db0b35414188152030d3e0f7c) Importer(2089858483,d624ce77472d68a35037170ec1d2d27e) (ScriptedImporter) -> (artifact id: '8ce0d7ac52497dbea5962298ac2c72c1') in 0.0236607 seconds
Number of updated asset objects reloaded before import = 0Number of asset objects unloaded after import = 1

========================================================================
Received Import Request.
  Time since last request: 0.000020 seconds.
  path: Assets/AddOns/MgFPS_BossRemixSFX/Detection/BossRmx_TVModule_Hurt.ogg
  artifactKey: Guid(76120701feac28944b5b95f9ff02199e) Importer(2089858483,d624ce77472d68a35037170ec1d2d27e)
Start importing Assets/AddOns/MgFPS_BossRemixSFX/Detection/BossRmx_TVModule_Hurt.ogg using Guid(76120701feac28944b5b95f9ff02199e) Importer(2089858483,d624ce77472d68a35037170ec1d2d27e) (ScriptedImporter) -> (artifact id: '3beebe6609c02348c03d12d582068d7f') in 0.0238973 seconds
Number of updated asset objects reloaded before import = 0Number of asset objects unloaded after import = 1

========================================================================
Received Import Request.
  Time since last request: 0.000026 seconds.
  path: Assets/AddOns/Mg3D_Animated_Sci-fi/Meshes/Pod_Arm_R_03_snaps012.asset
  artifactKey: Guid(1826c3d69c5db844fb7f9db79b7ce189) Importer(2089858483,d624ce77472d68a35037170ec1d2d27e)
Start importing Assets/AddOns/Mg3D_Animated_Sci-fi/Meshes/Pod_Arm_R_03_snaps012.asset using Guid(1826c3d69c5db844fb7f9db79b7ce189) Importer(2089858483,d624ce77472d68a35037170ec1d2d27e) (ScriptedImporter) -> (artifact id: '6cf66a68ed8a080303f7ecf5018761a1') in 0.0131565 seconds
Number of updated asset objects reloaded before import = 0Number of asset objects unloaded after import = 1

========================================================================
Received Import Request.
  Time since last request: 0.000016 seconds.
  path: Assets/AddOns/Mg3D_Animated_Sci-fi/Prefabs/Generator_01_Animated.prefab
  artifactKey: Guid(fffc74061a181af43914f9a2b3ee3767) Importer(2089858483,d624ce77472d68a35037170ec1d2d27e)
Start importing Assets/AddOns/Mg3D_Animated_Sci-fi/Prefabs/Generator_01_Animated.prefab using Guid(fffc74061a181af43914f9a2b3ee3767) Importer(2089858483,d624ce77472d68a35037170ec1d2d27e) (ScriptedImporter) -> (artifact id: '85f6e33a8e61fc54d2c4ccab453c2cf5') in 0.0197074 seconds
Number of updated asset objects reloaded before import = 0Number of asset objects unloaded after import = 19

========================================================================
Received Import Request.
  Time since last request: 0.000018 seconds.
  path: Assets/AddOns/Mg3D_Animated_Sci-fi/Meshes/SA_MechanicalArm_Claw_01.asset
  artifactKey: Guid(c1d7b6c6310056246b7e2506902856ba) Importer(2089858483,d624ce77472d68a35037170ec1d2d27e)
Start importing Assets/AddOns/Mg3D_Animated_Sci-fi/Meshes/SA_MechanicalArm_Claw_01.asset using Guid(c1d7b6c6310056246b7e2506902856ba) Importer(2089858483,d624ce77472d68a35037170ec1d2d27e) (ScriptedImporter) -> (artifact id: 'b173d8670fbf58256681a0d1580d8c78') in 0.0139222 seconds
Number of updated asset objects reloaded before import = 0Number of asset objects unloaded after import = 1

========================================================================
Received Import Request.
  Time since last request: 0.000020 seconds.
  path: Assets/AddOns/MgFPS_Enemy_Boss/Scenes/DemoFPSBoss.unity
  artifactKey: Guid(f0dab496603843845acb19dc1dfbf965) Importer(2089858483,d624ce77472d68a35037170ec1d2d27e)
Start importing Assets/AddOns/MgFPS_Enemy_Boss/Scenes/DemoFPSBoss.unity using Guid(f0dab496603843845acb19dc1dfbf965) Importer(2089858483,d624ce77472d68a35037170ec1d2d27e) (ScriptedImporter) -> (artifact id: '948f24bb49d780f4193a38493dabfcea') in 0.0125856 seconds
Number of updated asset objects reloaded before import = 0Number of asset objects unloaded after import = 1

========================================================================
Received Import Request.
  Time since last request: 0.000026 seconds.
  path: Assets/AddOns/MgFPS_Enemy_Boss/Models/Detection_Module_Laser03_R.fbx
  artifactKey: Guid(f977d5b576614c04ca9d62c927bcb7d5) Importer(2089858483,d624ce77472d68a35037170ec1d2d27e)
Start importing Assets/AddOns/MgFPS_Enemy_Boss/Models/Detection_Module_Laser03_R.fbx using Guid(f977d5b576614c04ca9d62c927bcb7d5) Importer(2089858483,d624ce77472d68a35037170ec1d2d27e) (ScriptedImporter) -> (artifact id: '7b37d5869f0dc4897a951f105e79fd0a') in 0.0213814 seconds
Number of updated asset objects reloaded before import = 0Number of asset objects unloaded after import = 26

========================================================================
Received Import Request.
  Time since last request: 0.000017 seconds.
  path: Assets/AddOns/MgFPS_Enemy_Boss/Materials/Weapon_Module_RocketLauncher_Slot3.mat
  artifactKey: Guid(be6f0caa8ff28564b9f7b5fa3ac5d9a0) Importer(2089858483,d624ce77472d68a35037170ec1d2d27e)
Start importing Assets/AddOns/MgFPS_Enemy_Boss/Materials/Weapon_Module_RocketLauncher_Slot3.mat using Guid(be6f0caa8ff28564b9f7b5fa3ac5d9a0) Importer(2089858483,d624ce77472d68a35037170ec1d2d27e) (ScriptedImporter) -> (artifact id: '2fc0abbafe080d0b43270d4c81efd1b6') in 0.0151588 seconds
Number of updated asset objects reloaded before import = 0Number of asset objects unloaded after import = 1

========================================================================
Received Import Request.
  Time since last request: 0.000016 seconds.
  path: Assets/AddOns/MgFPS_Enemy_Boss/Prefabs/Detection_Module_Laser02_R.prefab
  artifactKey: Guid(9a57ff4add5be2347814e29706a42db2) Importer(2089858483,d624ce77472d68a35037170ec1d2d27e)
Start importing Assets/AddOns/MgFPS_Enemy_Boss/Prefabs/Detection_Module_Laser02_R.prefab using Guid(9a57ff4add5be2347814e29706a42db2) Importer(2089858483,d624ce77472d68a35037170ec1d2d27e) (ScriptedImporter) -> (artifact id: 'c8ed92d95dc50735e1f9ea525e42223d') in 0.0149474 seconds
Number of updated asset objects reloaded before import = 0Number of asset objects unloaded after import = 28

========================================================================
Received Import Request.
  Time since last request: 0.000022 seconds.
  path: Assets/AddOns/MgFPS_Enemy_Boss/Materials/VFX_Railgun_FocusPoint.mat
  artifactKey: Guid(5e8170e9c1c92764280b2649f7a426ba) Importer(2089858483,d624ce77472d68a35037170ec1d2d27e)
Start importing Assets/AddOns/MgFPS_Enemy_Boss/Materials/VFX_Railgun_FocusPoint.mat using Guid(5e8170e9c1c92764280b2649f7a426ba) Importer(2089858483,d624ce77472d68a35037170ec1d2d27e) (ScriptedImporter) -> (artifact id: 'a377f9242b0650e214671975e41a8bb1') in 0.0160226 seconds
Number of updated asset objects reloaded before import = 0Number of asset objects unloaded after import = 1

========================================================================
Received Import Request.
  Time since last request: 0.000028 seconds.
  path: Assets/AddOns/MgFPS_Enemy_Boss/Materials/Weapon_Module_Railgun.mat
  artifactKey: Guid(a24cef88cba1f5341bc5764f36b6ad23) Importer(2089858483,d624ce77472d68a35037170ec1d2d27e)
Start importing Assets/AddOns/MgFPS_Enemy_Boss/Materials/Weapon_Module_Railgun.mat using Guid(a24cef88cba1f5341bc5764f36b6ad23) Importer(2089858483,d624ce77472d68a35037170ec1d2d27e) (ScriptedImporter) -> (artifact id: '9e1d7ddf19b4e78c0546af426c3e4b2a') in 0.0143054 seconds
Number of updated asset objects reloaded before import = 0Number of asset objects unloaded after import = 2

========================================================================
Received Import Request.
  Time since last request: 0.000020 seconds.
  path: Assets/AddOns/MgFPS_Enemy_Boss/Models/Weapon_Module_PhotonCannon_R.fbx
  artifactKey: Guid(7b39179453f397f48a978d6abc072945) Importer(2089858483,d624ce77472d68a35037170ec1d2d27e)
Start importing Assets/AddOns/MgFPS_Enemy_Boss/Models/Weapon_Module_PhotonCannon_R.fbx using Guid(7b39179453f397f48a978d6abc072945) Importer(2089858483,d624ce77472d68a35037170ec1d2d27e) (ScriptedImporter) -> (artifact id: '9e9c54f99e28528d3490d184d0b1f6ee') in 0.0176134 seconds
Number of updated asset objects reloaded before import = 0Number of asset objects unloaded after import = 50

========================================================================
Received Import Request.
  Time since last request: 0.000019 seconds.
  path: Assets/AddOns/MgFPS_Enemy_Boss/Models/Enemy_Boss.fbx
  artifactKey: Guid(0dc652d4cee120f49bd76fe57c693052) Importer(2089858483,d624ce77472d68a35037170ec1d2d27e)
Start importing Assets/AddOns/MgFPS_Enemy_Boss/Models/Enemy_Boss.fbx using Guid(0dc652d4cee120f49bd76fe57c693052) Importer(2089858483,d624ce77472d68a35037170ec1d2d27e) (ScriptedImporter) -> (artifact id: '2dc760c1d850a03df886f94e1de9a084') in 0.0186477 seconds
Number of updated asset objects reloaded before import = 0Number of asset objects unloaded after import = 44

========================================================================
Received Import Request.
  Time since last request: 0.000019 seconds.
  path: Assets/AddOns/MgFPS_Enemy_Boss/Prefabs/Navigation_Module_SingleJet.prefab
  artifactKey: Guid(14230079d28d0bc448ef2cf82a64685d) Importer(2089858483,d624ce77472d68a35037170ec1d2d27e)
Start importing Assets/AddOns/MgFPS_Enemy_Boss/Prefabs/Navigation_Module_SingleJet.prefab using Guid(14230079d28d0bc448ef2cf82a64685d) Importer(2089858483,d624ce77472d68a35037170ec1d2d27e) (ScriptedImporter) -> (artifact id: '446d97f240530ee16694dea1e2c35814') in 0.0142145 seconds
Number of updated asset objects reloaded before import = 0Number of asset objects unloaded after import = 22

========================================================================
Received Import Request.
  Time since last request: 0.000028 seconds.
  path: Assets/AddOns/MgFPS_Enemy_Boss/Models/Detection_Module_Laser01_R.fbx
  artifactKey: Guid(7f37241b427ce0e4699e538320f8c694) Importer(2089858483,d624ce77472d68a35037170ec1d2d27e)
Start importing Assets/AddOns/MgFPS_Enemy_Boss/Models/Detection_Module_Laser01_R.fbx using Guid(7f37241b427ce0e4699e538320f8c694) Importer(2089858483,d624ce77472d68a35037170ec1d2d27e) (ScriptedImporter) -> (artifact id: '497ed94e2e7de6a57c2c92c9287bc2c3') in 0.0173769 seconds
Number of updated asset objects reloaded before import = 0Number of asset objects unloaded after import = 20

========================================================================
Received Import Request.
  Time since last request: 0.000023 seconds.
  path: Assets/AddOns/MgFPS_Enemy_Boss/Prefabs/Detection_Module_SpinningRadar_L.prefab
  artifactKey: Guid(280633f5eb2f59f41b7c33c6e2fd79f9) Importer(2089858483,d624ce77472d68a35037170ec1d2d27e)
Start importing Assets/AddOns/MgFPS_Enemy_Boss/Prefabs/Detection_Module_SpinningRadar_L.prefab using Guid(280633f5eb2f59f41b7c33c6e2fd79f9) Importer(2089858483,d624ce77472d68a35037170ec1d2d27e) (ScriptedImporter) -> (artifact id: '85dd6a1d6356ba5d2f1fcb5f1c8f04ae') in 0.0148845 seconds
Number of updated asset objects reloaded before import = 0Number of asset objects unloaded after import = 22

========================================================================
Received Import Request.
  Time since last request: 0.000015 seconds.
  path: Assets/AddOns/MgFPS_Enemy_Boss/Prefabs/Navigation_Module_TwinBladeJets.prefab
  artifactKey: Guid(c123bdcb469c6f44fb4eb719f698ca82) Importer(2089858483,d624ce77472d68a35037170ec1d2d27e)
Start importing Assets/AddOns/MgFPS_Enemy_Boss/Prefabs/Navigation_Module_TwinBladeJets.prefab using Guid(c123bdcb469c6f44fb4eb719f698ca82) Importer(2089858483,d624ce77472d68a35037170ec1d2d27e) (ScriptedImporter) -> (artifact id: '955fb6cb03d9d6e5547765e375a50fba') in 0.0149186 seconds
Number of updated asset objects reloaded before import = 0Number of asset objects unloaded after import = 28

========================================================================
Received Import Request.
  Time since last request: 0.000021 seconds.
  path: Assets/AddOns/MgFPS_Enemy_Boss/Models/Detection_Module_TV_L.fbx
  artifactKey: Guid(a1f6d7cdf5b6660488fce0e05f422f5d) Importer(2089858483,d624ce77472d68a35037170ec1d2d27e)
Start importing Assets/AddOns/MgFPS_Enemy_Boss/Models/Detection_Module_TV_L.fbx using Guid(a1f6d7cdf5b6660488fce0e05f422f5d) Importer(2089858483,d624ce77472d68a35037170ec1d2d27e) (ScriptedImporter) -> (artifact id: '0fa1b69f50e6b9cd510de427576ce00f') in 0.0192375 seconds
Number of updated asset objects reloaded before import = 0Number of asset objects unloaded after import = 18

========================================================================
Received Import Request.
  Time since last request: 0.000026 seconds.
  path: Assets/AddOns/MgFPS_Enemy_Boss/Scenes/DemoFPSBossSettings.lighting
  artifactKey: Guid(e8263a944ee058d479fddf8e046a708e) Importer(2089858483,d624ce77472d68a35037170ec1d2d27e)
Start importing Assets/AddOns/MgFPS_Enemy_Boss/Scenes/DemoFPSBossSettings.lighting using Guid(e8263a944ee058d479fddf8e046a708e) Importer(2089858483,d624ce77472d68a35037170ec1d2d27e) (ScriptedImporter)LightingSettings: switching bake backend from 2 to 1.
 -> (artifact id: '6a515e3cd5fcbb972046e9f7fb36a95a') in 0.0261958 seconds
Number of updated asset objects reloaded before import = 0Number of asset objects unloaded after import = 1

========================================================================
Received Import Request.
  Time since last request: 0.000016 seconds.
  path: Assets/AddOns/MgFPS_Enemy_Boss/Textures/Detection_Module_Laser03_AlbedoTransparency.png
  artifactKey: Guid(3859817cc82029442a6b8495b307d842) Importer(2089858483,d624ce77472d68a35037170ec1d2d27e)
Start importing Assets/AddOns/MgFPS_Enemy_Boss/Textures/Detection_Module_Laser03_AlbedoTransparency.png using Guid(3859817cc82029442a6b8495b307d842) Importer(2089858483,d624ce77472d68a35037170ec1d2d27e) (ScriptedImporter) -> (artifact id: 'd826ad41e6b1866ae205245c1ff91e32') in 0.0158814 seconds
Number of updated asset objects reloaded before import = 0Number of asset objects unloaded after import = 1

========================================================================
Received Import Request.
  Time since last request: 0.000015 seconds.
  path: Assets/AddOns/MgFPS_Enemy_Boss/Textures/MuzzleFlash_Circle.png
  artifactKey: Guid(1e2e94380ef55b043bbdf8634841c358) Importer(2089858483,d624ce77472d68a35037170ec1d2d27e)
Start importing Assets/AddOns/MgFPS_Enemy_Boss/Textures/MuzzleFlash_Circle.png using Guid(1e2e94380ef55b043bbdf8634841c358) Importer(2089858483,d624ce77472d68a35037170ec1d2d27e) (ScriptedImporter) -> (artifact id: '51aaa35bf8fc9ae7d19ae099ef54396c') in 0.0153611 seconds
Number of updated asset objects reloaded before import = 0Number of asset objects unloaded after import = 1

========================================================================
Received Import Request.
  Time since last request: 0.000019 seconds.
  path: Assets/AddOns/MgFPS_Enemy_Boss/Textures/Detection_Module_TV_Idle_Albedo02.png
  artifactKey: Guid(6f59e056f7240754fb58befd6a2bc75e) Importer(2089858483,d624ce77472d68a35037170ec1d2d27e)
Start importing Assets/AddOns/MgFPS_Enemy_Boss/Textures/Detection_Module_TV_Idle_Albedo02.png using Guid(6f59e056f7240754fb58befd6a2bc75e) Importer(2089858483,d624ce77472d68a35037170ec1d2d27e) (ScriptedImporter) -> (artifact id: '41192003cdfbf331c7fb0cd3373b2de9') in 0.0156494 seconds
Number of updated asset objects reloaded before import = 0Number of asset objects unloaded after import = 1

========================================================================
Received Import Request.
  Time since last request: 0.000026 seconds.
  path: Assets/AddOns/MgFPS_Enemy_Boss_Skins/Textures/EnemyBoss_Royal_Emission.png
  artifactKey: Guid(f62f7f3f2fcbf50479f6847e1a84fb2c) Importer(2089858483,d624ce77472d68a35037170ec1d2d27e)
Start importing Assets/AddOns/MgFPS_Enemy_Boss_Skins/Textures/EnemyBoss_Royal_Emission.png using Guid(f62f7f3f2fcbf50479f6847e1a84fb2c) Importer(2089858483,d624ce77472d68a35037170ec1d2d27e) (ScriptedImporter) -> (artifact id: '55c15500a9c524a295a675774dbeb597') in 0.0177902 seconds
Number of updated asset objects reloaded before import = 0Number of asset objects unloaded after import = 1

========================================================================
Received Import Request.
  Time since last request: 0.000017 seconds.
  path: Assets/AddOns/MgFPS_Enemy_Boss/Textures/Detection_Module_TV_Albedo.png
  artifactKey: Guid(aa935805a9db18c43a973317c701cc7d) Importer(2089858483,d624ce77472d68a35037170ec1d2d27e)
Start importing Assets/AddOns/MgFPS_Enemy_Boss/Textures/Detection_Module_TV_Albedo.png using Guid(aa935805a9db18c43a973317c701cc7d) Importer(2089858483,d624ce77472d68a35037170ec1d2d27e) (ScriptedImporter) -> (artifact id: 'a14c185de4cf388c448c2c6f8d1e59ea') in 0.0197368 seconds
Number of updated asset objects reloaded before import = 0Number of asset objects unloaded after import = 1

========================================================================
Received Import Request.
  Time since last request: 0.000018 seconds.
  path: Assets/AddOns/MgFPS_Enemy_Boss/Scripts/RailgunEffectsHandler.cs
  artifactKey: Guid(db19afc19248d5047b5fd0f775651cb2) Importer(2089858483,d624ce77472d68a35037170ec1d2d27e)
Start importing Assets/AddOns/MgFPS_Enemy_Boss/Scripts/RailgunEffectsHandler.cs using Guid(db19afc19248d5047b5fd0f775651cb2) Importer(2089858483,d624ce77472d68a35037170ec1d2d27e) (ScriptedImporter) -> (artifact id: 'bbfe3026c3151c7cf0826a3de86ccd61') in 0.0127612 seconds
Number of updated asset objects reloaded before import = 0Number of asset objects unloaded after import = 0

========================================================================
Received Import Request.
  Time since last request: 0.000020 seconds.
  path: Assets/AddOns/MgFPS_Enemy_Boss_Skins/Textures/Detection_Module_TV_Royal_Normal.png
  artifactKey: Guid(051978e3ca780a14c8ad7a42080cb4f1) Importer(2089858483,d624ce77472d68a35037170ec1d2d27e)
Start importing Assets/AddOns/MgFPS_Enemy_Boss_Skins/Textures/Detection_Module_TV_Royal_Normal.png using Guid(051978e3ca780a14c8ad7a42080cb4f1) Importer(2089858483,d624ce77472d68a35037170ec1d2d27e) (ScriptedImporter) -> (artifact id: 'ee5402b13103024ab56b8d25d0ae32a2') in 0.0182254 seconds
Number of updated asset objects reloaded before import = 0Number of asset objects unloaded after import = 1

========================================================================
Received Import Request.
  Time since last request: 0.000030 seconds.
  path: Assets/AddOns/MgFPS_Enemy_Boss_Skins/Materials/Weapon_Module_RocketLauncher_Slot3_Royal.mat
  artifactKey: Guid(e9c981c8d94300747b90f3d09773d07a) Importer(2089858483,d624ce77472d68a35037170ec1d2d27e)
Start importing Assets/AddOns/MgFPS_Enemy_Boss_Skins/Materials/Weapon_Module_RocketLauncher_Slot3_Royal.mat using Guid(e9c981c8d94300747b90f3d09773d07a) Importer(2089858483,d624ce77472d68a35037170ec1d2d27e) (ScriptedImporter) -> (artifact id: '60c087148f064c8b14af106b41c06e82') in 0.0225615 seconds
Number of updated asset objects reloaded before import = 0Number of asset objects unloaded after import = 4

========================================================================
Received Import Request.
  Time since last request: 0.000018 seconds.
  path: Assets/AddOns/MgFPS_Enemy_Boss_Skins/Textures/Detection_Module_Laser01_Royal_AlbedoTransparency.png
  artifactKey: Guid(06e69420bc1b1c942bbba82b880d48e9) Importer(2089858483,d624ce77472d68a35037170ec1d2d27e)
Start importing Assets/AddOns/MgFPS_Enemy_Boss_Skins/Textures/Detection_Module_Laser01_Royal_AlbedoTransparency.png using Guid(06e69420bc1b1c942bbba82b880d48e9) Importer(2089858483,d624ce77472d68a35037170ec1d2d27e) (ScriptedImporter) -> (artifact id: '9edb1b16d44e48fd3fc9106bb3c27e42') in 0.0168122 seconds
Number of updated asset objects reloaded before import = 0Number of asset objects unloaded after import = 1

========================================================================
Received Import Request.
  Time since last request: 0.000016 seconds.
  path: Assets/AddOns/MgFPS_Enemy_Boss/Textures/Detection_Module_TV_Attack_Albedo.png
  artifactKey: Guid(a90bcecc1cd41954091c06ab4f08db62) Importer(2089858483,d624ce77472d68a35037170ec1d2d27e)
Start importing Assets/AddOns/MgFPS_Enemy_Boss/Textures/Detection_Module_TV_Attack_Albedo.png using Guid(a90bcecc1cd41954091c06ab4f08db62) Importer(2089858483,d624ce77472d68a35037170ec1d2d27e) (ScriptedImporter) -> (artifact id: '941db72a1cdcda6f4623ee0cf36396f8') in 0.0155375 seconds
Number of updated asset objects reloaded before import = 0Number of asset objects unloaded after import = 1

========================================================================
Received Import Request.
  Time since last request: 0.000021 seconds.
  path: Assets/AddOns/MgFPS_Enemy_Boss/Textures/Detection_Module_TV_Detection_Albedo02.png
  artifactKey: Guid(835c1905f2bbfad41a2165f8b3b38e3c) Importer(2089858483,d624ce77472d68a35037170ec1d2d27e)
Start importing Assets/AddOns/MgFPS_Enemy_Boss/Textures/Detection_Module_TV_Detection_Albedo02.png using Guid(835c1905f2bbfad41a2165f8b3b38e3c) Importer(2089858483,d624ce77472d68a35037170ec1d2d27e) (ScriptedImporter) -> (artifact id: 'e95e403877c9aa29b192d7225ad2e4e3') in 0.0165423 seconds
Number of updated asset objects reloaded before import = 0Number of asset objects unloaded after import = 1

========================================================================
Received Import Request.
  Time since last request: 0.000028 seconds.
  path: Assets/AddOns/MgFPS_Enemy_Boss_Skins/Textures/Detection_Module_Laser03_Royal_AlbedoTransparency.png
  artifactKey: Guid(f64b87cb8bff8e7459b869c0bb961800) Importer(2089858483,d624ce77472d68a35037170ec1d2d27e)
Start importing Assets/AddOns/MgFPS_Enemy_Boss_Skins/Textures/Detection_Module_Laser03_Royal_AlbedoTransparency.png using Guid(f64b87cb8bff8e7459b869c0bb961800) Importer(2089858483,d624ce77472d68a35037170ec1d2d27e) (ScriptedImporter) -> (artifact id: '98792f3b7a3a02ad6e01099749959132') in 0.0177244 seconds
Number of updated asset objects reloaded before import = 0Number of asset objects unloaded after import = 1

========================================================================
Received Import Request.
  Time since last request: 0.000013 seconds.
  path: Assets/AddOns/MgFPS_Enemy_Boss_Skins/Textures/Navigation_Module_TwinBladeJets_Royal_MetallicSmoothness.png
  artifactKey: Guid(2d2a745c9b51c7340b99906e0724d678) Importer(2089858483,d624ce77472d68a35037170ec1d2d27e)
Start importing Assets/AddOns/MgFPS_Enemy_Boss_Skins/Textures/Navigation_Module_TwinBladeJets_Royal_MetallicSmoothness.png using Guid(2d2a745c9b51c7340b99906e0724d678) Importer(2089858483,d624ce77472d68a35037170ec1d2d27e) (ScriptedImporter) -> (artifact id: '438347007ee3a986e00f05fcb12ea18a') in 0.0772737 seconds
Number of updated asset objects reloaded before import = 0Number of asset objects unloaded after import = 1

========================================================================
Received Import Request.
  Time since last request: 0.000021 seconds.
  path: Assets/AddOns/MgFPS_Haku/Haku_SFX/Haku_Clic.ogg
  artifactKey: Guid(0d335361a92443541a7125e52c9caef2) Importer(2089858483,d624ce77472d68a35037170ec1d2d27e)
Start importing Assets/AddOns/MgFPS_Haku/Haku_SFX/Haku_Clic.ogg using Guid(0d335361a92443541a7125e52c9caef2) Importer(2089858483,d624ce77472d68a35037170ec1d2d27e) (ScriptedImporter) -> (artifact id: '4db6e646b613eeca5096d7043a0fe813') in 0.0334352 seconds
Number of updated asset objects reloaded before import = 0Number of asset objects unloaded after import = 1

========================================================================
Received Import Request.
  Time since last request: 0.000028 seconds.
  path: Assets/AddOns/MgFPS_PlasmaRain/PlasmaRainMeshAndTextures/PlasmaRain_Normal.png
  artifactKey: Guid(96729b5afadce3542b07d9f967db1719) Importer(2089858483,d624ce77472d68a35037170ec1d2d27e)
Start importing Assets/AddOns/MgFPS_PlasmaRain/PlasmaRainMeshAndTextures/PlasmaRain_Normal.png using Guid(96729b5afadce3542b07d9f967db1719) Importer(2089858483,d624ce77472d68a35037170ec1d2d27e) (ScriptedImporter) -> (artifact id: 'a64c3a05f25307a315c9d6643bc8fe73') in 0.0171142 seconds
Number of updated asset objects reloaded before import = 0Number of asset objects unloaded after import = 1

========================================================================
Received Import Request.
  Time since last request: 0.000023 seconds.
  path: Assets/AddOns/MgFPS_Enemy_Boss_Skins/Textures/Navigation_Module_SingleJet_Royal_AlbedoTransparency.png
  artifactKey: Guid(284fcb6d2eec36841bba154ddab5439c) Importer(2089858483,d624ce77472d68a35037170ec1d2d27e)
Start importing Assets/AddOns/MgFPS_Enemy_Boss_Skins/Textures/Navigation_Module_SingleJet_Royal_AlbedoTransparency.png using Guid(284fcb6d2eec36841bba154ddab5439c) Importer(2089858483,d624ce77472d68a35037170ec1d2d27e) (ScriptedImporter) -> (artifact id: 'c0823b0634a39ba096ac9b13c3b9af58') in 0.0171811 seconds
Number of updated asset objects reloaded before import = 0Number of asset objects unloaded after import = 1

========================================================================
Received Import Request.
  Time since last request: 0.000019 seconds.
  path: Assets/AddOns/MgFPS_Enemy_Boss_Skins/Textures/Weapon_Module_PhotonCannon_Royal_Normal.png
  artifactKey: Guid(c2f3388b3f495f84a994b871120f71c0) Importer(2089858483,d624ce77472d68a35037170ec1d2d27e)
Start importing Assets/AddOns/MgFPS_Enemy_Boss_Skins/Textures/Weapon_Module_PhotonCannon_Royal_Normal.png using Guid(c2f3388b3f495f84a994b871120f71c0) Importer(2089858483,d624ce77472d68a35037170ec1d2d27e) (ScriptedImporter) -> (artifact id: 'ae48f8a9597ea49875b3c836a3bd2687') in 0.0182552 seconds
Number of updated asset objects reloaded before import = 0Number of asset objects unloaded after import = 1

========================================================================
Received Import Request.
  Time since last request: 0.000016 seconds.
  path: Assets/AddOns/MgFPS_PlasmaRain/PlasmaRainMeshAndTextures/PlasmaRain_MetallicSmoothness.png
  artifactKey: Guid(24599465b83e177479fd70aeee29dfd6) Importer(2089858483,d624ce77472d68a35037170ec1d2d27e)
Start importing Assets/AddOns/MgFPS_PlasmaRain/PlasmaRainMeshAndTextures/PlasmaRain_MetallicSmoothness.png using Guid(24599465b83e177479fd70aeee29dfd6) Importer(2089858483,d624ce77472d68a35037170ec1d2d27e) (ScriptedImporter) -> (artifact id: '5688ad0299264f9ce5b4d2add7a28ce6') in 0.018802 seconds
Number of updated asset objects reloaded before import = 0Number of asset objects unloaded after import = 1

========================================================================
Received Import Request.
  Time since last request: 0.000021 seconds.
  path: Assets/AddOns/MgFPS_Haku/Haku_SFX/Haku_Unlock.ogg
  artifactKey: Guid(36a5e8e77a19fcb42a6e5f0d2bd74e19) Importer(2089858483,d624ce77472d68a35037170ec1d2d27e)
Start importing Assets/AddOns/MgFPS_Haku/Haku_SFX/Haku_Unlock.ogg using Guid(36a5e8e77a19fcb42a6e5f0d2bd74e19) Importer(2089858483,d624ce77472d68a35037170ec1d2d27e) (ScriptedImporter) -> (artifact id: 'fec0b79ad7541309c03be5f5111511e0') in 0.0335889 seconds
Number of updated asset objects reloaded before import = 0Number of asset objects unloaded after import = 1

========================================================================
Received Import Request.
  Time since last request: 0.000018 seconds.
  path: Assets/AddOns/MgFPS_Fireballer/FireballerMeshesAndTextures/T_Fireballer_Normal.png
  artifactKey: Guid(57baaca950ed0c04fb21b53c1b5e6c0c) Importer(2089858483,d624ce77472d68a35037170ec1d2d27e)
Start importing Assets/AddOns/MgFPS_Fireballer/FireballerMeshesAndTextures/T_Fireballer_Normal.png using Guid(57baaca950ed0c04fb21b53c1b5e6c0c) Importer(2089858483,d624ce77472d68a35037170ec1d2d27e) (ScriptedImporter) -> (artifact id: 'e9a87b603f9e49e87fe2025d5511daf1') in 0.0170275 seconds
Number of updated asset objects reloaded before import = 0Number of asset objects unloaded after import = 1

========================================================================
Received Import Request.
  Time since last request: 0.000017 seconds.
  path: Assets/AddOns/MgFPS_PlasmaRain/PlasmaRainMeshAndTextures/PlasmaRain_MaskMap.png
  artifactKey: Guid(c086848c3db39fe4ca31b4bf75c6a0d5) Importer(2089858483,d624ce77472d68a35037170ec1d2d27e)
Start importing Assets/AddOns/MgFPS_PlasmaRain/PlasmaRainMeshAndTextures/PlasmaRain_MaskMap.png using Guid(c086848c3db39fe4ca31b4bf75c6a0d5) Importer(2089858483,d624ce77472d68a35037170ec1d2d27e) (ScriptedImporter) -> (artifact id: '9f5bf5c2418fed42c774d81bccaf29f3') in 0.0178465 seconds
Number of updated asset objects reloaded before import = 0Number of asset objects unloaded after import = 1

========================================================================
Received Import Request.
  Time since last request: 0.000020 seconds.
  path: Assets/AddOns/MgFPS_Molt/Molt_VFX/VFX_BlobSparks_Molt.prefab
  artifactKey: Guid(c7fed10a0f095d54fbc85858affd7e70) Importer(2089858483,d624ce77472d68a35037170ec1d2d27e)
Start importing Assets/AddOns/MgFPS_Molt/Molt_VFX/VFX_BlobSparks_Molt.prefab using Guid(c7fed10a0f095d54fbc85858affd7e70) Importer(2089858483,d624ce77472d68a35037170ec1d2d27e) (ScriptedImporter) -> (artifact id: 'b7eec48d28f8d8e49adbc706f0dc29f8') in 0.0687528 seconds
Number of updated asset objects reloaded before import = 0Number of asset objects unloaded after import = 6

========================================================================
Received Import Request.
  Time since last request: 0.000029 seconds.
  path: Assets/AddOns/MgFPS_Fireballer/Fireballer_SFX/Fireballer_End.wav
  artifactKey: Guid(732235b1c50703941b9f15061d5b1326) Importer(2089858483,d624ce77472d68a35037170ec1d2d27e)
Start importing Assets/AddOns/MgFPS_Fireballer/Fireballer_SFX/Fireballer_End.wav using Guid(732235b1c50703941b9f15061d5b1326) Importer(2089858483,d624ce77472d68a35037170ec1d2d27e) (ScriptedImporter) -> (artifact id: '36f24c8df87e6cbbaecd559146eba34d') in 0.0246405 seconds
Number of updated asset objects reloaded before import = 0Number of asset objects unloaded after import = 1

========================================================================
Received Import Request.
  Time since last request: 0.000016 seconds.
  path: Assets/AddOns/MgFPS_Quasar/Quasar_VFX/Quasar_Overheat.prefab
  artifactKey: Guid(1823f40ba0fd70a408e67e0751f517b7) Importer(2089858483,d624ce77472d68a35037170ec1d2d27e)
Start importing Assets/AddOns/MgFPS_Quasar/Quasar_VFX/Quasar_Overheat.prefab using Guid(1823f40ba0fd70a408e67e0751f517b7) Importer(2089858483,d624ce77472d68a35037170ec1d2d27e) (ScriptedImporter) -> (artifact id: '85fb773364c968db266615486f4c513e') in 0.0266427 seconds
Number of updated asset objects reloaded before import = 0Number of asset objects unloaded after import = 6

========================================================================
Received Import Request.
  Time since last request: 0.000020 seconds.
  path: Assets/AddOns/MgFPS_RemixSFX/Enemies/FPSRmx_Turret_Death.wav
  artifactKey: Guid(c1598a9c6e9758942ae1f08b54fbdf3b) Importer(2089858483,d624ce77472d68a35037170ec1d2d27e)
Start importing Assets/AddOns/MgFPS_RemixSFX/Enemies/FPSRmx_Turret_Death.wav using Guid(c1598a9c6e9758942ae1f08b54fbdf3b) Importer(2089858483,d624ce77472d68a35037170ec1d2d27e) (ScriptedImporter) -> (artifact id: 'dec77bed574d3243837264c05a53e7ee') in 0.0254494 seconds
Number of updated asset objects reloaded before import = 0Number of asset objects unloaded after import = 1

========================================================================
Received Import Request.
  Time since last request: 0.000025 seconds.
  path: Assets/AddOns/MgFPS_RemixSFX/Pickups/FPSRmx_Pickups_Weapon_Medium.wav
  artifactKey: Guid(307a1cb3d9b3aa64ca79493e3b1cdcc4) Importer(2089858483,d624ce77472d68a35037170ec1d2d27e)
Start importing Assets/AddOns/MgFPS_RemixSFX/Pickups/FPSRmx_Pickups_Weapon_Medium.wav using Guid(307a1cb3d9b3aa64ca79493e3b1cdcc4) Importer(2089858483,d624ce77472d68a35037170ec1d2d27e) (ScriptedImporter) -> (artifact id: 'f9dda394e923167c38c2688b5852d348') in 0.0209759 seconds
Number of updated asset objects reloaded before import = 0Number of asset objects unloaded after import = 1

========================================================================
Received Import Request.
  Time since last request: 0.000016 seconds.
  path: Assets/AddOns/MgFPS_RemixSFX/UI/FPSRmx_Notification_End.wav
  artifactKey: Guid(078e94152754d454a888459e9de4f737) Importer(2089858483,d624ce77472d68a35037170ec1d2d27e)
Start importing Assets/AddOns/MgFPS_RemixSFX/UI/FPSRmx_Notification_End.wav using Guid(078e94152754d454a888459e9de4f737) Importer(2089858483,d624ce77472d68a35037170ec1d2d27e) (ScriptedImporter) -> (artifact id: '2d87cc92990b25c640cb35ee9659759d') in 0.0254087 seconds
Number of updated asset objects reloaded before import = 0Number of asset objects unloaded after import = 1

========================================================================
Received Import Request.
  Time since last request: 0.000018 seconds.
  path: Assets/AddOns/MgFPS_RemixSFX/Enemies/FPSRmx_Turret_Alert.wav
  artifactKey: Guid(7e641ca3823d1124d9ff4120b12270cc) Importer(2089858483,d624ce77472d68a35037170ec1d2d27e)
Start importing Assets/AddOns/MgFPS_RemixSFX/Enemies/FPSRmx_Turret_Alert.wav using Guid(7e641ca3823d1124d9ff4120b12270cc) Importer(2089858483,d624ce77472d68a35037170ec1d2d27e) (ScriptedImporter) -> (artifact id: 'b5829ab672a78c88ea81dd084a9949e5') in 0.0251777 seconds
Number of updated asset objects reloaded before import = 0Number of asset objects unloaded after import = 1

========================================================================
Received Import Request.
  Time since last request: 0.000028 seconds.
  path: Assets/AddOns/MgFPS_Thunderlight/Thunderlight_VFX/Thunderlight_Magic.prefab
  artifactKey: Guid(654cbfa8252698e41bdf27be18d4507d) Importer(2089858483,d624ce77472d68a35037170ec1d2d27e)
Start importing Assets/AddOns/MgFPS_Thunderlight/Thunderlight_VFX/Thunderlight_Magic.prefab using Guid(654cbfa8252698e41bdf27be18d4507d) Importer(2089858483,d624ce77472d68a35037170ec1d2d27e) (ScriptedImporter) -> (artifact id: '95a7616652e96cb1b239bf7e8ce0a28d') in 0.0137882 seconds
Number of updated asset objects reloaded before import = 0Number of asset objects unloaded after import = 20

========================================================================
Received Import Request.
  Time since last request: 0.000021 seconds.
  path: Assets/AddOns/MgFPS_RemixSFX/Player/FPSRmx_Jetpack_Use.wav
  artifactKey: Guid(6ac1ed41b68a5e5419807f27a341de8b) Importer(2089858483,d624ce77472d68a35037170ec1d2d27e)
Start importing Assets/AddOns/MgFPS_RemixSFX/Player/FPSRmx_Jetpack_Use.wav using Guid(6ac1ed41b68a5e5419807f27a341de8b) Importer(2089858483,d624ce77472d68a35037170ec1d2d27e) (ScriptedImporter) -> (artifact id: 'd793d450bac6160e140fb29c597cf2be') in 0.02251 seconds
Number of updated asset objects reloaded before import = 0Number of asset objects unloaded after import = 1

========================================================================
Received Import Request.
  Time since last request: 0.000017 seconds.
  path: Assets/AddOns/MgFPS_SniperRifle/SniperRifle_MeshesAndTextures/SniperRifle_Albedo.png
  artifactKey: Guid(7215c022ba66461499d798e3ce0f49e5) Importer(2089858483,d624ce77472d68a35037170ec1d2d27e)
Start importing Assets/AddOns/MgFPS_SniperRifle/SniperRifle_MeshesAndTextures/SniperRifle_Albedo.png using Guid(7215c022ba66461499d798e3ce0f49e5) Importer(2089858483,d624ce77472d68a35037170ec1d2d27e) (ScriptedImporter) -> (artifact id: '2470eac4f8cc63896d957ece4baaf96c') in 0.0146004 seconds
Number of updated asset objects reloaded before import = 0Number of asset objects unloaded after import = 1

========================================================================
Received Import Request.
  Time since last request: 0.000020 seconds.
  path: Assets/AddOns/MgFPS_Vaporizer/Vaporizer_VFX/Vaporizer_Overheat.prefab
  artifactKey: Guid(0c90b37489725984290cfd9c59afc4ce) Importer(2089858483,d624ce77472d68a35037170ec1d2d27e)
Start importing Assets/AddOns/MgFPS_Vaporizer/Vaporizer_VFX/Vaporizer_Overheat.prefab using Guid(0c90b37489725984290cfd9c59afc4ce) Importer(2089858483,d624ce77472d68a35037170ec1d2d27e) (ScriptedImporter) -> (artifact id: '5ce6a620ebd7119ed9048898f3abdc85') in 0.0271896 seconds
Number of updated asset objects reloaded before import = 0Number of asset objects unloaded after import = 6

========================================================================
Received Import Request.
  Time since last request: 0.000026 seconds.
  path: Assets/AddOns/MgFPS_RemixSFX/Weapons/FPSRmx_Blaster_Shot.wav
  artifactKey: Guid(2f9caab93f180a4458af8194c4a28d50) Importer(2089858483,d624ce77472d68a35037170ec1d2d27e)
Start importing Assets/AddOns/MgFPS_RemixSFX/Weapons/FPSRmx_Blaster_Shot.wav using Guid(2f9caab93f180a4458af8194c4a28d50) Importer(2089858483,d624ce77472d68a35037170ec1d2d27e) (ScriptedImporter) -> (artifact id: '5dc20f5a971f9f91a47f40c209d8f843') in 0.0243944 seconds
Number of updated asset objects reloaded before import = 0Number of asset objects unloaded after import = 1

========================================================================
Received Import Request.
  Time since last request: 0.000019 seconds.
  path: Assets/AddOns/MgFPS_Haku/Haku_SFX/Haku_ReloadPart2.ogg
  artifactKey: Guid(ce53a4e414193284c94e7e5036f64a9f) Importer(2089858483,d624ce77472d68a35037170ec1d2d27e)
Start importing Assets/AddOns/MgFPS_Haku/Haku_SFX/Haku_ReloadPart2.ogg using Guid(ce53a4e414193284c94e7e5036f64a9f) Importer(2089858483,d624ce77472d68a35037170ec1d2d27e) (ScriptedImporter) -> (artifact id: '875138e3c9023082b95c105460b5a145') in 0.0331773 seconds
Number of updated asset objects reloaded before import = 0Number of asset objects unloaded after import = 1

========================================================================
Received Import Request.
  Time since last request: 0.000015 seconds.
  path: Assets/AddOns/Mg_Scifi_Music/Mixes/SFMix_NoDrums.ogg
  artifactKey: Guid(33f45c5715f0e2d419938e73eca5d8ca) Importer(2089858483,d624ce77472d68a35037170ec1d2d27e)
Start importing Assets/AddOns/Mg_Scifi_Music/Mixes/SFMix_NoDrums.ogg using Guid(33f45c5715f0e2d419938e73eca5d8ca) Importer(2089858483,d624ce77472d68a35037170ec1d2d27e) (ScriptedImporter) -> (artifact id: 'b6c06c62f51f74f0330fdcb63939f6b2') in 0.6517648 seconds
Number of updated asset objects reloaded before import = 0Number of asset objects unloaded after import = 1

========================================================================
Received Import Request.
  Time since last request: 0.000030 seconds.
  path: Assets/AddOns/Mg_Scifi_Music/Mixers&Tracks/GhostBells.ogg
  artifactKey: Guid(09411a99d1399994a9972c38be0f9d21) Importer(2089858483,d624ce77472d68a35037170ec1d2d27e)
Start importing Assets/AddOns/Mg_Scifi_Music/Mixers&Tracks/GhostBells.ogg using Guid(09411a99d1399994a9972c38be0f9d21) Importer(2089858483,d624ce77472d68a35037170ec1d2d27e) (ScriptedImporter) -> (artifact id: '617bcf74ae31bf2d8ac9f7aed65574ce') in 0.0645596 seconds
Number of updated asset objects reloaded before import = 0Number of asset objects unloaded after import = 1

========================================================================
Received Import Request.
  Time since last request: 0.000021 seconds.
  path: Assets/CodeMonkey/KeyDoorSystem/Objects/KeyPrefab.prefab
  artifactKey: Guid(17208059c6f92e14ca2094a52b5f5089) Importer(2089858483,d624ce77472d68a35037170ec1d2d27e)
Start importing Assets/CodeMonkey/KeyDoorSystem/Objects/KeyPrefab.prefab using Guid(17208059c6f92e14ca2094a52b5f5089) Importer(2089858483,d624ce77472d68a35037170ec1d2d27e) (ScriptedImporter) -> (artifact id: 'bb5550709d7d62c4534674ba29126384') in 0.0204351 seconds
Number of updated asset objects reloaded before import = 0Number of asset objects unloaded after import = 16

========================================================================
Received Import Request.
  Time since last request: 0.000020 seconds.
  path: Assets/CodeMonkey/KeyDoorSystem/Materials/KeyGreen.mat
  artifactKey: Guid(4cff5fa015a69994da0f4ba58152af15) Importer(2089858483,d624ce77472d68a35037170ec1d2d27e)
Start importing Assets/CodeMonkey/KeyDoorSystem/Materials/KeyGreen.mat using Guid(4cff5fa015a69994da0f4ba58152af15) Importer(2089858483,d624ce77472d68a35037170ec1d2d27e) (ScriptedImporter) -> (artifact id: '2900a216ff577b1345d12e861e6b2f12') in 0.0139581 seconds
Number of updated asset objects reloaded before import = 0Number of asset objects unloaded after import = 1

========================================================================
Received Import Request.
  Time since last request: 0.000030 seconds.
  path: Assets/AddOns/Mg_Scifi_Music/Mixers&Tracks/DeFunkLead.ogg
  artifactKey: Guid(6a9b69a970bc81c4da8f84ce334db814) Importer(2089858483,d624ce77472d68a35037170ec1d2d27e)
Start importing Assets/AddOns/Mg_Scifi_Music/Mixers&Tracks/DeFunkLead.ogg using Guid(6a9b69a970bc81c4da8f84ce334db814) Importer(2089858483,d624ce77472d68a35037170ec1d2d27e) (ScriptedImporter) -> (artifact id: '81ced4c9459b36df0679c7a96ecc3fb8') in 0.0693987 seconds
Number of updated asset objects reloaded before import = 0Number of asset objects unloaded after import = 1

========================================================================
Received Import Request.
  Time since last request: 0.000019 seconds.
  path: Assets/AddOns/MgFPS_Haku/Haku_SFX/Haku_Impact.ogg
  artifactKey: Guid(ebe0b804a87ebaf48af783a59ffde04e) Importer(2089858483,d624ce77472d68a35037170ec1d2d27e)
Start importing Assets/AddOns/MgFPS_Haku/Haku_SFX/Haku_Impact.ogg using Guid(ebe0b804a87ebaf48af783a59ffde04e) Importer(2089858483,d624ce77472d68a35037170ec1d2d27e) (ScriptedImporter) -> (artifact id: 'f2613da2172a406e0679c84faf775d78') in 0.0225118 seconds
Number of updated asset objects reloaded before import = 0Number of asset objects unloaded after import = 1

========================================================================
Received Import Request.
  Time since last request: 0.000022 seconds.
  path: Assets/AddOns/MgFPS_RemixSFX/Weapons/FPSRmx_Launcher_Charge_BuildUp.wav
  artifactKey: Guid(fbd08f248a6f1d84888f0f901aa925cd) Importer(2089858483,d624ce77472d68a35037170ec1d2d27e)
Start importing Assets/AddOns/MgFPS_RemixSFX/Weapons/FPSRmx_Launcher_Charge_BuildUp.wav using Guid(fbd08f248a6f1d84888f0f901aa925cd) Importer(2089858483,d624ce77472d68a35037170ec1d2d27e) (ScriptedImporter) -> (artifact id: 'cd563b092d394dd2f28f0b33f44747a7') in 0.0233481 seconds
Number of updated asset objects reloaded before import = 0Number of asset objects unloaded after import = 1

========================================================================
Received Import Request.
  Time since last request: 0.000030 seconds.
  path: Assets/CodeMonkey/KeyDoorSystem/Materials/KeyBlue.mat
  artifactKey: Guid(c129b22503181314a974639056e4da41) Importer(2089858483,d624ce77472d68a35037170ec1d2d27e)
Start importing Assets/CodeMonkey/KeyDoorSystem/Materials/KeyBlue.mat using Guid(c129b22503181314a974639056e4da41) Importer(2089858483,d624ce77472d68a35037170ec1d2d27e) (ScriptedImporter) -> (artifact id: 'e410b672774dfedbfe8a08980f226507') in 0.0134 seconds
Number of updated asset objects reloaded before import = 0Number of asset objects unloaded after import = 1

========================================================================
Received Import Request.
  Time since last request: 0.000020 seconds.
  path: Assets/CodeMonkey/KeyDoorSystem/Materials/DoorLockTumblerRed.mat
  artifactKey: Guid(9e1fd82cc1ea9b34aba581658cda3b2f) Importer(2089858483,d624ce77472d68a35037170ec1d2d27e)
Start importing Assets/CodeMonkey/KeyDoorSystem/Materials/DoorLockTumblerRed.mat using Guid(9e1fd82cc1ea9b34aba581658cda3b2f) Importer(2089858483,d624ce77472d68a35037170ec1d2d27e) (ScriptedImporter) -> (artifact id: 'ee6f27b489767fe50442c295c6c7586b') in 0.0132072 seconds
Number of updated asset objects reloaded before import = 0Number of asset objects unloaded after import = 2

========================================================================
Received Import Request.
  Time since last request: 0.000020 seconds.
  path: Assets/CodeMonkey/KeyDoorSystem/Animations/Key.anim
  artifactKey: Guid(e1486c89afff85b4d8bb1612284ef892) Importer(2089858483,d624ce77472d68a35037170ec1d2d27e)
Start importing Assets/CodeMonkey/KeyDoorSystem/Animations/Key.anim using Guid(e1486c89afff85b4d8bb1612284ef892) Importer(2089858483,d624ce77472d68a35037170ec1d2d27e) (ScriptedImporter) -> (artifact id: '757e3ef47868c63465257a032c871689') in 0.0129501 seconds
Number of updated asset objects reloaded before import = 0Number of asset objects unloaded after import = 1

========================================================================
Received Import Request.
  Time since last request: 0.000021 seconds.
  path: Assets/CodeMonkey/KeyDoorSystem/Objects/KeyPrefabGreen.prefab
  artifactKey: Guid(e086f2e2939998a45a6dee95bf0ce07c) Importer(2089858483,d624ce77472d68a35037170ec1d2d27e)
Start importing Assets/CodeMonkey/KeyDoorSystem/Objects/KeyPrefabGreen.prefab using Guid(e086f2e2939998a45a6dee95bf0ce07c) Importer(2089858483,d624ce77472d68a35037170ec1d2d27e) (ScriptedImporter) -> (artifact id: '05f2cb7bfc941d08d35bea82dd63115d') in 0.0205256 seconds
Number of updated asset objects reloaded before import = 0Number of asset objects unloaded after import = 29

========================================================================
Received Import Request.
  Time since last request: 0.000029 seconds.
  path: Assets/AddOns/MgFPS_Quasar/Quasar_SFX/Quasar_Shoot.wav
  artifactKey: Guid(445eab6991691194e84514aca51fd001) Importer(2089858483,d624ce77472d68a35037170ec1d2d27e)
Start importing Assets/AddOns/MgFPS_Quasar/Quasar_SFX/Quasar_Shoot.wav using Guid(445eab6991691194e84514aca51fd001) Importer(2089858483,d624ce77472d68a35037170ec1d2d27e) (ScriptedImporter) -> (artifact id: '198fe89c0f111bde02178d16a11e7b74') in 0.0252438 seconds
Number of updated asset objects reloaded before import = 0Number of asset objects unloaded after import = 1

========================================================================
Received Import Request.
  Time since last request: 0.000016 seconds.
  path: Assets/AddOns/MgFPS_Enemy_Boss/Models/Detection_Module_Laser01_L.fbx
  artifactKey: Guid(3fbd43ce6f9ca674caad4520046f1708) Importer(2089858483,d624ce77472d68a35037170ec1d2d27e)
Start importing Assets/AddOns/MgFPS_Enemy_Boss/Models/Detection_Module_Laser01_L.fbx using Guid(3fbd43ce6f9ca674caad4520046f1708) Importer(2089858483,d624ce77472d68a35037170ec1d2d27e) (ScriptedImporter) -> (artifact id: 'cc23c94316964ade0f3169a5a68a2826') in 0.0217591 seconds
Number of updated asset objects reloaded before import = 0Number of asset objects unloaded after import = 20

========================================================================
Received Import Request.
  Time since last request: 0.000018 seconds.
  path: Assets/AddOns/MgFPS_RemixSFX/Enemies/FPSRmx_Turret_Attack.wav
  artifactKey: Guid(8a5112c2cf37ffb4e8fe43db6bb5a4bf) Importer(2089858483,d624ce77472d68a35037170ec1d2d27e)
Start importing Assets/AddOns/MgFPS_RemixSFX/Enemies/FPSRmx_Turret_Attack.wav using Guid(8a5112c2cf37ffb4e8fe43db6bb5a4bf) Importer(2089858483,d624ce77472d68a35037170ec1d2d27e) (ScriptedImporter) -> (artifact id: 'cf70beea74cf745eb8748e1e7f69573c') in 0.0246426 seconds
Number of updated asset objects reloaded before import = 0Number of asset objects unloaded after import = 1

========================================================================
Received Import Request.
  Time since last request: 0.000023 seconds.
  path: Assets/AddOns/Mg3D_Animated_Sci-fi/Materials/DarkBlue.mat
  artifactKey: Guid(ada00e408f842e049a312119196397a9) Importer(2089858483,d624ce77472d68a35037170ec1d2d27e)
Start importing Assets/AddOns/Mg3D_Animated_Sci-fi/Materials/DarkBlue.mat using Guid(ada00e408f842e049a312119196397a9) Importer(2089858483,d624ce77472d68a35037170ec1d2d27e) (ScriptedImporter) -> (artifact id: '35f975bb07f5d608d6c5534d2bc9da52') in 0.0129232 seconds
Number of updated asset objects reloaded before import = 0Number of asset objects unloaded after import = 1

========================================================================
Received Import Request.
  Time since last request: 0.000032 seconds.
  path: Assets/AddOns/MgFPS_Enemy_Boss/Models/Weapon_Module_PhotonCannon_L.fbx
  artifactKey: Guid(1a72b4a4ccd0e754388a31d2e8263a06) Importer(2089858483,d624ce77472d68a35037170ec1d2d27e)
Start importing Assets/AddOns/MgFPS_Enemy_Boss/Models/Weapon_Module_PhotonCannon_L.fbx using Guid(1a72b4a4ccd0e754388a31d2e8263a06) Importer(2089858483,d624ce77472d68a35037170ec1d2d27e) (ScriptedImporter) -> (artifact id: '160b337c0357676c1a0f0458ace4310c') in 0.0202281 seconds
Number of updated asset objects reloaded before import = 0Number of asset objects unloaded after import = 50

========================================================================
Received Import Request.
  Time since last request: 0.314304 seconds.
  path: Assets/CodeMonkey/KeyDoorSystem/Scripts/Key.cs
  artifactKey: Guid(837317096003f814ba761bb0921b4d37) Importer(2089858483,d624ce77472d68a35037170ec1d2d27e)
Start importing Assets/CodeMonkey/KeyDoorSystem/Scripts/Key.cs using Guid(837317096003f814ba761bb0921b4d37) Importer(2089858483,d624ce77472d68a35037170ec1d2d27e) (ScriptedImporter) -> (artifact id: 'e6a649abdec1988eb574d1f89f1b957d') in 0.0250103 seconds
Number of updated asset objects reloaded before import = 0Number of asset objects unloaded after import = 0

========================================================================
Received Import Request.
  Time since last request: 0.000022 seconds.
  path: Assets/FPS/Art/Models/Mesh_Weapon_Secondary.fbx
  artifactKey: Guid(ff6da3339a124244295a978acc07e2d6) Importer(2089858483,d624ce77472d68a35037170ec1d2d27e)
Start importing Assets/FPS/Art/Models/Mesh_Weapon_Secondary.fbx using Guid(ff6da3339a124244295a978acc07e2d6) Importer(2089858483,d624ce77472d68a35037170ec1d2d27e) (ScriptedImporter) -> (artifact id: 'b3c375b8a0fca616f8558d316e6a69e5') in 0.01995 seconds
Number of updated asset objects reloaded before import = 0Number of asset objects unloaded after import = 29

========================================================================
Received Import Request.
  Time since last request: 0.000021 seconds.
  path: Assets/FPS/Prefabs/Pickups/Pickup_Jetpack.prefab
  artifactKey: Guid(d771f03a2656e194fba5a444d5a3d9e7) Importer(2089858483,d624ce77472d68a35037170ec1d2d27e)
Start importing Assets/FPS/Prefabs/Pickups/Pickup_Jetpack.prefab using Guid(d771f03a2656e194fba5a444d5a3d9e7) Importer(2089858483,d624ce77472d68a35037170ec1d2d27e) (ScriptedImporter) -> (artifact id: '68284bf66df8ba9f302708e72929c8d5') in 0.0256471 seconds
Number of updated asset objects reloaded before import = 0Number of asset objects unloaded after import = 13

========================================================================
Received Import Request.
  Time since last request: 0.000017 seconds.
  path: Assets/FPS/Animation/HoverBot/HoverBot@Alerted.fbx
  artifactKey: Guid(d21446ed42271994d97223de428c84f6) Importer(2089858483,d624ce77472d68a35037170ec1d2d27e)
Start importing Assets/FPS/Animation/HoverBot/HoverBot@Alerted.fbx using Guid(d21446ed42271994d97223de428c84f6) Importer(2089858483,d624ce77472d68a35037170ec1d2d27e) (ScriptedImporter) -> (artifact id: 'c1edb100a8f79539c21c782d228442f7') in 0.0349898 seconds
Number of updated asset objects reloaded before import = 0Number of asset objects unloaded after import = 42

========================================================================
Received Import Request.
  Time since last request: 0.000012 seconds.
  path: Assets/FPS/Prefabs/Pickups/Pickup_Blaster.prefab
  artifactKey: Guid(fe0bc5bbccc19ef47a15b81c0abbb779) Importer(2089858483,d624ce77472d68a35037170ec1d2d27e)
Start importing Assets/FPS/Prefabs/Pickups/Pickup_Blaster.prefab using Guid(fe0bc5bbccc19ef47a15b81c0abbb779) Importer(2089858483,d624ce77472d68a35037170ec1d2d27e) (ScriptedImporter) -> (artifact id: '85435d582a2f99073110ac583cff91a6') in 0.0346993 seconds
Number of updated asset objects reloaded before import = 0Number of asset objects unloaded after import = 115

========================================================================
Received Import Request.
  Time since last request: 0.000015 seconds.
  path: Assets/FPS/Prefabs/RootObjects/OBJFloor_Indented.obj
  artifactKey: Guid(2307b738aa8971a44852d5e80de915ff) Importer(2089858483,d624ce77472d68a35037170ec1d2d27e)
Start importing Assets/FPS/Prefabs/RootObjects/OBJFloor_Indented.obj using Guid(2307b738aa8971a44852d5e80de915ff) Importer(2089858483,d624ce77472d68a35037170ec1d2d27e) (ScriptedImporter) -> (artifact id: '20de8818fb703058ba38d7e01a802fc3') in 0.0281179 seconds
Number of updated asset objects reloaded before import = 0Number of asset objects unloaded after import = 10

========================================================================
Received Import Request.
  Time since last request: 0.000021 seconds.
  path: Assets/FPS/Art/Models/Mesh_Health_Pickup.fbx
  artifactKey: Guid(93b1ab0ae86bdf7459bbdf258c9dec49) Importer(2089858483,d624ce77472d68a35037170ec1d2d27e)
Start importing Assets/FPS/Art/Models/Mesh_Health_Pickup.fbx using Guid(93b1ab0ae86bdf7459bbdf258c9dec49) Importer(2089858483,d624ce77472d68a35037170ec1d2d27e) (ScriptedImporter) -> (artifact id: '523b47e61f8ac5a43df56f258c535281') in 0.0393056 seconds
Number of updated asset objects reloaded before import = 0Number of asset objects unloaded after import = 7

========================================================================
Received Import Request.
  Time since last request: 0.000013 seconds.
  path: Assets/FPS/Animation/Turret/Turret@ActivatedHurt.fbx
  artifactKey: Guid(2a883265866f68f44b24327c4c23275e) Importer(2089858483,d624ce77472d68a35037170ec1d2d27e)
Start importing Assets/FPS/Animation/Turret/Turret@ActivatedHurt.fbx using Guid(2a883265866f68f44b24327c4c23275e) Importer(2089858483,d624ce77472d68a35037170ec1d2d27e) (ScriptedImporter) -> (artifact id: 'aa5704ed23bbcc7e837f978597b7e1f8') in 0.0374925 seconds
Number of updated asset objects reloaded before import = 0Number of asset objects unloaded after import = 20

========================================================================
Received Import Request.
  Time since last request: 0.000018 seconds.
  path: Assets/FPS/Prefabs/Projectiles/Projectile_Hoverbot.prefab
  artifactKey: Guid(ec753d54f333bb944b8b04884ad63828) Importer(2089858483,d624ce77472d68a35037170ec1d2d27e)
Start importing Assets/FPS/Prefabs/Projectiles/Projectile_Hoverbot.prefab using Guid(ec753d54f333bb944b8b04884ad63828) Importer(2089858483,d624ce77472d68a35037170ec1d2d27e) (ScriptedImporter) -> (artifact id: 'f524597731bdab97591841855a9225c8') in 0.014354 seconds
Number of updated asset objects reloaded before import = 0Number of asset objects unloaded after import = 17

========================================================================
Received Import Request.
  Time since last request: 0.000029 seconds.
  path: Assets/CodeMonkey/KeyDoorSystem/Textures/White_1x1.png
  artifactKey: Guid(6ba868e305b06084a89a4af1e6f0c108) Importer(2089858483,d624ce77472d68a35037170ec1d2d27e)
Start importing Assets/CodeMonkey/KeyDoorSystem/Textures/White_1x1.png using Guid(6ba868e305b06084a89a4af1e6f0c108) Importer(2089858483,d624ce77472d68a35037170ec1d2d27e) (ScriptedImporter) -> (artifact id: '7edb32541bb10962d78e0502ffccc29e') in 0.0255007 seconds
Number of updated asset objects reloaded before import = 0Number of asset objects unloaded after import = 3

========================================================================
Received Import Request.
  Time since last request: 0.000016 seconds.
  path: Assets/FPS/Scripts/Game/MeshCombineUtility.cs
  artifactKey: Guid(288522e658b17b44c984ef72bffcda11) Importer(2089858483,d624ce77472d68a35037170ec1d2d27e)
Start importing Assets/FPS/Scripts/Game/MeshCombineUtility.cs using Guid(288522e658b17b44c984ef72bffcda11) Importer(2089858483,d624ce77472d68a35037170ec1d2d27e) (ScriptedImporter) -> (artifact id: 'd6a79f0ef995fed466907981291a7229') in 0.018801 seconds
Number of updated asset objects reloaded before import = 0Number of asset objects unloaded after import = 0

========================================================================
Received Import Request.
  Time since last request: 0.000015 seconds.
  path: Assets/FPS/Scripts/Game/ConstantRotation.cs
  artifactKey: Guid(c63e3394714c5af4180408522b392eb2) Importer(2089858483,d624ce77472d68a35037170ec1d2d27e)
Start importing Assets/FPS/Scripts/Game/ConstantRotation.cs using Guid(c63e3394714c5af4180408522b392eb2) Importer(2089858483,d624ce77472d68a35037170ec1d2d27e) (ScriptedImporter) -> (artifact id: '557433abbdcb0b0bc529bb32c862edd2') in 0.0117158 seconds
Number of updated asset objects reloaded before import = 0Number of asset objects unloaded after import = 0

========================================================================
Received Import Request.
  Time since last request: 0.000022 seconds.
  path: Assets/FPS/Scripts/AI/FollowPlayer.cs
  artifactKey: Guid(3cb6842226810914cb7e746a8f872d68) Importer(2089858483,d624ce77472d68a35037170ec1d2d27e)
Start importing Assets/FPS/Scripts/AI/FollowPlayer.cs using Guid(3cb6842226810914cb7e746a8f872d68) Importer(2089858483,d624ce77472d68a35037170ec1d2d27e) (ScriptedImporter) -> (artifact id: '274bfd77ecff4c8b66ea1bca8ea51a4a') in 0.0149336 seconds
Number of updated asset objects reloaded before import = 0Number of asset objects unloaded after import = 0

========================================================================
Received Import Request.
  Time since last request: 0.000024 seconds.
  path: Assets/FPS/Scripts/Gameplay/PositionBobbing.cs
  artifactKey: Guid(326d796544c58f14a8048643e4c8badd) Importer(2089858483,d624ce77472d68a35037170ec1d2d27e)
Start importing Assets/FPS/Scripts/Gameplay/PositionBobbing.cs using Guid(326d796544c58f14a8048643e4c8badd) Importer(2089858483,d624ce77472d68a35037170ec1d2d27e) (ScriptedImporter) -> (artifact id: '60eb89880bd9d4afc3f03c3648bcf000') in 0.0145075 seconds
Number of updated asset objects reloaded before import = 0Number of asset objects unloaded after import = 0

========================================================================
Received Import Request.
  Time since last request: 0.000015 seconds.
  path: Assets/FPS/Scripts/AI/EnemyMobile.cs
  artifactKey: Guid(1857b2df8de24b24190ce9e067d2e1e4) Importer(2089858483,d624ce77472d68a35037170ec1d2d27e)
Start importing Assets/FPS/Scripts/AI/EnemyMobile.cs using Guid(1857b2df8de24b24190ce9e067d2e1e4) Importer(2089858483,d624ce77472d68a35037170ec1d2d27e) (ScriptedImporter) -> (artifact id: '3765aecf29ab53ee67f186e3cf4a6595') in 0.7536376 seconds
Number of updated asset objects reloaded before import = 0Number of asset objects unloaded after import = 0

========================================================================
Received Import Request.
  Time since last request: 0.000022 seconds.
  path: Assets/FPS/Tutorials/AddARoom/05-Orbit-Scene.asset
  artifactKey: Guid(f16e81aa0b771435bbff4b88af6cc7ff) Importer(2089858483,d624ce77472d68a35037170ec1d2d27e)
Start importing Assets/FPS/Tutorials/AddARoom/05-Orbit-Scene.asset using Guid(f16e81aa0b771435bbff4b88af6cc7ff) Importer(2089858483,d624ce77472d68a35037170ec1d2d27e) (ScriptedImporter) -> (artifact id: 'b6894fd2d3dc9a1d6e14ceb4279c823d') in 0.0498572 seconds
Number of updated asset objects reloaded before import = 0Number of asset objects unloaded after import = 4

========================================================================
Received Import Request.
  Time since last request: 0.000021 seconds.
  path: Assets/FPS/Tutorials/AddARoom/019-Select-NavMesh.asset
  artifactKey: Guid(77cdde24ac2e841e8b74f2789993afd5) Importer(2089858483,d624ce77472d68a35037170ec1d2d27e)
Start importing Assets/FPS/Tutorials/AddARoom/019-Select-NavMesh.asset using Guid(77cdde24ac2e841e8b74f2789993afd5) Importer(2089858483,d624ce77472d68a35037170ec1d2d27e) (ScriptedImporter) -> (artifact id: 'ff8d0dce0033edb395cb06ee5f28c462') in 0.0551693 seconds
Number of updated asset objects reloaded before import = 0Number of asset objects unloaded after import = 744

========================================================================
Received Import Request.
  Time since last request: 0.000022 seconds.
  path: Assets/FPS/Prefabs/VFX/Directional Light.prefab
  artifactKey: Guid(c1f95b2a073069e4091731002c38a3df) Importer(2089858483,d624ce77472d68a35037170ec1d2d27e)
Start importing Assets/FPS/Prefabs/VFX/Directional Light.prefab using Guid(c1f95b2a073069e4091731002c38a3df) Importer(2089858483,d624ce77472d68a35037170ec1d2d27e) (ScriptedImporter) -> (artifact id: '12de69d1c40f5a34d88200cf72ab6d79') in 0.0248664 seconds
Number of updated asset objects reloaded before import = 0Number of asset objects unloaded after import = 12

========================================================================
Received Import Request.
  Time since last request: 0.000020 seconds.
  path: Assets/FPS/Scripts/UI/MenuNavigation.cs
  artifactKey: Guid(705b060d91dd25446a76cfc9640acee4) Importer(2089858483,d624ce77472d68a35037170ec1d2d27e)
Start importing Assets/FPS/Scripts/UI/MenuNavigation.cs using Guid(705b060d91dd25446a76cfc9640acee4) Importer(2089858483,d624ce77472d68a35037170ec1d2d27e) (ScriptedImporter) -> (artifact id: '54906be63eb7c5ea1004f50970ef57a0') in 0.0115881 seconds
Number of updated asset objects reloaded before import = 0Number of asset objects unloaded after import = 0

========================================================================
Received Import Request.
  Time since last request: 0.000032 seconds.
  path: Assets/FPS/Scripts/AI/PatrolPath.cs
  artifactKey: Guid(2ec2f49cb5488d0459ff53ecc714acb7) Importer(2089858483,d624ce77472d68a35037170ec1d2d27e)
Start importing Assets/FPS/Scripts/AI/PatrolPath.cs using Guid(2ec2f49cb5488d0459ff53ecc714acb7) Importer(2089858483,d624ce77472d68a35037170ec1d2d27e) (ScriptedImporter) -> (artifact id: 'a5ea993f52560e1e1f92c013b7088b89') in 0.0156135 seconds
Number of updated asset objects reloaded before import = 0Number of asset objects unloaded after import = 0

========================================================================
Received Import Request.
  Time since last request: 0.000013 seconds.
  path: Assets/FPS/Prefabs/VFX/VFX_AngrySteam.prefab
  artifactKey: Guid(f77e2130c96652640accf8b9f6990d6b) Importer(2089858483,d624ce77472d68a35037170ec1d2d27e)
Start importing Assets/FPS/Prefabs/VFX/VFX_AngrySteam.prefab using Guid(f77e2130c96652640accf8b9f6990d6b) Importer(2089858483,d624ce77472d68a35037170ec1d2d27e) (ScriptedImporter) -> (artifact id: '4ef92d780e34d9f63a685fafefe94a2a') in 0.0210189 seconds
Number of updated asset objects reloaded before import = 0Number of asset objects unloaded after import = 6

========================================================================
Received Import Request.
  Time since last request: 0.000017 seconds.
  path: Assets/FPS/Scripts/UI/AmmoCounter.cs
  artifactKey: Guid(2f55bbfc17a3a894281c47b1182205a4) Importer(2089858483,d624ce77472d68a35037170ec1d2d27e)
Start importing Assets/FPS/Scripts/UI/AmmoCounter.cs using Guid(2f55bbfc17a3a894281c47b1182205a4) Importer(2089858483,d624ce77472d68a35037170ec1d2d27e) (ScriptedImporter) -> (artifact id: '2398c71df5ed29381a48d36caa2a7517') in 0.0185096 seconds
Number of updated asset objects reloaded before import = 0Number of asset objects unloaded after import = 0

========================================================================
Received Import Request.
  Time since last request: 0.000017 seconds.
  path: Assets/FPS/Scripts/Gameplay/WeaponFuelCellHandler.cs
  artifactKey: Guid(cc94179cece5b4e41ae9298ddbf83fdf) Importer(2089858483,d624ce77472d68a35037170ec1d2d27e)
Start importing Assets/FPS/Scripts/Gameplay/WeaponFuelCellHandler.cs using Guid(cc94179cece5b4e41ae9298ddbf83fdf) Importer(2089858483,d624ce77472d68a35037170ec1d2d27e) (ScriptedImporter) -> (artifact id: 'df4adcf960c9b287dad3de58428e3c69') in 0.0312751 seconds
Number of updated asset objects reloaded before import = 0Number of asset objects unloaded after import = 0

========================================================================
Received Import Request.
  Time since last request: 0.000025 seconds.
  path: Assets/FPS/Animation/HoverBot/HoverBot@Idle.fbx
  artifactKey: Guid(3be261ac1630597489399d009e904045) Importer(2089858483,d624ce77472d68a35037170ec1d2d27e)
Start importing Assets/FPS/Animation/HoverBot/HoverBot@Idle.fbx using Guid(3be261ac1630597489399d009e904045) Importer(2089858483,d624ce77472d68a35037170ec1d2d27e) (ScriptedImporter) -> (artifact id: 'df8951b1a42e24a2993f538a4b44a6fb') in 0.0143799 seconds
Number of updated asset objects reloaded before import = 0Number of asset objects unloaded after import = 42

========================================================================
Received Import Request.
  Time since last request: 0.000012 seconds.
  path: Assets/FPS/Prefabs/PBObjects/_ReadMe_PBObjects.txt
  artifactKey: Guid(a4970806df988044188ee710bbfffc16) Importer(2089858483,d624ce77472d68a35037170ec1d2d27e)
Start importing Assets/FPS/Prefabs/PBObjects/_ReadMe_PBObjects.txt using Guid(a4970806df988044188ee710bbfffc16) Importer(2089858483,d624ce77472d68a35037170ec1d2d27e) (ScriptedImporter) -> (artifact id: 'd4e05c25a326c04912001ce675eedc4b') in 0.0252001 seconds
Number of updated asset objects reloaded before import = 0Number of asset objects unloaded after import = 1

========================================================================
Received Import Request.
  Time since last request: 0.000013 seconds.
  path: Assets/FPS/Tutorials/AddARoom/WT-Select-and-Frame.mov
  artifactKey: Guid(391160322e3334e87987cb97f1125c42) Importer(2089858483,d624ce77472d68a35037170ec1d2d27e)
Start importing Assets/FPS/Tutorials/AddARoom/WT-Select-and-Frame.mov using Guid(391160322e3334e87987cb97f1125c42) Importer(2089858483,d624ce77472d68a35037170ec1d2d27e) (ScriptedImporter) -> (artifact id: 'af71d4ebedae716bba78d3832ea0539e') in 0.3698393 seconds
Number of updated asset objects reloaded before import = 0Number of asset objects unloaded after import = 1

========================================================================
Received Import Request.
  Time since last request: 0.000018 seconds.
  path: Assets/FPS/Tutorials/AddARoom/WT-Select-Move.mov
  artifactKey: Guid(7f27d4cc5c17343afa860cfaf9ffeb29) Importer(2089858483,d624ce77472d68a35037170ec1d2d27e)
Start importing Assets/FPS/Tutorials/AddARoom/WT-Select-Move.mov using Guid(7f27d4cc5c17343afa860cfaf9ffeb29) Importer(2089858483,d624ce77472d68a35037170ec1d2d27e) (ScriptedImporter) -> (artifact id: '875b49926e5de0ea7e9ccf3407c368ca') in 0.0435003 seconds
Number of updated asset objects reloaded before import = 0Number of asset objects unloaded after import = 1

========================================================================
Received Import Request.
  Time since last request: 0.000025 seconds.
  path: Assets/FPS/Tutorials/EditColors/01-Introduction.asset
  artifactKey: Guid(01b97205d566e47f2afd8329f72be4d4) Importer(2089858483,d624ce77472d68a35037170ec1d2d27e)
Start importing Assets/FPS/Tutorials/EditColors/01-Introduction.asset using Guid(01b97205d566e47f2afd8329f72be4d4) Importer(2089858483,d624ce77472d68a35037170ec1d2d27e) (ScriptedImporter) -> (artifact id: 'b9c2205c4cb7aba045e409b073e1ce15') in 0.0564262 seconds
Number of updated asset objects reloaded before import = 0Number of asset objects unloaded after import = 3

========================================================================
Received Import Request.
  Time since last request: 0.000016 seconds.
  path: Assets/FPS/Scripts/Editor/ShaderBuildStripping.cs
  artifactKey: Guid(dac7d39682c10044695d8cda9fe08678) Importer(2089858483,d624ce77472d68a35037170ec1d2d27e)
Start importing Assets/FPS/Scripts/Editor/ShaderBuildStripping.cs using Guid(dac7d39682c10044695d8cda9fe08678) Importer(2089858483,d624ce77472d68a35037170ec1d2d27e) (ScriptedImporter) -> (artifact id: 'bae756cb551e18b90a7eed45c0617f05') in 0.0229871 seconds
Number of updated asset objects reloaded before import = 0Number of asset objects unloaded after import = 0

========================================================================
Received Import Request.
  Time since last request: 0.000015 seconds.
  path: Assets/ModAssets/Materials/Custom Materials/Basic Blue.mat
  artifactKey: Guid(de7902ac5f1ca46b9894eae94bfe5e58) Importer(2089858483,d624ce77472d68a35037170ec1d2d27e)
Start importing Assets/ModAssets/Materials/Custom Materials/Basic Blue.mat using Guid(de7902ac5f1ca46b9894eae94bfe5e58) Importer(2089858483,d624ce77472d68a35037170ec1d2d27e) (ScriptedImporter) -> (artifact id: '053667f7bee8e4425ba38743479ecd77') in 0.0157925 seconds
Number of updated asset objects reloaded before import = 0Number of asset objects unloaded after import = 1

========================================================================
Received Import Request.
  Time since last request: 0.000032 seconds.
  path: Assets/FPS/Tutorials/Playtest/WT-Play.mov
  artifactKey: Guid(ae2d052958b764e549e2b297dfaafad1) Importer(2089858483,d624ce77472d68a35037170ec1d2d27e)
Start importing Assets/FPS/Tutorials/Playtest/WT-Play.mov using Guid(ae2d052958b764e549e2b297dfaafad1) Importer(2089858483,d624ce77472d68a35037170ec1d2d27e) (ScriptedImporter) -> (artifact id: '956104c7ed1a0af2d6476d2cc88af326') in 0.0148158 seconds
Number of updated asset objects reloaded before import = 0Number of asset objects unloaded after import = 1

========================================================================
Received Import Request.
  Time since last request: 0.000013 seconds.
  path: Assets/FPS/Tutorials/BuildAndPublish/header-completed.png
  artifactKey: Guid(f3cffb91162b24b428d0f2ab4831d5e7) Importer(2089858483,d624ce77472d68a35037170ec1d2d27e)
Start importing Assets/FPS/Tutorials/BuildAndPublish/header-completed.png using Guid(f3cffb91162b24b428d0f2ab4831d5e7) Importer(2089858483,d624ce77472d68a35037170ec1d2d27e) (ScriptedImporter) -> (artifact id: '8f8d58fa91236986dd91ce14239dc152') in 0.0520553 seconds
Number of updated asset objects reloaded before import = 0Number of asset objects unloaded after import = 1

========================================================================
Received Import Request.
  Time since last request: 0.000026 seconds.
  path: Assets/FPS/Tutorials/BuildAndPublish/Walkthrough7-030.asset
  artifactKey: Guid(5ae42c0e96418ec46b613bb3c92bb7b3) Importer(2089858483,d624ce77472d68a35037170ec1d2d27e)
Start importing Assets/FPS/Tutorials/BuildAndPublish/Walkthrough7-030.asset using Guid(5ae42c0e96418ec46b613bb3c92bb7b3) Importer(2089858483,d624ce77472d68a35037170ec1d2d27e) (ScriptedImporter) -> (artifact id: 'e95a728f95121440dbcc33674a7dd623') in 0.0203575 seconds
Number of updated asset objects reloaded before import = 0Number of asset objects unloaded after import = 3

========================================================================
Received Import Request.
  Time since last request: 0.000037 seconds.
  path: Assets/FPS/Animation/Turret/Turret@AttackIn.fbx
  artifactKey: Guid(75ddbac7a55d2e94f9908caf1194a926) Importer(2089858483,d624ce77472d68a35037170ec1d2d27e)
Start importing Assets/FPS/Animation/Turret/Turret@AttackIn.fbx using Guid(75ddbac7a55d2e94f9908caf1194a926) Importer(2089858483,d624ce77472d68a35037170ec1d2d27e) (ScriptedImporter) -> (artifact id: 'ecb9468e91aa236e8023a960b1377367') in 0.0338732 seconds
Number of updated asset objects reloaded before import = 0Number of asset objects unloaded after import = 20

========================================================================
Received Import Request.
  Time since last request: 0.000021 seconds.
  path: Assets/FPS/Prefabs/Pickups/Pickup_Launcher.prefab
  artifactKey: Guid(a7fa348d53593bb42922672c6cf40651) Importer(2089858483,d624ce77472d68a35037170ec1d2d27e)
Start importing Assets/FPS/Prefabs/Pickups/Pickup_Launcher.prefab using Guid(a7fa348d53593bb42922672c6cf40651) Importer(2089858483,d624ce77472d68a35037170ec1d2d27e) (ScriptedImporter) -> (artifact id: 'b3ea35abaf97da33abc38c52597a6559') in 0.0641262 seconds
Number of updated asset objects reloaded before import = 0Number of asset objects unloaded after import = 160

========================================================================
Received Import Request.
  Time since last request: 0.000029 seconds.
  path: Assets/ModAssets/Materials/TrailMaterials/LongTrailMaterial.mat
  artifactKey: Guid(dbd73125b5e3c429ea6c920ebcc9dd92) Importer(2089858483,d624ce77472d68a35037170ec1d2d27e)
Start importing Assets/ModAssets/Materials/TrailMaterials/LongTrailMaterial.mat using Guid(dbd73125b5e3c429ea6c920ebcc9dd92) Importer(2089858483,d624ce77472d68a35037170ec1d2d27e) (ScriptedImporter) -> (artifact id: 'b6f7206aef2caf35130bfcbeebee2733') in 0.0251297 seconds
Number of updated asset objects reloaded before import = 0Number of asset objects unloaded after import = 1

========================================================================
Received Import Request.
  Time since last request: 0.000039 seconds.
  path: Assets/FPS/Tutorials/AddARoom/60-Done.asset
  artifactKey: Guid(e3dc744887c6e4362a59a5f0c10b2035) Importer(2089858483,d624ce77472d68a35037170ec1d2d27e)
Start importing Assets/FPS/Tutorials/AddARoom/60-Done.asset using Guid(e3dc744887c6e4362a59a5f0c10b2035) Importer(2089858483,d624ce77472d68a35037170ec1d2d27e) (ScriptedImporter) -> (artifact id: '92fa089936b0a9e71dccda2db53d4a9f') in 0.3118437 seconds
Number of updated asset objects reloaded before import = 0Number of asset objects unloaded after import = 879

========================================================================
Received Import Request.
  Time since last request: 0.000022 seconds.
  path: Assets/FPS/Tutorials/BuildAndPublish/Walkthrough7-005.asset
  artifactKey: Guid(2e886da6f6aba0f47b6241a2700a78b9) Importer(2089858483,d624ce77472d68a35037170ec1d2d27e)
Start importing Assets/FPS/Tutorials/BuildAndPublish/Walkthrough7-005.asset using Guid(2e886da6f6aba0f47b6241a2700a78b9) Importer(2089858483,d624ce77472d68a35037170ec1d2d27e) (ScriptedImporter) -> (artifact id: '5c4c4b2c01e8e1070f9cc56385ac29c5') in 0.0188273 seconds
Number of updated asset objects reloaded before import = 0Number of asset objects unloaded after import = 3

========================================================================
Received Import Request.
  Time since last request: 0.000026 seconds.
  path: Assets/ModAssets/Models/NatureProps/FlowerBush.fbx
  artifactKey: Guid(decf25da566de433cb1a874aa0e6dd00) Importer(2089858483,d624ce77472d68a35037170ec1d2d27e)
Start importing Assets/ModAssets/Models/NatureProps/FlowerBush.fbx using Guid(decf25da566de433cb1a874aa0e6dd00) Importer(2089858483,d624ce77472d68a35037170ec1d2d27e) (ScriptedImporter) -> (artifact id: '94d8fd4148d9dc7421b3be01f213179f') in 0.0250529 seconds
Number of updated asset objects reloaded before import = 0Number of asset objects unloaded after import = 9

========================================================================
Received Import Request.
  Time since last request: 0.000018 seconds.
  path: Assets/ModAssets/Models/FoodProps/GummyBear.fbx
  artifactKey: Guid(58ea00b8d25e246b4aabc659dc7b33c4) Importer(2089858483,d624ce77472d68a35037170ec1d2d27e)
Start importing Assets/ModAssets/Models/FoodProps/GummyBear.fbx using Guid(58ea00b8d25e246b4aabc659dc7b33c4) Importer(2089858483,d624ce77472d68a35037170ec1d2d27e) (ScriptedImporter) -> (artifact id: 'b931646cd3caf5dcb704270a3fa496da') in 0.0701676 seconds
Number of updated asset objects reloaded before import = 0Number of asset objects unloaded after import = 13

========================================================================
Received Import Request.
  Time since last request: 0.000018 seconds.
  path: Assets/ModAssets/Models/SpaceProps/Rocket.fbx
  artifactKey: Guid(b698994a5dd674ee3997e51d3474a09f) Importer(2089858483,d624ce77472d68a35037170ec1d2d27e)
Start importing Assets/ModAssets/Models/SpaceProps/Rocket.fbx using Guid(b698994a5dd674ee3997e51d3474a09f) Importer(2089858483,d624ce77472d68a35037170ec1d2d27e) (ScriptedImporter) -> (artifact id: 'b60477b3b2f426e6cac9fc2963382395') in 0.0888147 seconds
Number of updated asset objects reloaded before import = 0Number of asset objects unloaded after import = 9

========================================================================
Received Import Request.
  Time since last request: 0.000020 seconds.
  path: Assets/ModAssets/Materials/Custom Materials/Basic Red.mat
  artifactKey: Guid(6487fdefd669d4dbc91709a177cd4b93) Importer(2089858483,d624ce77472d68a35037170ec1d2d27e)
Start importing Assets/ModAssets/Materials/Custom Materials/Basic Red.mat using Guid(6487fdefd669d4dbc91709a177cd4b93) Importer(2089858483,d624ce77472d68a35037170ec1d2d27e) (ScriptedImporter) -> (artifact id: 'f8d8e5acc1a981aeca43ffcb080874ba') in 0.1344154 seconds
Number of updated asset objects reloaded before import = 0Number of asset objects unloaded after import = 1

========================================================================
Received Import Request.
  Time since last request: 0.000012 seconds.
  path: Assets/ModAssets/Materials/TrailMaterials/FireTrailMaterial.mat
  artifactKey: Guid(1cdc620dc87bd45acbd2dfd2cc6560eb) Importer(2089858483,d624ce77472d68a35037170ec1d2d27e)
Start importing Assets/ModAssets/Materials/TrailMaterials/FireTrailMaterial.mat using Guid(1cdc620dc87bd45acbd2dfd2cc6560eb) Importer(2089858483,d624ce77472d68a35037170ec1d2d27e) (ScriptedImporter) -> (artifact id: '0688ad12a967ecc8422d994a6d798561') in 0.0374293 seconds
Number of updated asset objects reloaded before import = 0Number of asset objects unloaded after import = 1

========================================================================
Received Import Request.
  Time since last request: 0.000019 seconds.
  path: Assets/ModAssets/Materials/Custom Materials/Basic Green.mat
  artifactKey: Guid(85a5f987437cc4794b97b153a23d7ccb) Importer(2089858483,d624ce77472d68a35037170ec1d2d27e)
Start importing Assets/ModAssets/Materials/Custom Materials/Basic Green.mat using Guid(85a5f987437cc4794b97b153a23d7ccb) Importer(2089858483,d624ce77472d68a35037170ec1d2d27e) (ScriptedImporter) -> (artifact id: '3b0157f2b8f4b030fa410d2a07c4a9cf') in 0.0152792 seconds
Number of updated asset objects reloaded before import = 0Number of asset objects unloaded after import = 1

========================================================================
Received Import Request.
  Time since last request: 0.000030 seconds.
  path: Assets/TextMesh Pro/Resources/Shaders/TMP_SDF-Mobile.shader
  artifactKey: Guid(0abf519a3bd9a2a4d83b9d48b37c396d) Importer(2089858483,d624ce77472d68a35037170ec1d2d27e)
Start importing Assets/TextMesh Pro/Resources/Shaders/TMP_SDF-Mobile.shader using Guid(0abf519a3bd9a2a4d83b9d48b37c396d) Importer(2089858483,d624ce77472d68a35037170ec1d2d27e) (ScriptedImporter) -> (artifact id: '84a7327c53730fe4e8deca253190ffff') in 0.0144504 seconds
Number of updated asset objects reloaded before import = 0Number of asset objects unloaded after import = 1

========================================================================
Received Import Request.
  Time since last request: 0.000016 seconds.
  path: Assets/TextMesh Pro/Resources/Sprite Assets/EmojiOne.asset
  artifactKey: Guid(c41005c129ba4d66911b75229fd70b45) Importer(2089858483,d624ce77472d68a35037170ec1d2d27e)
Start importing Assets/TextMesh Pro/Resources/Sprite Assets/EmojiOne.asset using Guid(c41005c129ba4d66911b75229fd70b45) Importer(2089858483,d624ce77472d68a35037170ec1d2d27e) (ScriptedImporter) -> (artifact id: 'ea54bedccc8b3b218113f6251125c67d') in 0.0213187 seconds
Number of updated asset objects reloaded before import = 0Number of asset objects unloaded after import = 3

========================================================================
Received Import Request.
  Time since last request: 0.000017 seconds.
  path: Assets/AddOns/MgFPS_Aurous/AurousMeshandTextures/Textures/Aurous_AlbedoTransparency.png
  artifactKey: Guid(72ab3deff5700a843869405352fc0d95) Importer(2089858483,d624ce77472d68a35037170ec1d2d27e)
Start importing Assets/AddOns/MgFPS_Aurous/AurousMeshandTextures/Textures/Aurous_AlbedoTransparency.png using Guid(72ab3deff5700a843869405352fc0d95) Importer(2089858483,d624ce77472d68a35037170ec1d2d27e) (ScriptedImporter) -> (artifact id: 'c8b4c46813e3136e3ccc238731f39edd') in 0.0181711 seconds
Number of updated asset objects reloaded before import = 0Number of asset objects unloaded after import = 1

========================================================================
Received Import Request.
  Time since last request: 0.000018 seconds.
  path: Assets/FPS/Tutorials/AddEnemyBot/WT-Move-Object.mov
  artifactKey: Guid(6188d500d35af4ddf9763e1d54054c5a) Importer(2089858483,d624ce77472d68a35037170ec1d2d27e)
Start importing Assets/FPS/Tutorials/AddEnemyBot/WT-Move-Object.mov using Guid(6188d500d35af4ddf9763e1d54054c5a) Importer(2089858483,d624ce77472d68a35037170ec1d2d27e) (ScriptedImporter) -> (artifact id: '1e087b270da02a1f182c588085dbec9f') in 0.0153848 seconds
Number of updated asset objects reloaded before import = 0Number of asset objects unloaded after import = 1

========================================================================
Received Import Request.
  Time since last request: 0.000026 seconds.
  path: Assets/ModAssets/Models/AncientProps/Archway.fbx
  artifactKey: Guid(8845e58e723a048699e6cf81997a1af0) Importer(2089858483,d624ce77472d68a35037170ec1d2d27e)
Start importing Assets/ModAssets/Models/AncientProps/Archway.fbx using Guid(8845e58e723a048699e6cf81997a1af0) Importer(2089858483,d624ce77472d68a35037170ec1d2d27e) (ScriptedImporter) -> (artifact id: '97a080803047fffd812d5a4a0ef49c62') in 0.0321425 seconds
Number of updated asset objects reloaded before import = 0Number of asset objects unloaded after import = 8

========================================================================
Received Import Request.
  Time since last request: 0.000016 seconds.
  path: Assets/ModAssets/Prefabs/BillboardPrefabs/BillboardBasic.prefab
  artifactKey: Guid(441945e8a4aa644b3ac6600c6712f79c) Importer(2089858483,d624ce77472d68a35037170ec1d2d27e)
Start importing Assets/ModAssets/Prefabs/BillboardPrefabs/BillboardBasic.prefab using Guid(441945e8a4aa644b3ac6600c6712f79c) Importer(2089858483,d624ce77472d68a35037170ec1d2d27e) (ScriptedImporter) -> (artifact id: '5cd2a442310da1f3ec05e3d9c5d2dbb4') in 0.0142617 seconds
Number of updated asset objects reloaded before import = 0Number of asset objects unloaded after import = 70

========================================================================
Received Import Request.
  Time since last request: 0.000016 seconds.
  path: Assets/ModAssets/Models/FoodProps/Donut.fbx
  artifactKey: Guid(b121577100373491d839adcc51d30452) Importer(2089858483,d624ce77472d68a35037170ec1d2d27e)
Start importing Assets/ModAssets/Models/FoodProps/Donut.fbx using Guid(b121577100373491d839adcc51d30452) Importer(2089858483,d624ce77472d68a35037170ec1d2d27e) (ScriptedImporter) -> (artifact id: '5325ef512dc23611cc55cff538720cc5') in 0.0194292 seconds
Number of updated asset objects reloaded before import = 0Number of asset objects unloaded after import = 15

========================================================================
Received Import Request.
  Time since last request: 0.000017 seconds.
  path: Assets/AddOns/MgFPS_Enemy_Boss/Animations/Animation/Detection_Module@Laser02_L.fbx
  artifactKey: Guid(88aa1993f26f2544bb2164bd806d6b26) Importer(2089858483,d624ce77472d68a35037170ec1d2d27e)
Start importing Assets/AddOns/MgFPS_Enemy_Boss/Animations/Animation/Detection_Module@Laser02_L.fbx using Guid(88aa1993f26f2544bb2164bd806d6b26) Importer(2089858483,d624ce77472d68a35037170ec1d2d27e) (ScriptedImporter) -> (artifact id: 'fd37ccefd44f64b8dc44bbe791a43cff') in 0.0267797 seconds
Number of updated asset objects reloaded before import = 0Number of asset objects unloaded after import = 12

========================================================================
Received Import Request.
  Time since last request: 0.000029 seconds.
  path: Assets/AddOns/MgFPS_Aurous/Aurous_VFX/Textures/Spark_Aurous.png
  artifactKey: Guid(652982bbc16267748b2096fb87ff29e1) Importer(2089858483,d624ce77472d68a35037170ec1d2d27e)
Start importing Assets/AddOns/MgFPS_Aurous/Aurous_VFX/Textures/Spark_Aurous.png using Guid(652982bbc16267748b2096fb87ff29e1) Importer(2089858483,d624ce77472d68a35037170ec1d2d27e) (ScriptedImporter) -> (artifact id: 'b44fe5348684c2e0a67e5d7aa8c02f3c') in 0.0254819 seconds
Number of updated asset objects reloaded before import = 0Number of asset objects unloaded after import = 1

========================================================================
Received Import Request.
  Time since last request: 0.000019 seconds.
  path: Assets/AddOns/MgFPS_Boomshot/BoomShot_VFX/Materials/BoomShot_SparkMat.mat
  artifactKey: Guid(31c4c4728a14dd646985663cff678eb9) Importer(2089858483,d624ce77472d68a35037170ec1d2d27e)
Start importing Assets/AddOns/MgFPS_Boomshot/BoomShot_VFX/Materials/BoomShot_SparkMat.mat using Guid(31c4c4728a14dd646985663cff678eb9) Importer(2089858483,d624ce77472d68a35037170ec1d2d27e) (ScriptedImporter) -> (artifact id: '48389c1bc3dad5c901bfa06961d3163d') in 0.0167174 seconds
Number of updated asset objects reloaded before import = 0Number of asset objects unloaded after import = 2

========================================================================
Received Import Request.
  Time since last request: 0.000020 seconds.
  path: Assets/AddOns/MgFPS_Boomshot/BoomShot_VFX/Textures/BoomShot_Mf_Scatter.png
  artifactKey: Guid(727ad86aa67d84240ae7be460b434a7a) Importer(2089858483,d624ce77472d68a35037170ec1d2d27e)
Start importing Assets/AddOns/MgFPS_Boomshot/BoomShot_VFX/Textures/BoomShot_Mf_Scatter.png using Guid(727ad86aa67d84240ae7be460b434a7a) Importer(2089858483,d624ce77472d68a35037170ec1d2d27e) (ScriptedImporter) -> (artifact id: 'd2fb7d696e298803a4f623227afce9f4') in 0.0165501 seconds
Number of updated asset objects reloaded before import = 0Number of asset objects unloaded after import = 1

========================================================================
Received Import Request.
  Time since last request: 0.000019 seconds.
  path: Assets/ModAssets/Prefabs/Trail Prefabs/RainbowTrail.prefab
  artifactKey: Guid(d3ccf67055b3341468030d0fffd8d16f) Importer(2089858483,d624ce77472d68a35037170ec1d2d27e)
Start importing Assets/ModAssets/Prefabs/Trail Prefabs/RainbowTrail.prefab using Guid(d3ccf67055b3341468030d0fffd8d16f) Importer(2089858483,d624ce77472d68a35037170ec1d2d27e) (ScriptedImporter) -> (artifact id: '0da5d30081e2a948e26f60abcc9d301d') in 0.0646439 seconds
Number of updated asset objects reloaded before import = 0Number of asset objects unloaded after import = 7

========================================================================
Received Import Request.
  Time since last request: 0.000028 seconds.
  path: Assets/FPS/Tutorials/AddEnemyBot/EnemyPrefabLayout.wlt
  artifactKey: Guid(aabebff491dfd4297a7e001a33a1fa1a) Importer(2089858483,d624ce77472d68a35037170ec1d2d27e)
Start importing Assets/FPS/Tutorials/AddEnemyBot/EnemyPrefabLayout.wlt using Guid(aabebff491dfd4297a7e001a33a1fa1a) Importer(2089858483,d624ce77472d68a35037170ec1d2d27e) (ScriptedImporter) -> (artifact id: 'e0a9d6983a06bf0364f931828bdd7ac4') in 0.0133652 seconds
Number of updated asset objects reloaded before import = 0Number of asset objects unloaded after import = 1

========================================================================
Received Import Request.
  Time since last request: 0.000014 seconds.
  path: Assets/FPS/Tutorials/AddARoom/WT-Select-Hand-Tool.mov
  artifactKey: Guid(95df4ffa2c72c49f0b90fa2a68c3901b) Importer(2089858483,d624ce77472d68a35037170ec1d2d27e)
Start importing Assets/FPS/Tutorials/AddARoom/WT-Select-Hand-Tool.mov using Guid(95df4ffa2c72c49f0b90fa2a68c3901b) Importer(2089858483,d624ce77472d68a35037170ec1d2d27e) (ScriptedImporter) -> (artifact id: '6825d159d4020eaa02bf57bcec4f8844') in 0.0180118 seconds
Number of updated asset objects reloaded before import = 0Number of asset objects unloaded after import = 1

========================================================================
Received Import Request.
  Time since last request: 0.000013 seconds.
  path: Assets/AddOns/MgFPS_Aurous/AurousMeshandTextures/Textures/Aurous_Emission.png
  artifactKey: Guid(372480b00fd964a428ff54635f435a15) Importer(2089858483,d624ce77472d68a35037170ec1d2d27e)
Start importing Assets/AddOns/MgFPS_Aurous/AurousMeshandTextures/Textures/Aurous_Emission.png using Guid(372480b00fd964a428ff54635f435a15) Importer(2089858483,d624ce77472d68a35037170ec1d2d27e) (ScriptedImporter) -> (artifact id: '07e114dbfabfe5355c7531985608e0d7') in 0.1526884 seconds
Number of updated asset objects reloaded before import = 0Number of asset objects unloaded after import = 1

========================================================================
Received Import Request.
  Time since last request: 0.000014 seconds.
  path: Assets/FPS/Tutorials/BuildAndPublish/WT-Upload.png
  artifactKey: Guid(8397db88d32d5418e8ebc7e6bb6ccafc) Importer(2089858483,d624ce77472d68a35037170ec1d2d27e)
Start importing Assets/FPS/Tutorials/BuildAndPublish/WT-Upload.png using Guid(8397db88d32d5418e8ebc7e6bb6ccafc) Importer(2089858483,d624ce77472d68a35037170ec1d2d27e) (ScriptedImporter) -> (artifact id: '236a2435c6e8f8f431b0f9002763b105') in 0.1952253 seconds
Number of updated asset objects reloaded before import = 0Number of asset objects unloaded after import = 1

========================================================================
Received Import Request.
  Time since last request: 0.000019 seconds.
  path: Assets/AddOns/MgFPS_Enemy_Boss/Animations/Controllers/Searchlight_L_AnimationController.controller
  artifactKey: Guid(0c4f723e50e640c4f93c5ee7bcd26dc0) Importer(2089858483,d624ce77472d68a35037170ec1d2d27e)
Start importing Assets/AddOns/MgFPS_Enemy_Boss/Animations/Controllers/Searchlight_L_AnimationController.controller using Guid(0c4f723e50e640c4f93c5ee7bcd26dc0) Importer(2089858483,d624ce77472d68a35037170ec1d2d27e) (ScriptedImporter) -> (artifact id: '34bd7eae58621bd5d8a876b390e8c8b4') in 0.1389748 seconds
Number of updated asset objects reloaded before import = 0Number of asset objects unloaded after import = 11

========================================================================
Received Import Request.
  Time since last request: 0.000019 seconds.
  path: Assets/AddOns/MgFPS_Enemy_Boss/Animations/Controllers/Searchlight_R_AnimationController.controller
  artifactKey: Guid(19c46e56e10dd8941ae95362b4e95c93) Importer(2089858483,d624ce77472d68a35037170ec1d2d27e)
Start importing Assets/AddOns/MgFPS_Enemy_Boss/Animations/Controllers/Searchlight_R_AnimationController.controller using Guid(19c46e56e10dd8941ae95362b4e95c93) Importer(2089858483,d624ce77472d68a35037170ec1d2d27e) (ScriptedImporter) -> (artifact id: 'd5a9d4ef33356d2a2ad34f23b4c3c484') in 0.0206705 seconds
Number of updated asset objects reloaded before import = 0Number of asset objects unloaded after import = 11

========================================================================
Received Import Request.
  Time since last request: 0.000029 seconds.
  path: Assets/AddOns/MgFPS_Enemy_Boss/Animations/Controllers/Laser03_L_AnimationController.controller
  artifactKey: Guid(d4d3cf953099e7e4090d003c272d35ed) Importer(2089858483,d624ce77472d68a35037170ec1d2d27e)
Start importing Assets/AddOns/MgFPS_Enemy_Boss/Animations/Controllers/Laser03_L_AnimationController.controller using Guid(d4d3cf953099e7e4090d003c272d35ed) Importer(2089858483,d624ce77472d68a35037170ec1d2d27e) (ScriptedImporter) -> (artifact id: '753b092e29b510d8f3c5252f2fab38c9') in 0.0167443 seconds
Number of updated asset objects reloaded before import = 0Number of asset objects unloaded after import = 7

========================================================================
Received Import Request.
  Time since last request: 0.000016 seconds.
  path: Assets/AddOns/MgFPS_Molt/MoltMeshandTextures/Models/Molt.fbx
  artifactKey: Guid(8b90fbda13c58924dbf472c2ccc43ce0) Importer(2089858483,d624ce77472d68a35037170ec1d2d27e)
Start importing Assets/AddOns/MgFPS_Molt/MoltMeshandTextures/Models/Molt.fbx using Guid(8b90fbda13c58924dbf472c2ccc43ce0) Importer(2089858483,d624ce77472d68a35037170ec1d2d27e) (ScriptedImporter) -> (artifact id: '2ff22a2c3322b943350d6aea7122bd2d') in 0.0181218 seconds
Number of updated asset objects reloaded before import = 0Number of asset objects unloaded after import = 15

========================================================================
Received Import Request.
  Time since last request: 0.000014 seconds.
  path: Assets/AddOns/MgFPS_Haku/HakuMeshesAndTextures/Textures/Haku_Main_MaskMap.png
  artifactKey: Guid(37f2eb6849a5c2849b09b93dfe18a21f) Importer(2089858483,d624ce77472d68a35037170ec1d2d27e)
Start importing Assets/AddOns/MgFPS_Haku/HakuMeshesAndTextures/Textures/Haku_Main_MaskMap.png using Guid(37f2eb6849a5c2849b09b93dfe18a21f) Importer(2089858483,d624ce77472d68a35037170ec1d2d27e) (ScriptedImporter) -> (artifact id: '2cde21078d4fee10157dcb8b8227cd64') in 0.0252377 seconds
Number of updated asset objects reloaded before import = 0Number of asset objects unloaded after import = 1

========================================================================
Received Import Request.
  Time since last request: 0.000021 seconds.
  path: Assets/AddOns/MgFPS_Haku/HakuMeshesAndTextures/Models/Weapon_Haku.fbx
  artifactKey: Guid(831bc321b957bb240a39c167004dc278) Importer(2089858483,d624ce77472d68a35037170ec1d2d27e)
Start importing Assets/AddOns/MgFPS_Haku/HakuMeshesAndTextures/Models/Weapon_Haku.fbx using Guid(831bc321b957bb240a39c167004dc278) Importer(2089858483,d624ce77472d68a35037170ec1d2d27e) (ScriptedImporter) -> (artifact id: '9f657d4af95a888a9ffc8ffccd1feee0') in 0.0182311 seconds
Number of updated asset objects reloaded before import = 0Number of asset objects unloaded after import = 30

========================================================================
Received Import Request.
  Time since last request: 0.000028 seconds.
  path: Assets/AddOns/MgFPS_Enemy_Boss/Animations/Controllers/Railgun_L_AnimationController.controller
  artifactKey: Guid(b3d2e2bcbdfd2d24d95ea2c4a2dc41b8) Importer(2089858483,d624ce77472d68a35037170ec1d2d27e)
Start importing Assets/AddOns/MgFPS_Enemy_Boss/Animations/Controllers/Railgun_L_AnimationController.controller using Guid(b3d2e2bcbdfd2d24d95ea2c4a2dc41b8) Importer(2089858483,d624ce77472d68a35037170ec1d2d27e) (ScriptedImporter) -> (artifact id: '35c67f676bfc935a09e48bedfe8d082c') in 0.0120484 seconds
Number of updated asset objects reloaded before import = 0Number of asset objects unloaded after import = 7

========================================================================
Received Import Request.
  Time since last request: 0.000018 seconds.
  path: Assets/AddOns/MgFPS_Fireballer/Fireballer_VFX/Materials/FireballerAlphaBlended.mat
  artifactKey: Guid(46338ae9510be0c4c8183fac8c3a9cc9) Importer(2089858483,d624ce77472d68a35037170ec1d2d27e)
Start importing Assets/AddOns/MgFPS_Fireballer/Fireballer_VFX/Materials/FireballerAlphaBlended.mat using Guid(46338ae9510be0c4c8183fac8c3a9cc9) Importer(2089858483,d624ce77472d68a35037170ec1d2d27e) (ScriptedImporter) -> (artifact id: '18b409e3dafb325cc5d4230063136e1e') in 0.0271449 seconds
Number of updated asset objects reloaded before import = 0Number of asset objects unloaded after import = 2

========================================================================
Received Import Request.
  Time since last request: 0.000019 seconds.
  path: Assets/AddOns/MgFPS_Fireballer/Fireballer_VFX/Materials/FireballerAdditive.mat
  artifactKey: Guid(d6ebc687a0bc53a49b71360d36511f3c) Importer(2089858483,d624ce77472d68a35037170ec1d2d27e)
Start importing Assets/AddOns/MgFPS_Fireballer/Fireballer_VFX/Materials/FireballerAdditive.mat using Guid(d6ebc687a0bc53a49b71360d36511f3c) Importer(2089858483,d624ce77472d68a35037170ec1d2d27e) (ScriptedImporter) -> (artifact id: '2cf330876cd337d3e15668c34a722c04') in 0.4744203 seconds
Number of updated asset objects reloaded before import = 0Number of asset objects unloaded after import = 2

========================================================================
Received Import Request.
  Time since last request: 0.000017 seconds.
  path: Assets/AddOns/MgFPS_Molt/MoltMeshandTextures/Textures/HUD_Molt.png
  artifactKey: Guid(7ceebf56919e3ec4e8965947888b5b63) Importer(2089858483,d624ce77472d68a35037170ec1d2d27e)
Start importing Assets/AddOns/MgFPS_Molt/MoltMeshandTextures/Textures/HUD_Molt.png using Guid(7ceebf56919e3ec4e8965947888b5b63) Importer(2089858483,d624ce77472d68a35037170ec1d2d27e) (ScriptedImporter) -> (artifact id: '930eaad9d0b7d3ca7e55748d50b2ba77') in 0.0486844 seconds
Number of updated asset objects reloaded before import = 0Number of asset objects unloaded after import = 3

========================================================================
Received Import Request.
  Time since last request: 0.000021 seconds.
  path: Assets/AddOns/MgFPS_Molt/Molt_VFX/Materials/MoltTrianglesAdditive.mat
  artifactKey: Guid(2a5ce89dfd5cb564b8ea65665f456ae9) Importer(2089858483,d624ce77472d68a35037170ec1d2d27e)
Start importing Assets/AddOns/MgFPS_Molt/Molt_VFX/Materials/MoltTrianglesAdditive.mat using Guid(2a5ce89dfd5cb564b8ea65665f456ae9) Importer(2089858483,d624ce77472d68a35037170ec1d2d27e) (ScriptedImporter) -> (artifact id: '07e73106dc66ac59695c0cca35cd3ca8') in 0.0432556 seconds
Number of updated asset objects reloaded before import = 0Number of asset objects unloaded after import = 2

========================================================================
Received Import Request.
  Time since last request: 0.000013 seconds.
  path: Assets/AddOns/MgFPS_Molt/MoltMeshandTextures/Textures/Molt_Normal.png
  artifactKey: Guid(a8689ff5a18dfea4a8b2de23566ee9f8) Importer(2089858483,d624ce77472d68a35037170ec1d2d27e)
Start importing Assets/AddOns/MgFPS_Molt/MoltMeshandTextures/Textures/Molt_Normal.png using Guid(a8689ff5a18dfea4a8b2de23566ee9f8) Importer(2089858483,d624ce77472d68a35037170ec1d2d27e) (ScriptedImporter) -> (artifact id: 'a9fbb48c681e672c1b6f38be4e7ac6d9') in 0.1161305 seconds
Number of updated asset objects reloaded before import = 0Number of asset objects unloaded after import = 1

========================================================================
Received Import Request.
  Time since last request: 0.000021 seconds.
  path: Assets/AddOns/MgFPS_Molt/Molt_VFX/Textures/MoltTexture2.png
  artifactKey: Guid(16a661ac2ca424345a36d97f3d58ef4e) Importer(2089858483,d624ce77472d68a35037170ec1d2d27e)
Start importing Assets/AddOns/MgFPS_Molt/Molt_VFX/Textures/MoltTexture2.png using Guid(16a661ac2ca424345a36d97f3d58ef4e) Importer(2089858483,d624ce77472d68a35037170ec1d2d27e) (ScriptedImporter) -> (artifact id: 'fb798e0830db453c6c90a8576328496c') in 0.0660468 seconds
Number of updated asset objects reloaded before import = 0Number of asset objects unloaded after import = 1

========================================================================
Received Import Request.
  Time since last request: 0.000031 seconds.
  path: Assets/AddOns/MgFPS_Molt/Molt_VFX/Materials/Spell_Molt.mat
  artifactKey: Guid(043f8b470ea66a14dbe91f1f70dca3e2) Importer(2089858483,d624ce77472d68a35037170ec1d2d27e)
Start importing Assets/AddOns/MgFPS_Molt/Molt_VFX/Materials/Spell_Molt.mat using Guid(043f8b470ea66a14dbe91f1f70dca3e2) Importer(2089858483,d624ce77472d68a35037170ec1d2d27e) (ScriptedImporter) -> (artifact id: 'cde6feaeedaf4ec65b86b09f2636fa2a') in 0.0295978 seconds
Number of updated asset objects reloaded before import = 0Number of asset objects unloaded after import = 2

========================================================================
Received Import Request.
  Time since last request: 0.000019 seconds.
  path: Assets/AddOns/MgFPS_Haku/Haku_VFX/Models/Haku_Muzzleflash.fbx
  artifactKey: Guid(2f04c61ed6522d449b98fb68e4082262) Importer(2089858483,d624ce77472d68a35037170ec1d2d27e)
Start importing Assets/AddOns/MgFPS_Haku/Haku_VFX/Models/Haku_Muzzleflash.fbx using Guid(2f04c61ed6522d449b98fb68e4082262) Importer(2089858483,d624ce77472d68a35037170ec1d2d27e) (ScriptedImporter) -> (artifact id: 'dec7cbd2ebc408f19a67c917141bc43a') in 0.018031 seconds
Number of updated asset objects reloaded before import = 0Number of asset objects unloaded after import = 8

========================================================================
Received Import Request.
  Time since last request: 0.000016 seconds.
  path: Assets/AddOns/MgFPS_Haku/Haku_VFX/Textures/Haku_MuzzleFlash_02.png
  artifactKey: Guid(98f6af1cbd396cb4d894d681dda65462) Importer(2089858483,d624ce77472d68a35037170ec1d2d27e)
Start importing Assets/AddOns/MgFPS_Haku/Haku_VFX/Textures/Haku_MuzzleFlash_02.png using Guid(98f6af1cbd396cb4d894d681dda65462) Importer(2089858483,d624ce77472d68a35037170ec1d2d27e) (ScriptedImporter) -> (artifact id: 'a61aaba8d68f60d169c0cbf19200e3f2') in 0.025796 seconds
Number of updated asset objects reloaded before import = 0Number of asset objects unloaded after import = 1

========================================================================
Received Import Request.
  Time since last request: 0.000019 seconds.
  path: Assets/FPS/Tutorials/Playtest/01-Introduction.asset
  artifactKey: Guid(c16c5a02da356422d90eeb5b0e9d48d3) Importer(2089858483,d624ce77472d68a35037170ec1d2d27e)
Start importing Assets/FPS/Tutorials/Playtest/01-Introduction.asset using Guid(c16c5a02da356422d90eeb5b0e9d48d3) Importer(2089858483,d624ce77472d68a35037170ec1d2d27e) (ScriptedImporter) -> (artifact id: '004bb8a980c31a58706c1f1adf6e115d') in 0.014709 seconds
Number of updated asset objects reloaded before import = 0Number of asset objects unloaded after import = 3

========================================================================
Received Import Request.
  Time since last request: 0.000026 seconds.
  path: Assets/TextMesh Pro/Resources/Shaders/TMP_SDF-Surface.shader
  artifactKey: Guid(b73f763ac56f9d2498e84cc98c9ba504) Importer(2089858483,d624ce77472d68a35037170ec1d2d27e)
Start importing Assets/TextMesh Pro/Resources/Shaders/TMP_SDF-Surface.shader using Guid(b73f763ac56f9d2498e84cc98c9ba504) Importer(2089858483,d624ce77472d68a35037170ec1d2d27e) (ScriptedImporter) -> (artifact id: '3fbf0400993638eea184ba71421ce3e0') in 0.0435283 seconds
Number of updated asset objects reloaded before import = 0Number of asset objects unloaded after import = 1

========================================================================
Received Import Request.
  Time since last request: 0.000013 seconds.
  path: Assets/FPS/Prefabs/RootObjects/_ReadMe_RootObjects.txt
  artifactKey: Guid(b5cb6808773591f45b911985a4ec016f) Importer(2089858483,d624ce77472d68a35037170ec1d2d27e)
Start importing Assets/FPS/Prefabs/RootObjects/_ReadMe_RootObjects.txt using Guid(b5cb6808773591f45b911985a4ec016f) Importer(2089858483,d624ce77472d68a35037170ec1d2d27e) (ScriptedImporter) -> (artifact id: '7c840671b189c4dedbcb54a22a58834d') in 0.0267079 seconds
Number of updated asset objects reloaded before import = 0Number of asset objects unloaded after import = 1

========================================================================
Received Import Request.
  Time since last request: 0.000011 seconds.
  path: Assets/FPS/Tutorials/EditColors/02-Select-and-Frame - delete.asset
  artifactKey: Guid(447dce88648314d409d2faa0d1d852e3) Importer(2089858483,d624ce77472d68a35037170ec1d2d27e)
Start importing Assets/FPS/Tutorials/EditColors/02-Select-and-Frame - delete.asset using Guid(447dce88648314d409d2faa0d1d852e3) Importer(2089858483,d624ce77472d68a35037170ec1d2d27e) (ScriptedImporter) -> (artifact id: '9d35eca89eb6b951fb8454bd61115ca5') in 0.0150558 seconds
Number of updated asset objects reloaded before import = 0Number of asset objects unloaded after import = 4

========================================================================
Received Import Request.
  Time since last request: 0.000017 seconds.
  path: Assets/ModAssets/Materials/Totems/M_StatueBig.mat
  artifactKey: Guid(49d28db2438a811499460bb19c79b172) Importer(2089858483,d624ce77472d68a35037170ec1d2d27e)
Start importing Assets/ModAssets/Materials/Totems/M_StatueBig.mat using Guid(49d28db2438a811499460bb19c79b172) Importer(2089858483,d624ce77472d68a35037170ec1d2d27e) (ScriptedImporter) -> (artifact id: '008ffc7f9882653c7a90a9d848cdf170') in 0.0169193 seconds
Number of updated asset objects reloaded before import = 0Number of asset objects unloaded after import = 6

========================================================================
Received Import Request.
  Time since last request: 0.000029 seconds.
  path: Assets/ModAssets/Models/HatMeshes/GlassesMesh.fbx
  artifactKey: Guid(be949c77dc28c459280b4981f6495d99) Importer(2089858483,d624ce77472d68a35037170ec1d2d27e)
Start importing Assets/ModAssets/Models/HatMeshes/GlassesMesh.fbx using Guid(be949c77dc28c459280b4981f6495d99) Importer(2089858483,d624ce77472d68a35037170ec1d2d27e) (ScriptedImporter) -> (artifact id: 'e66b50c119cd0da5e82ce375d9d4f451') in 0.0200923 seconds
Number of updated asset objects reloaded before import = 0Number of asset objects unloaded after import = 8

========================================================================
Received Import Request.
  Time since last request: 0.000018 seconds.
  path: Assets/AddOns/MgFPS_Enemy_Boss/Animations/Animation/Detection_Module@SpinningRadar_L.fbx
  artifactKey: Guid(592bbcf21ad293b4ea5cdb9e6bf6d4d4) Importer(2089858483,d624ce77472d68a35037170ec1d2d27e)
Start importing Assets/AddOns/MgFPS_Enemy_Boss/Animations/Animation/Detection_Module@SpinningRadar_L.fbx using Guid(592bbcf21ad293b4ea5cdb9e6bf6d4d4) Importer(2089858483,d624ce77472d68a35037170ec1d2d27e) (ScriptedImporter) -> (artifact id: '468657cdc8a531f25b5bdba8d832663b') in 0.0228173 seconds
Number of updated asset objects reloaded before import = 0Number of asset objects unloaded after import = 10

========================================================================
Received Import Request.
  Time since last request: 0.000017 seconds.
  path: Assets/AddOns/MgFPS_Enemy_Boss/Animations/Animation/Detection_Module@Laser01_R.fbx
  artifactKey: Guid(0d51ec9d507a90d459e07fe94e707cc6) Importer(2089858483,d624ce77472d68a35037170ec1d2d27e)
Start importing Assets/AddOns/MgFPS_Enemy_Boss/Animations/Animation/Detection_Module@Laser01_R.fbx using Guid(0d51ec9d507a90d459e07fe94e707cc6) Importer(2089858483,d624ce77472d68a35037170ec1d2d27e) (ScriptedImporter) -> (artifact id: '65aef1f337e62746b0902f6b97296d05') in 0.0130019 seconds
Number of updated asset objects reloaded before import = 0Number of asset objects unloaded after import = 10

========================================================================
Received Import Request.
  Time since last request: 0.000018 seconds.
  path: Assets/ModAssets/Materials/Custom Materials/Metal Silver.mat
  artifactKey: Guid(346183a72a1454a878a57ebb8b961c51) Importer(2089858483,d624ce77472d68a35037170ec1d2d27e)
Start importing Assets/ModAssets/Materials/Custom Materials/Metal Silver.mat using Guid(346183a72a1454a878a57ebb8b961c51) Importer(2089858483,d624ce77472d68a35037170ec1d2d27e) (ScriptedImporter) -> (artifact id: '35bb5e4a33571f93bdc74cd4201fd5f8') in 0.0150233 seconds
Number of updated asset objects reloaded before import = 0Number of asset objects unloaded after import = 1

========================================================================
Received Import Request.
  Time since last request: 0.000029 seconds.
  path: Assets/FPS/Prefabs/Enemies/Enemy_Turret.prefab
  artifactKey: Guid(e29d43f43cc5d82499dd9926e01847d3) Importer(2089858483,d624ce77472d68a35037170ec1d2d27e)
Start importing Assets/FPS/Prefabs/Enemies/Enemy_Turret.prefab using Guid(e29d43f43cc5d82499dd9926e01847d3) Importer(2089858483,d624ce77472d68a35037170ec1d2d27e) (ScriptedImporter) -> (artifact id: '045c8a34f10d7e37db85607b6f6393f5') in 0.0388688 seconds
Number of updated asset objects reloaded before import = 0Number of asset objects unloaded after import = 156

========================================================================
Received Import Request.
  Time since last request: 0.000017 seconds.
  path: Assets/FPS/Scripts/UI/FeedbackFlashHUD.cs
  artifactKey: Guid(fed84cad6ab9472468348126dddd368a) Importer(2089858483,d624ce77472d68a35037170ec1d2d27e)
Start importing Assets/FPS/Scripts/UI/FeedbackFlashHUD.cs using Guid(fed84cad6ab9472468348126dddd368a) Importer(2089858483,d624ce77472d68a35037170ec1d2d27e) (ScriptedImporter) -> (artifact id: '22935adbf749670aa21b6df59d37d25f') in 0.0284375 seconds
Number of updated asset objects reloaded before import = 0Number of asset objects unloaded after import = 0

========================================================================
Received Import Request.
  Time since last request: 0.000012 seconds.
  path: Assets/ModAssets/Materials/Custom Materials/Glass Dark.mat
  artifactKey: Guid(73d3b987427b7456eb9fced2cf259a38) Importer(2089858483,d624ce77472d68a35037170ec1d2d27e)
Start importing Assets/ModAssets/Materials/Custom Materials/Glass Dark.mat using Guid(73d3b987427b7456eb9fced2cf259a38) Importer(2089858483,d624ce77472d68a35037170ec1d2d27e) (ScriptedImporter) -> (artifact id: 'f92f3ff1ec4f2817cb51031b37fad185') in 0.0411501 seconds
Number of updated asset objects reloaded before import = 0Number of asset objects unloaded after import = 1

========================================================================
Received Import Request.
  Time since last request: 0.000016 seconds.
  path: Assets/CodeMonkey/KeyDoorSystem/_Demo/KeyDoorSystem_Demo.unity
  artifactKey: Guid(24b064e9c97e407458519d71cea5038b) Importer(2089858483,d624ce77472d68a35037170ec1d2d27e)
Start importing Assets/CodeMonkey/KeyDoorSystem/_Demo/KeyDoorSystem_Demo.unity using Guid(24b064e9c97e407458519d71cea5038b) Importer(2089858483,d624ce77472d68a35037170ec1d2d27e) (ScriptedImporter) -> (artifact id: 'cbd2dde8a16e9e03ab16893003dc0a95') in 0.0152239 seconds
Number of updated asset objects reloaded before import = 0Number of asset objects unloaded after import = 1

========================================================================
Received Import Request.
  Time since last request: 0.000017 seconds.
  path: Assets/FPS/Scripts/Gameplay/TeleportPlayer.cs
  artifactKey: Guid(3a304a5233f1c3646ad5342015726b1d) Importer(2089858483,d624ce77472d68a35037170ec1d2d27e)
Start importing Assets/FPS/Scripts/Gameplay/TeleportPlayer.cs using Guid(3a304a5233f1c3646ad5342015726b1d) Importer(2089858483,d624ce77472d68a35037170ec1d2d27e) (ScriptedImporter) -> (artifact id: '41d40e7e71c7eb4273877563d2714f32') in 0.0119969 seconds
Number of updated asset objects reloaded before import = 0Number of asset objects unloaded after import = 0

========================================================================
Received Import Request.
  Time since last request: 0.000017 seconds.
  path: Assets/FPS/Scripts/Editor/UITableEditor.cs
  artifactKey: Guid(d6ad043c45f6e794cae57e90893e61fa) Importer(2089858483,d624ce77472d68a35037170ec1d2d27e)
Start importing Assets/FPS/Scripts/Editor/UITableEditor.cs using Guid(d6ad043c45f6e794cae57e90893e61fa) Importer(2089858483,d624ce77472d68a35037170ec1d2d27e) (ScriptedImporter) -> (artifact id: '6a42f232720ae1c8383221d6d74f4a66') in 0.0576082 seconds
Number of updated asset objects reloaded before import = 0Number of asset objects unloaded after import = 0

========================================================================
Received Import Request.
  Time since last request: 0.000016 seconds.
  path: Assets/AddOns/MgFPS_Boomshot/BoomShot_VFX/Materials/BoomShot_OverheatMat.mat
  artifactKey: Guid(931c6b37b92b94c47ad796b2e8c592f2) Importer(2089858483,d624ce77472d68a35037170ec1d2d27e)
Start importing Assets/AddOns/MgFPS_Boomshot/BoomShot_VFX/Materials/BoomShot_OverheatMat.mat using Guid(931c6b37b92b94c47ad796b2e8c592f2) Importer(2089858483,d624ce77472d68a35037170ec1d2d27e) (ScriptedImporter) -> (artifact id: '9930fc2cd3648630d5026424ee22b002') in 0.0137269 seconds
Number of updated asset objects reloaded before import = 0Number of asset objects unloaded after import = 1

========================================================================
Received Import Request.
  Time since last request: 0.000018 seconds.
  path: Assets/FPS/Tutorials/AddEnemyBot/WT-Select-Prefab.mov
  artifactKey: Guid(5ac8547c1357e44ef84b3fdfda948b7f) Importer(2089858483,d624ce77472d68a35037170ec1d2d27e)
Start importing Assets/FPS/Tutorials/AddEnemyBot/WT-Select-Prefab.mov using Guid(5ac8547c1357e44ef84b3fdfda948b7f) Importer(2089858483,d624ce77472d68a35037170ec1d2d27e) (ScriptedImporter) -> (artifact id: '740b9337ae5537c66910fae3ff8053b5') in 0.0704526 seconds
Number of updated asset objects reloaded before import = 0Number of asset objects unloaded after import = 1

========================================================================
Received Import Request.
  Time since last request: 1.639408 seconds.
  path: Assets/AddOns/MgFPS_Quasar/Quasar_VFX/Materials/Quasar_ElectricBeam.mat
  artifactKey: Guid(1616b94650122434d86079f760995738) Importer(2089858483,d624ce77472d68a35037170ec1d2d27e)
Start importing Assets/AddOns/MgFPS_Quasar/Quasar_VFX/Materials/Quasar_ElectricBeam.mat using Guid(1616b94650122434d86079f760995738) Importer(2089858483,d624ce77472d68a35037170ec1d2d27e) (ScriptedImporter) -> (artifact id: 'a68a9aaae0f49186d1a511950deace90') in 0.0614077 seconds
Number of updated asset objects reloaded before import = 0Number of asset objects unloaded after import = 2

========================================================================
Received Import Request.
  Time since last request: 0.000019 seconds.
  path: Assets/FPS/Art/Textures/Props/StatueBig_MetallicSmooth.png
  artifactKey: Guid(678ce64fe1c2b7b419b59dadee8dc0b8) Importer(2089858483,d624ce77472d68a35037170ec1d2d27e)
Start importing Assets/FPS/Art/Textures/Props/StatueBig_MetallicSmooth.png using Guid(678ce64fe1c2b7b419b59dadee8dc0b8) Importer(2089858483,d624ce77472d68a35037170ec1d2d27e) (ScriptedImporter) -> (artifact id: '942feb98a591ee85eac8276d48c79421') in 0.0136948 seconds
Number of updated asset objects reloaded before import = 0Number of asset objects unloaded after import = 1

========================================================================
Received Import Request.
  Time since last request: 0.000029 seconds.
  path: Assets/FPS/Art/Textures/UI/HUD_Key_Bg.png
  artifactKey: Guid(81c448d84d41b244a91a738f53252f9b) Importer(2089858483,d624ce77472d68a35037170ec1d2d27e)
Start importing Assets/FPS/Art/Textures/UI/HUD_Key_Bg.png using Guid(81c448d84d41b244a91a738f53252f9b) Importer(2089858483,d624ce77472d68a35037170ec1d2d27e) (ScriptedImporter) -> (artifact id: 'bb2787a51010230b37dd35981605674f') in 0.0663589 seconds
Number of updated asset objects reloaded before import = 0Number of asset objects unloaded after import = 3

========================================================================
Received Import Request.
  Time since last request: 0.000015 seconds.
  path: Assets/AddOns/MgFPS_Thunderlight/Thunderlight_MeshandTextures/Textures/Thunderlight_MetallicSmoothness.png
  artifactKey: Guid(5149ad69dac1a5b4385dc04b9d2bff63) Importer(2089858483,d624ce77472d68a35037170ec1d2d27e)
Start importing Assets/AddOns/MgFPS_Thunderlight/Thunderlight_MeshandTextures/Textures/Thunderlight_MetallicSmoothness.png using Guid(5149ad69dac1a5b4385dc04b9d2bff63) Importer(2089858483,d624ce77472d68a35037170ec1d2d27e) (ScriptedImporter) -> (artifact id: '3a2a29e5007e2fa462f2f98eb0b0d10e') in 0.0260142 seconds
Number of updated asset objects reloaded before import = 0Number of asset objects unloaded after import = 1

========================================================================
Received Import Request.
  Time since last request: 0.000016 seconds.
  path: Assets/FPS/Art/Materials/VFX/HealthCube.mat
  artifactKey: Guid(a0798aa25b2a35247b262820a588a364) Importer(2089858483,d624ce77472d68a35037170ec1d2d27e)
Start importing Assets/FPS/Art/Materials/VFX/HealthCube.mat using Guid(a0798aa25b2a35247b262820a588a364) Importer(2089858483,d624ce77472d68a35037170ec1d2d27e) (ScriptedImporter) -> (artifact id: 'b61d90949983772196db203d7e2ece67') in 0.0718415 seconds
Number of updated asset objects reloaded before import = 0Number of asset objects unloaded after import = 2

========================================================================
Received Import Request.
  Time since last request: 0.000030 seconds.
  path: Assets/FPS/Art/Textures/UI/Notification_Enemy_Icon.png
  artifactKey: Guid(f508c28b9e2b993418fa54db9c535ae9) Importer(2089858483,d624ce77472d68a35037170ec1d2d27e)
Start importing Assets/FPS/Art/Textures/UI/Notification_Enemy_Icon.png using Guid(f508c28b9e2b993418fa54db9c535ae9) Importer(2089858483,d624ce77472d68a35037170ec1d2d27e) (ScriptedImporter) -> (artifact id: 'b8b6c31df85b862002fe8dc241910433') in 0.0993322 seconds
Number of updated asset objects reloaded before import = 0Number of asset objects unloaded after import = 3

========================================================================
Received Import Request.
  Time since last request: 0.000014 seconds.
  path: Assets/FPS/Art/Textures/Pickups/HealthPickup_AO.png
  artifactKey: Guid(eea8ae6f986e93c4ea8ee71ef8316494) Importer(2089858483,d624ce77472d68a35037170ec1d2d27e)
Start importing Assets/FPS/Art/Textures/Pickups/HealthPickup_AO.png using Guid(eea8ae6f986e93c4ea8ee71ef8316494) Importer(2089858483,d624ce77472d68a35037170ec1d2d27e) (ScriptedImporter) -> (artifact id: '7af44ff792f510fa023c93c42721c881') in 0.029178 seconds
Number of updated asset objects reloaded before import = 0Number of asset objects unloaded after import = 1

========================================================================
Received Import Request.
  Time since last request: 0.000016 seconds.
  path: Assets/FPS/Prefabs/Level/Crawl/Crawl_Hall.prefab
  artifactKey: Guid(af7e40baf6cbccc4eb3f8a7831226b96) Importer(2089858483,d624ce77472d68a35037170ec1d2d27e)
Start importing Assets/FPS/Prefabs/Level/Crawl/Crawl_Hall.prefab using Guid(af7e40baf6cbccc4eb3f8a7831226b96) Importer(2089858483,d624ce77472d68a35037170ec1d2d27e) (ScriptedImporter) -> (artifact id: 'cd0e237265cc016d46d395c783454091') in 0.0133652 seconds
Number of updated asset objects reloaded before import = 0Number of asset objects unloaded after import = 203

========================================================================
Received Import Request.
  Time since last request: 0.000030 seconds.
  path: Assets/FPS/Art/Materials/VFX/HealthPickups.mat
  artifactKey: Guid(ebfa40a40d62b2b40a61c30fe7411e11) Importer(2089858483,d624ce77472d68a35037170ec1d2d27e)
Start importing Assets/FPS/Art/Materials/VFX/HealthPickups.mat using Guid(ebfa40a40d62b2b40a61c30fe7411e11) Importer(2089858483,d624ce77472d68a35037170ec1d2d27e) (ScriptedImporter) -> (artifact id: 'b66b7c4d307472b48c9a4643d2a2ebc4') in 0.0305615 seconds
Number of updated asset objects reloaded before import = 0Number of asset objects unloaded after import = 2

========================================================================
Received Import Request.
  Time since last request: 0.000012 seconds.
  path: Assets/FPS/Prefabs/Level/BaseObjects/Ramp_8m_Mesh.prefab
  artifactKey: Guid(01e098456aadb2c4480a8c5b62925e15) Importer(2089858483,d624ce77472d68a35037170ec1d2d27e)
Start importing Assets/FPS/Prefabs/Level/BaseObjects/Ramp_8m_Mesh.prefab using Guid(01e098456aadb2c4480a8c5b62925e15) Importer(2089858483,d624ce77472d68a35037170ec1d2d27e) (ScriptedImporter) -> (artifact id: '66e4695fc7916a3ba6cccb0c679d447c') in 0.0293828 seconds
Number of updated asset objects reloaded before import = 0Number of asset objects unloaded after import = 9

========================================================================
Received Import Request.
  Time since last request: 0.000018 seconds.
  path: Assets/FPS/Prefabs/Level/Rooms/Room_Small_Y.prefab
  artifactKey: Guid(5c1f92430588e114db439f8f71ad58e5) Importer(2089858483,d624ce77472d68a35037170ec1d2d27e)
Start importing Assets/FPS/Prefabs/Level/Rooms/Room_Small_Y.prefab using Guid(5c1f92430588e114db439f8f71ad58e5) Importer(2089858483,d624ce77472d68a35037170ec1d2d27e) (ScriptedImporter) -> (artifact id: '4f432bcdc284f002b5a320e29d73985b') in 0.0244368 seconds
Number of updated asset objects reloaded before import = 0Number of asset objects unloaded after import = 410

========================================================================
Received Import Request.
  Time since last request: 0.000022 seconds.
  path: Assets/FPS/Audio/SFX/Enemies/Hoverbot_Movement.wav
  artifactKey: Guid(44c5f76f80602024e82d3e5f3af4ee97) Importer(2089858483,d624ce77472d68a35037170ec1d2d27e)
Start importing Assets/FPS/Audio/SFX/Enemies/Hoverbot_Movement.wav using Guid(44c5f76f80602024e82d3e5f3af4ee97) Importer(2089858483,d624ce77472d68a35037170ec1d2d27e) (ScriptedImporter) -> (artifact id: '8ad5de7b223bb75509a37ca7e2f0a1e3') in 0.0875627 seconds
Number of updated asset objects reloaded before import = 0Number of asset objects unloaded after import = 1

========================================================================
Received Import Request.
  Time since last request: 0.000026 seconds.
  path: Assets/FPS/Audio/SFX/Player/Footstep.wav
  artifactKey: Guid(f404f8d3c2a4b4f48989fb1120e78fb8) Importer(2089858483,d624ce77472d68a35037170ec1d2d27e)
Start importing Assets/FPS/Audio/SFX/Player/Footstep.wav using Guid(f404f8d3c2a4b4f48989fb1120e78fb8) Importer(2089858483,d624ce77472d68a35037170ec1d2d27e) (ScriptedImporter) -> (artifact id: '03459afd911a61d9ec2f32af1b26d0cf') in 0.0281715 seconds
Number of updated asset objects reloaded before import = 0Number of asset objects unloaded after import = 1

========================================================================
Received Import Request.
  Time since last request: 0.000019 seconds.
  path: Assets/FPS/Prefabs/Level/Catwalk/Cat_Hall_Wall.prefab
  artifactKey: Guid(b77f5c4eeade4314eba8af8750deeb16) Importer(2089858483,d624ce77472d68a35037170ec1d2d27e)
Start importing Assets/FPS/Prefabs/Level/Catwalk/Cat_Hall_Wall.prefab using Guid(b77f5c4eeade4314eba8af8750deeb16) Importer(2089858483,d624ce77472d68a35037170ec1d2d27e) (ScriptedImporter) -> (artifact id: '08d4e77dc1d98554724d75c7a1a09c28') in 0.0141098 seconds
Number of updated asset objects reloaded before import = 0Number of asset objects unloaded after import = 34

========================================================================
Received Import Request.
  Time since last request: 0.000015 seconds.
  path: Assets/FPS/Art/Textures/Characters/Turret_Body_MetallicSmooth.png
  artifactKey: Guid(bc34b669148a64648bc66d09fc08dd97) Importer(2089858483,d624ce77472d68a35037170ec1d2d27e)
Start importing Assets/FPS/Art/Textures/Characters/Turret_Body_MetallicSmooth.png using Guid(bc34b669148a64648bc66d09fc08dd97) Importer(2089858483,d624ce77472d68a35037170ec1d2d27e) (ScriptedImporter) -> (artifact id: 'ef2d58e06bade749e86e85ecd3f5af34') in 0.018358 seconds
Number of updated asset objects reloaded before import = 0Number of asset objects unloaded after import = 1

========================================================================
Received Import Request.
  Time since last request: 0.000021 seconds.
  path: Assets/FPS/Prefabs/Level/Stairwell/Stairs_Large.prefab
  artifactKey: Guid(757acbc2a10061e448acfff833eae77b) Importer(2089858483,d624ce77472d68a35037170ec1d2d27e)
Start importing Assets/FPS/Prefabs/Level/Stairwell/Stairs_Large.prefab using Guid(757acbc2a10061e448acfff833eae77b) Importer(2089858483,d624ce77472d68a35037170ec1d2d27e) (ScriptedImporter) -> (artifact id: '3d692d8433ed00a900e1c428b78b1bb1') in 0.0719528 seconds
Number of updated asset objects reloaded before import = 0Number of asset objects unloaded after import = 97

========================================================================
Received Import Request.
  Time since last request: 0.000015 seconds.
  path: Assets/FPS/Audio/SFX/Enemies/Turret_Attack.wav
  artifactKey: Guid(0d44f0cb2e91f5f4ca09aded9a1bd9ab) Importer(2089858483,d624ce77472d68a35037170ec1d2d27e)
Start importing Assets/FPS/Audio/SFX/Enemies/Turret_Attack.wav using Guid(0d44f0cb2e91f5f4ca09aded9a1bd9ab) Importer(2089858483,d624ce77472d68a35037170ec1d2d27e) (ScriptedImporter) -> (artifact id: 'e1457732678eac32ba697931e4243684') in 0.3610805 seconds
Number of updated asset objects reloaded before import = 0Number of asset objects unloaded after import = 1

========================================================================
Received Import Request.
  Time since last request: 0.000019 seconds.
  path: Assets/FPS/Prefabs/PBObjects/Walls/PBWall_DoorLarge.prefab
  artifactKey: Guid(e37874e73755d3a4bac708180c83c7eb) Importer(2089858483,d624ce77472d68a35037170ec1d2d27e)
Start importing Assets/FPS/Prefabs/PBObjects/Walls/PBWall_DoorLarge.prefab using Guid(e37874e73755d3a4bac708180c83c7eb) Importer(2089858483,d624ce77472d68a35037170ec1d2d27e) (ScriptedImporter) -> (artifact id: '811a0112e38c6a13379fe8e1935ceccf') in 0.053972 seconds
Number of updated asset objects reloaded before import = 0Number of asset objects unloaded after import = 11

========================================================================
Received Import Request.
  Time since last request: 0.000025 seconds.
  path: Assets/FPS/Audio/SFX/Player/Land.wav
  artifactKey: Guid(d0f1afed8fa916244af6ca73579ded67) Importer(2089858483,d624ce77472d68a35037170ec1d2d27e)
Start importing Assets/FPS/Audio/SFX/Player/Land.wav using Guid(d0f1afed8fa916244af6ca73579ded67) Importer(2089858483,d624ce77472d68a35037170ec1d2d27e) (ScriptedImporter) -> (artifact id: '842b7adec92e7450f39ccf882dc5bff6') in 0.0245104 seconds
Number of updated asset objects reloaded before import = 0Number of asset objects unloaded after import = 1

========================================================================
Received Import Request.
  Time since last request: 0.000012 seconds.
  path: Assets/FPS/Prefabs/Level/Signs/Sign_Basic_Floor.prefab
  artifactKey: Guid(509d754db50222f46b673c4778f267e4) Importer(2089858483,d624ce77472d68a35037170ec1d2d27e)
Start importing Assets/FPS/Prefabs/Level/Signs/Sign_Basic_Floor.prefab using Guid(509d754db50222f46b673c4778f267e4) Importer(2089858483,d624ce77472d68a35037170ec1d2d27e) (ScriptedImporter) -> (artifact id: '485fe7973d703448f80c741190d5f271') in 0.0362306 seconds
Number of updated asset objects reloaded before import = 0Number of asset objects unloaded after import = 10

========================================================================
Received Import Request.
  Time since last request: 0.000018 seconds.
  path: Assets/FPS/Tutorials/BuildAndPublish/Criteria/PublishCriteria.cs
  artifactKey: Guid(c3420f187011c1a43824ca0d4c88d6c6) Importer(2089858483,d624ce77472d68a35037170ec1d2d27e)
Start importing Assets/FPS/Tutorials/BuildAndPublish/Criteria/PublishCriteria.cs using Guid(c3420f187011c1a43824ca0d4c88d6c6) Importer(2089858483,d624ce77472d68a35037170ec1d2d27e) (ScriptedImporter) -> (artifact id: '7e2407c1e134c935f1281d0b7125355b') in 0.074188 seconds
Number of updated asset objects reloaded before import = 0Number of asset objects unloaded after import = 0

========================================================================
Received Import Request.
  Time since last request: 0.000034 seconds.
  path: Assets/FPS/Prefabs/Level/MainLvl/Section3/Balcony_Ghost.prefab
  artifactKey: Guid(cf4f58d399eadd24aaa1ea13fcf967b8) Importer(2089858483,d624ce77472d68a35037170ec1d2d27e)
Start importing Assets/FPS/Prefabs/Level/MainLvl/Section3/Balcony_Ghost.prefab using Guid(cf4f58d399eadd24aaa1ea13fcf967b8) Importer(2089858483,d624ce77472d68a35037170ec1d2d27e) (ScriptedImporter) -> (artifact id: '1d671d265a8ae2596ce456e3befb7610') in 0.0150527 seconds
Number of updated asset objects reloaded before import = 0Number of asset objects unloaded after import = 238

========================================================================
Received Import Request.
  Time since last request: 0.000017 seconds.
  path: Assets/FPS/Prefabs/Level/MainLvl/Section2/Floors_Entry.prefab
  artifactKey: Guid(bd9186550cf002443b7b6c64c4f7a0b2) Importer(2089858483,d624ce77472d68a35037170ec1d2d27e)
Start importing Assets/FPS/Prefabs/Level/MainLvl/Section2/Floors_Entry.prefab using Guid(bd9186550cf002443b7b6c64c4f7a0b2) Importer(2089858483,d624ce77472d68a35037170ec1d2d27e) (ScriptedImporter) -> (artifact id: 'b1a7f6cfeb2257f4b8c11c4986860169') in 0.0248858 seconds
Number of updated asset objects reloaded before import = 0Number of asset objects unloaded after import = 285

========================================================================
Received Import Request.
  Time since last request: 0.000025 seconds.
  path: Assets/FPS/Art/Textures/Pickups/Jetpack_AO.png
  artifactKey: Guid(1c08bd4b0708fd44fb61168f99f6cbcb) Importer(2089858483,d624ce77472d68a35037170ec1d2d27e)
Start importing Assets/FPS/Art/Textures/Pickups/Jetpack_AO.png using Guid(1c08bd4b0708fd44fb61168f99f6cbcb) Importer(2089858483,d624ce77472d68a35037170ec1d2d27e) (ScriptedImporter) -> (artifact id: '5c653e1dc692e6ab25fc2afb7f09ad36') in 0.0164147 seconds
Number of updated asset objects reloaded before import = 0Number of asset objects unloaded after import = 1

========================================================================
Received Import Request.
  Time since last request: 0.000024 seconds.
  path: Assets/FPS/Art/Textures/VFX/Projectile.bmp
  artifactKey: Guid(faa0a145c73a4f145bff07c03024ae3f) Importer(2089858483,d624ce77472d68a35037170ec1d2d27e)
Start importing Assets/FPS/Art/Textures/VFX/Projectile.bmp using Guid(faa0a145c73a4f145bff07c03024ae3f) Importer(2089858483,d624ce77472d68a35037170ec1d2d27e) (ScriptedImporter) -> (artifact id: '90849ba5a90d74a2543bb49f4d23c623') in 0.0169051 seconds
Number of updated asset objects reloaded before import = 0Number of asset objects unloaded after import = 1

========================================================================
Received Import Request.
  Time since last request: 0.000018 seconds.
  path: Assets/FPS/Prefabs/Level/Floors/Floor_3x3.prefab
  artifactKey: Guid(d5920ec2e9589fa49af231931214586b) Importer(2089858483,d624ce77472d68a35037170ec1d2d27e)
Start importing Assets/FPS/Prefabs/Level/Floors/Floor_3x3.prefab using Guid(d5920ec2e9589fa49af231931214586b) Importer(2089858483,d624ce77472d68a35037170ec1d2d27e) (ScriptedImporter) -> (artifact id: '616bff4e4b07d33f81f0db2c2e46926d') in 0.0553933 seconds
Number of updated asset objects reloaded before import = 0Number of asset objects unloaded after import = 68

========================================================================
Received Import Request.
  Time since last request: 0.000020 seconds.
  path: Assets/FPS/Art/Materials/VFX/GunCylinders.mat
  artifactKey: Guid(170a8a9edf248d642990ead8020b8f0c) Importer(2089858483,d624ce77472d68a35037170ec1d2d27e)
Start importing Assets/FPS/Art/Materials/VFX/GunCylinders.mat using Guid(170a8a9edf248d642990ead8020b8f0c) Importer(2089858483,d624ce77472d68a35037170ec1d2d27e) (ScriptedImporter) -> (artifact id: 'cabd1bfa388e2715b57ea9cef07ecc44') in 0.0296691 seconds
Number of updated asset objects reloaded before import = 0Number of asset objects unloaded after import = 2

========================================================================
Received Import Request.
  Time since last request: 0.000023 seconds.
  path: Assets/FPS/Prefabs/Level/BaseObjects/Dun_BigDoor_Mesh.prefab
  artifactKey: Guid(7bc503aa9132b4e47a448315b66731b4) Importer(2089858483,d624ce77472d68a35037170ec1d2d27e)
Start importing Assets/FPS/Prefabs/Level/BaseObjects/Dun_BigDoor_Mesh.prefab using Guid(7bc503aa9132b4e47a448315b66731b4) Importer(2089858483,d624ce77472d68a35037170ec1d2d27e) (ScriptedImporter) -> (artifact id: 'de129ee4e7cb429066b1cc8763f8ca4b') in 0.0243473 seconds
Number of updated asset objects reloaded before import = 0Number of asset objects unloaded after import = 9

========================================================================
Received Import Request.
  Time since last request: 0.000017 seconds.
  path: Assets/FPS/Art/Textures/VFX/Symbol_ExclamationMark.tga
  artifactKey: Guid(cfb4e85a61d4186468353b192daf565f) Importer(2089858483,d624ce77472d68a35037170ec1d2d27e)
Start importing Assets/FPS/Art/Textures/VFX/Symbol_ExclamationMark.tga using Guid(cfb4e85a61d4186468353b192daf565f) Importer(2089858483,d624ce77472d68a35037170ec1d2d27e) (ScriptedImporter) -> (artifact id: '1b3c6c054f1f196889f4c716b605b499') in 0.0263184 seconds
Number of updated asset objects reloaded before import = 0Number of asset objects unloaded after import = 1

========================================================================
Received Import Request.
  Time since last request: 0.000016 seconds.
  path: Assets/FPS/Art/Materials/VFX/SmokeOverheat.mat
  artifactKey: Guid(c0c800bf948180345ad0ef9380a6851f) Importer(2089858483,d624ce77472d68a35037170ec1d2d27e)
Start importing Assets/FPS/Art/Materials/VFX/SmokeOverheat.mat using Guid(c0c800bf948180345ad0ef9380a6851f) Importer(2089858483,d624ce77472d68a35037170ec1d2d27e) (ScriptedImporter) -> (artifact id: 'e2e3e8e91caf9d3e41094b4768c2e22a') in 0.0144796 seconds
Number of updated asset objects reloaded before import = 0Number of asset objects unloaded after import = 2

========================================================================
Received Import Request.
  Time since last request: 0.000019 seconds.
  path: Assets/FPS/Audio/SFX/Weapons/Launcher_Release.wav
  artifactKey: Guid(0cacf9e8e361eb24e9101b28422f7c08) Importer(2089858483,d624ce77472d68a35037170ec1d2d27e)
Start importing Assets/FPS/Audio/SFX/Weapons/Launcher_Release.wav using Guid(0cacf9e8e361eb24e9101b28422f7c08) Importer(2089858483,d624ce77472d68a35037170ec1d2d27e) (ScriptedImporter) -> (artifact id: 'b20aec11954799f717402a8ab12fc37e') in 0.0388636 seconds
Number of updated asset objects reloaded before import = 0Number of asset objects unloaded after import = 1

========================================================================
Received Import Request.
  Time since last request: 0.000024 seconds.
  path: Assets/FPS/Art/Materials/Weapons/WeaponBlaster.mat
  artifactKey: Guid(378d0d996297d3146b8a2ec85e9065ab) Importer(2089858483,d624ce77472d68a35037170ec1d2d27e)
Start importing Assets/FPS/Art/Materials/Weapons/WeaponBlaster.mat using Guid(378d0d996297d3146b8a2ec85e9065ab) Importer(2089858483,d624ce77472d68a35037170ec1d2d27e) (ScriptedImporter) -> (artifact id: '74600bc0179740edad0782c39169100f') in 0.064389 seconds
Number of updated asset objects reloaded before import = 0Number of asset objects unloaded after import = 1

========================================================================
Received Import Request.
  Time since last request: 0.000031 seconds.
  path: Assets/FPS/Scripts/Game/Managers/AudioManager.cs
  artifactKey: Guid(1d54177cab788734b8ecb4674c6e5328) Importer(2089858483,d624ce77472d68a35037170ec1d2d27e)
Start importing Assets/FPS/Scripts/Game/Managers/AudioManager.cs using Guid(1d54177cab788734b8ecb4674c6e5328) Importer(2089858483,d624ce77472d68a35037170ec1d2d27e) (ScriptedImporter) -> (artifact id: 'c15c0a443ba2d0a88376b6787bc24d66') in 0.0115315 seconds
Number of updated asset objects reloaded before import = 0Number of asset objects unloaded after import = 0

========================================================================
Received Import Request.
  Time since last request: 0.000018 seconds.
  path: Assets/FPS/Art/Textures/Pickups/HealthPickup_Albedo.png
  artifactKey: Guid(4d2d1f6aa382039488da6502c1b80269) Importer(2089858483,d624ce77472d68a35037170ec1d2d27e)
Start importing Assets/FPS/Art/Textures/Pickups/HealthPickup_Albedo.png using Guid(4d2d1f6aa382039488da6502c1b80269) Importer(2089858483,d624ce77472d68a35037170ec1d2d27e) (ScriptedImporter) -> (artifact id: '6326f7b090f16ac22a62ad6ca3825b8a') in 0.0191688 seconds
Number of updated asset objects reloaded before import = 0Number of asset objects unloaded after import = 1

========================================================================
Received Import Request.
  Time since last request: 0.000027 seconds.
  path: Assets/FPS/Art/Materials/VFX/GunCylinders_Trail.mat
  artifactKey: Guid(eaddd324196a6784498ed43296062edf) Importer(2089858483,d624ce77472d68a35037170ec1d2d27e)
Start importing Assets/FPS/Art/Materials/VFX/GunCylinders_Trail.mat using Guid(eaddd324196a6784498ed43296062edf) Importer(2089858483,d624ce77472d68a35037170ec1d2d27e) (ScriptedImporter) -> (artifact id: 'dd242a39fa67a546b172cccfa7a2adf4') in 0.0127096 seconds
Number of updated asset objects reloaded before import = 0Number of asset objects unloaded after import = 1

========================================================================
Received Import Request.
  Time since last request: 0.000016 seconds.
  path: Assets/FPS/Scripts/Game/Shared/DamageArea.cs
  artifactKey: Guid(b0244d6b9e98532469c7be0732490a61) Importer(2089858483,d624ce77472d68a35037170ec1d2d27e)
Start importing Assets/FPS/Scripts/Game/Shared/DamageArea.cs using Guid(b0244d6b9e98532469c7be0732490a61) Importer(2089858483,d624ce77472d68a35037170ec1d2d27e) (ScriptedImporter) -> (artifact id: 'bb05bce0b11bf33776a8f8ccb9e516b1') in 0.0117762 seconds
Number of updated asset objects reloaded before import = 0Number of asset objects unloaded after import = 0

========================================================================
Received Import Request.
  Time since last request: 0.000015 seconds.
  path: Assets/FPS/Art/Materials/Level/Ramp_Blue_Transparent.mat
  artifactKey: Guid(5430ef02ed1d5de43bfd8fa2ffff44fe) Importer(2089858483,d624ce77472d68a35037170ec1d2d27e)
Start importing Assets/FPS/Art/Materials/Level/Ramp_Blue_Transparent.mat using Guid(5430ef02ed1d5de43bfd8fa2ffff44fe) Importer(2089858483,d624ce77472d68a35037170ec1d2d27e) (ScriptedImporter) -> (artifact id: '109e3169b01ffc75ba1af7f8fee5511d') in 0.0400948 seconds
Number of updated asset objects reloaded before import = 0Number of asset objects unloaded after import = 1

========================================================================
Received Import Request.
  Time since last request: 0.000020 seconds.
  path: Assets/AddOns/MgFPS_Enemy_Boss/Audio/SFX/Boss/Detection/SearchLight2.wav
  artifactKey: Guid(ab1b7b222daf1f54dadb523a5f5f14e3) Importer(2089858483,d624ce77472d68a35037170ec1d2d27e)
Start importing Assets/AddOns/MgFPS_Enemy_Boss/Audio/SFX/Boss/Detection/SearchLight2.wav using Guid(ab1b7b222daf1f54dadb523a5f5f14e3) Importer(2089858483,d624ce77472d68a35037170ec1d2d27e) (ScriptedImporter) -> (artifact id: '114456c2ebb300c783b62f69611574a0') in 0.0542351 seconds
Number of updated asset objects reloaded before import = 0Number of asset objects unloaded after import = 1

========================================================================
Received Import Request.
  Time since last request: 0.000030 seconds.
  path: Assets/FPS/Prefabs/Level/Dungeon/Dun_Corner.prefab
  artifactKey: Guid(1357d534d67e44349a4b7c67840165c7) Importer(2089858483,d624ce77472d68a35037170ec1d2d27e)
Start importing Assets/FPS/Prefabs/Level/Dungeon/Dun_Corner.prefab using Guid(1357d534d67e44349a4b7c67840165c7) Importer(2089858483,d624ce77472d68a35037170ec1d2d27e) (ScriptedImporter) -> (artifact id: 'd0337446468702a4ddf994e8080834ce') in 0.0142684 seconds
Number of updated asset objects reloaded before import = 0Number of asset objects unloaded after import = 93

========================================================================
Received Import Request.
  Time since last request: 0.000017 seconds.
  path: Assets/FPS/Prefabs/PBObjects/Floors/PBFloor_Indented.prefab
  artifactKey: Guid(3013fbf8357b752438198ff1f3ac02af) Importer(2089858483,d624ce77472d68a35037170ec1d2d27e)
Start importing Assets/FPS/Prefabs/PBObjects/Floors/PBFloor_Indented.prefab using Guid(3013fbf8357b752438198ff1f3ac02af) Importer(2089858483,d624ce77472d68a35037170ec1d2d27e) (ScriptedImporter) -> (artifact id: '4463d5b3bbd3b138a5a9eacd70f624eb') in 0.1667411 seconds
Number of updated asset objects reloaded before import = 0Number of asset objects unloaded after import = 30

========================================================================
Received Import Request.
  Time since last request: 0.000015 seconds.
  path: Assets/AddOns/MgFPS_Thunderlight/Thunderlight_MeshandTextures/Models/Thunderlight.fbx
  artifactKey: Guid(7de6d2d9d55159146808110f9afcf62f) Importer(2089858483,d624ce77472d68a35037170ec1d2d27e)
Start importing Assets/AddOns/MgFPS_Thunderlight/Thunderlight_MeshandTextures/Models/Thunderlight.fbx using Guid(7de6d2d9d55159146808110f9afcf62f) Importer(2089858483,d624ce77472d68a35037170ec1d2d27e) (ScriptedImporter) -> (artifact id: 'ec1d4a4355deaa1bf1ea44c2c3bde686') in 0.0176151 seconds
Number of updated asset objects reloaded before import = 0Number of asset objects unloaded after import = 16

========================================================================
Received Import Request.
  Time since last request: 0.000022 seconds.
  path: Assets/AddOns/MgFPS_Thunderlight/Thunderlight_VFX/Textures/Magic_Spell.png
  artifactKey: Guid(f7169167be33f1d48a5c513585bd27ca) Importer(2089858483,d624ce77472d68a35037170ec1d2d27e)
Start importing Assets/AddOns/MgFPS_Thunderlight/Thunderlight_VFX/Textures/Magic_Spell.png using Guid(f7169167be33f1d48a5c513585bd27ca) Importer(2089858483,d624ce77472d68a35037170ec1d2d27e) (ScriptedImporter) -> (artifact id: 'a6c9c784a54c7829b3a07d09ebacb2ef') in 0.0158571 seconds
Number of updated asset objects reloaded before import = 0Number of asset objects unloaded after import = 1

========================================================================
Received Import Request.
  Time since last request: 0.000015 seconds.
  path: Assets/FPS/Prefabs/Level/Steps/ShortSteps_Corner_Inverted.prefab
  artifactKey: Guid(89ba3c7a14290654fb1dd3b4e0df768b) Importer(2089858483,d624ce77472d68a35037170ec1d2d27e)
Start importing Assets/FPS/Prefabs/Level/Steps/ShortSteps_Corner_Inverted.prefab using Guid(89ba3c7a14290654fb1dd3b4e0df768b) Importer(2089858483,d624ce77472d68a35037170ec1d2d27e) (ScriptedImporter) -> (artifact id: 'bf928a49a761ef5123aa76082b0d83d9') in 0.0130826 seconds
Number of updated asset objects reloaded before import = 0Number of asset objects unloaded after import = 111

========================================================================
Received Import Request.
  Time since last request: 0.000017 seconds.
  path: Assets/FPS/Prefabs/Level/Ramps/Ramp_8m.prefab
  artifactKey: Guid(5c72ddea2f895514baf15cd7a04249d4) Importer(2089858483,d624ce77472d68a35037170ec1d2d27e)
Start importing Assets/FPS/Prefabs/Level/Ramps/Ramp_8m.prefab using Guid(5c72ddea2f895514baf15cd7a04249d4) Importer(2089858483,d624ce77472d68a35037170ec1d2d27e) (ScriptedImporter) -> (artifact id: 'beffa6b4a0d31b85bba1939bc89e4616') in 0.0469865 seconds
Number of updated asset objects reloaded before import = 0Number of asset objects unloaded after import = 10

========================================================================
Received Import Request.
  Time since last request: 0.000018 seconds.
  path: Assets/FPS/Audio/SFX/UI/Notification_Snap.wav
  artifactKey: Guid(3f01be6994a0ab6448a945dbdd9b3cda) Importer(2089858483,d624ce77472d68a35037170ec1d2d27e)
Start importing Assets/FPS/Audio/SFX/UI/Notification_Snap.wav using Guid(3f01be6994a0ab6448a945dbdd9b3cda) Importer(2089858483,d624ce77472d68a35037170ec1d2d27e) (ScriptedImporter) -> (artifact id: '637ec6b988f55c925c4edd5493f3d9fb') in 0.0709178 seconds
Number of updated asset objects reloaded before import = 0Number of asset objects unloaded after import = 1

========================================================================
Received Import Request.
  Time since last request: 0.000022 seconds.
  path: Assets/FPS/Art/Materials/Level/Ramp_Blue.mat
  artifactKey: Guid(22237c12152745e4d9a8755b953703f5) Importer(2089858483,d624ce77472d68a35037170ec1d2d27e)
Start importing Assets/FPS/Art/Materials/Level/Ramp_Blue.mat using Guid(22237c12152745e4d9a8755b953703f5) Importer(2089858483,d624ce77472d68a35037170ec1d2d27e) (ScriptedImporter) -> (artifact id: '05583aa1bdb0aef0ecf17fbb506413f9') in 0.065591 seconds
Number of updated asset objects reloaded before import = 0Number of asset objects unloaded after import = 1

========================================================================
Received Import Request.
  Time since last request: 0.000019 seconds.
  path: Assets/FPS/Art/Textures/UI/Crosshair_Blaster_Side.png
  artifactKey: Guid(e87f35a57d7a270469ddf9121f29d506) Importer(2089858483,d624ce77472d68a35037170ec1d2d27e)
Start importing Assets/FPS/Art/Textures/UI/Crosshair_Blaster_Side.png using Guid(e87f35a57d7a270469ddf9121f29d506) Importer(2089858483,d624ce77472d68a35037170ec1d2d27e) (ScriptedImporter) -> (artifact id: '2d29eaaddb31515c58b05e33e1d56786') in 0.0192979 seconds
Number of updated asset objects reloaded before import = 0Number of asset objects unloaded after import = 3

========================================================================
Received Import Request.
  Time since last request: 0.000020 seconds.
  path: Assets/FPS/Art/Textures/Pickups/HealthPickup_Normal.png
  artifactKey: Guid(32ab303fd8503904eaf5730b49dd3784) Importer(2089858483,d624ce77472d68a35037170ec1d2d27e)
Start importing Assets/FPS/Art/Textures/Pickups/HealthPickup_Normal.png using Guid(32ab303fd8503904eaf5730b49dd3784) Importer(2089858483,d624ce77472d68a35037170ec1d2d27e) (ScriptedImporter) -> (artifact id: '0ddb9e544c5be842d175e7fc26d73a33') in 0.0129153 seconds
Number of updated asset objects reloaded before import = 0Number of asset objects unloaded after import = 1

========================================================================
Received Import Request.
  Time since last request: 0.000024 seconds.
  path: Assets/FPS/Art/Textures/Characters/Turret_Body_Albedo.png
  artifactKey: Guid(2b69f8e6922e5dd44a04ac9b12005af7) Importer(2089858483,d624ce77472d68a35037170ec1d2d27e)
Start importing Assets/FPS/Art/Textures/Characters/Turret_Body_Albedo.png using Guid(2b69f8e6922e5dd44a04ac9b12005af7) Importer(2089858483,d624ce77472d68a35037170ec1d2d27e) (ScriptedImporter) -> (artifact id: 'd34a4d7adc5b24bb1aeaf009ba7c8588') in 0.0592173 seconds
Number of updated asset objects reloaded before import = 0Number of asset objects unloaded after import = 1

========================================================================
Received Import Request.
  Time since last request: 0.000015 seconds.
  path: Assets/FPS/Art/Materials/Enemies/HoverBot_Body.mat
  artifactKey: Guid(c3dc5a90c49c99142999f85d6b419d80) Importer(2089858483,d624ce77472d68a35037170ec1d2d27e)
Start importing Assets/FPS/Art/Materials/Enemies/HoverBot_Body.mat using Guid(c3dc5a90c49c99142999f85d6b419d80) Importer(2089858483,d624ce77472d68a35037170ec1d2d27e) (ScriptedImporter) -> (artifact id: '89a0b6faf466317e5b9eda544a1282af') in 0.015755 seconds
Number of updated asset objects reloaded before import = 0Number of asset objects unloaded after import = 4

========================================================================
Received Import Request.
  Time since last request: 0.000019 seconds.
  path: Assets/FPS/Art/Textures/UI/Notification_MainObj_Icon.png
  artifactKey: Guid(65fd26883529a5f4db44ea16cf925e82) Importer(2089858483,d624ce77472d68a35037170ec1d2d27e)
Start importing Assets/FPS/Art/Textures/UI/Notification_MainObj_Icon.png using Guid(65fd26883529a5f4db44ea16cf925e82) Importer(2089858483,d624ce77472d68a35037170ec1d2d27e) (ScriptedImporter) -> (artifact id: '1ae506a6196c6c15d2c8664e2057a61a') in 0.0567581 seconds
Number of updated asset objects reloaded before import = 0Number of asset objects unloaded after import = 3

========================================================================
Received Import Request.
  Time since last request: 0.000020 seconds.
  path: Assets/AddOns/MgFPS_Enemy_Boss/Audio/SFX/Boss/Detection/TVModule_EnemyDetected02.wav
  artifactKey: Guid(e4d2074f8359a5a4f8fdff1d7ee04551) Importer(2089858483,d624ce77472d68a35037170ec1d2d27e)
Start importing Assets/AddOns/MgFPS_Enemy_Boss/Audio/SFX/Boss/Detection/TVModule_EnemyDetected02.wav using Guid(e4d2074f8359a5a4f8fdff1d7ee04551) Importer(2089858483,d624ce77472d68a35037170ec1d2d27e) (ScriptedImporter) -> (artifact id: '17cebc2054f56356d3cdea94ed9a6fa1') in 0.0296194 seconds
Number of updated asset objects reloaded before import = 0Number of asset objects unloaded after import = 1

========================================================================
Received Import Request.
  Time since last request: 0.000015 seconds.
  path: Assets/FPS/Audio/SFX/Enemies/Hoverbot_Death.wav
  artifactKey: Guid(0a338d82d61863d4aa095317ca6ce19e) Importer(2089858483,d624ce77472d68a35037170ec1d2d27e)
Start importing Assets/FPS/Audio/SFX/Enemies/Hoverbot_Death.wav using Guid(0a338d82d61863d4aa095317ca6ce19e) Importer(2089858483,d624ce77472d68a35037170ec1d2d27e) (ScriptedImporter) -> (artifact id: 'f37c58269b51177a532bb842be82698d') in 0.0573017 seconds
Number of updated asset objects reloaded before import = 0Number of asset objects unloaded after import = 1

========================================================================
Received Import Request.
  Time since last request: 0.000018 seconds.
  path: Assets/FPS/Art/Textures/VFX/ExplosionRing.png
  artifactKey: Guid(e18928f10dd7f52488e3ad5ca3b8c1ea) Importer(2089858483,d624ce77472d68a35037170ec1d2d27e)
Start importing Assets/FPS/Art/Textures/VFX/ExplosionRing.png using Guid(e18928f10dd7f52488e3ad5ca3b8c1ea) Importer(2089858483,d624ce77472d68a35037170ec1d2d27e) (ScriptedImporter) -> (artifact id: '350b0090085aba9b386d2affdad77cf5') in 0.0168337 seconds
Number of updated asset objects reloaded before import = 0Number of asset objects unloaded after import = 1

========================================================================
Received Import Request.
  Time since last request: 0.000028 seconds.
  path: Assets/FPS/Prefabs/Level/BaseObjects/Wall_Door_Mesh.prefab
  artifactKey: Guid(81f93335543589a4f91b584e567ac59e) Importer(2089858483,d624ce77472d68a35037170ec1d2d27e)
Start importing Assets/FPS/Prefabs/Level/BaseObjects/Wall_Door_Mesh.prefab using Guid(81f93335543589a4f91b584e567ac59e) Importer(2089858483,d624ce77472d68a35037170ec1d2d27e) (ScriptedImporter) -> (artifact id: '97ceaa9c0e6c9b99af6d1e4084f84791') in 0.013729 seconds
Number of updated asset objects reloaded before import = 0Number of asset objects unloaded after import = 9

========================================================================
Received Import Request.
  Time since last request: 0.000022 seconds.
  path: Assets/FPS/Prefabs/Level/BaseObjects/Wall_DoorLarge_Mesh.prefab
  artifactKey: Guid(7673a77408601704487f600510222da0) Importer(2089858483,d624ce77472d68a35037170ec1d2d27e)
Start importing Assets/FPS/Prefabs/Level/BaseObjects/Wall_DoorLarge_Mesh.prefab using Guid(7673a77408601704487f600510222da0) Importer(2089858483,d624ce77472d68a35037170ec1d2d27e) (ScriptedImporter) -> (artifact id: '8bb2afbf4d2743fa142e86f032acb27d') in 0.0153992 seconds
Number of updated asset objects reloaded before import = 0Number of asset objects unloaded after import = 9

========================================================================
Received Import Request.
  Time since last request: 0.000017 seconds.
  path: Assets/FPS/Audio/SFX/Player/Damage_Tick2.mp3
  artifactKey: Guid(a7fae22399a6e1d448dc0dd2210f1dac) Importer(2089858483,d624ce77472d68a35037170ec1d2d27e)
Start importing Assets/FPS/Audio/SFX/Player/Damage_Tick2.mp3 using Guid(a7fae22399a6e1d448dc0dd2210f1dac) Importer(2089858483,d624ce77472d68a35037170ec1d2d27e) (ScriptedImporter) -> (artifact id: '081e26b8b74b26ed7b0811363a2c405a') in 0.0379354 seconds
Number of updated asset objects reloaded before import = 0Number of asset objects unloaded after import = 1

========================================================================
Received Import Request.
  Time since last request: 0.000022 seconds.
  path: Assets/AddOns/MgFPS_Thunderlight/Thunderlight_MeshandTextures/Textures/Crosshair_Thunderlight_Circle.png
  artifactKey: Guid(8437dab0298867848b12f52d954bcada) Importer(2089858483,d624ce77472d68a35037170ec1d2d27e)
Start importing Assets/AddOns/MgFPS_Thunderlight/Thunderlight_MeshandTextures/Textures/Crosshair_Thunderlight_Circle.png using Guid(8437dab0298867848b12f52d954bcada) Importer(2089858483,d624ce77472d68a35037170ec1d2d27e) (ScriptedImporter) -> (artifact id: '55c68714711ff63e0123793e43a65c25') in 0.0257331 seconds
Number of updated asset objects reloaded before import = 0Number of asset objects unloaded after import = 3

========================================================================
Received Prepare
Begin MonoManager ReloadAssembly
[Licensing::Client] Successfully resolved entitlement details
ADTM: Control thread waiting for realtime thread timed out, have to lock...
- Loaded All Assemblies, in  1.871 seconds
Refreshing native plugins compatible for Editor in 1.51 ms, found 2 plugins.
Assertion failed on expression: 'pred(*previous, *i)'
Assertion failed on expression: 'pred(*previous, *i)'
Assertion failed on expression: 'pred(*previous, *i)'
Assertion failed on expression: 'pred(*previous, *i)'
Assertion failed on expression: 'pred(*previous, *i)'
Assertion failed on expression: 'pred(*previous, *i)'
Assertion failed on expression: 'pred(*previous, *i)'
Assertion failed on expression: 'pred(*previous, *i)'
Assertion failed on expression: 'pred(*previous, *i)'
Assertion failed on expression: 'pred(*previous, *i)'
Assertion failed on expression: 'pred(*previous, *i)'
Assertion failed on expression: 'pred(*previous, *i)'
Assertion failed on expression: 'pred(*previous, *i)'
Assertion failed on expression: 'pred(*previous, *i)'
Assertion failed on expression: 'pred(*previous, *i)'
Assertion failed on expression: 'pred(*previous, *i)'
Assertion failed on expression: 'pred(*previous, *i)'
Assertion failed on expression: 'pred(*previous, *i)'
Assertion failed on expression: 'pred(*previous, *i)'
Assertion failed on expression: 'pred(*previous, *i)'
Assertion failed on expression: 'pred(*previous, *i)'
Assertion failed on expression: 'pred(*previous, *i)'
Assertion failed on expression: 'pred(*previous, *i)'
Assertion failed on expression: 'pred(*previous, *i)'
Assertion failed on expression: 'pred(*previous, *i)'
Assertion failed on expression: 'pred(*previous, *i)'
Assertion failed on expression: 'pred(*previous, *i)'
Assertion failed on expression: 'pred(*previous, *i)'
Assertion failed on expression: 'pred(*previous, *i)'
Assertion failed on expression: 'pred(*previous, *i)'
Assertion failed on expression: 'pred(*previous, *i)'
Assertion failed on expression: 'pred(*previous, *i)'
Assertion failed on expression: 'pred(*previous, *i)'
Assertion failed on expression: 'pred(*previous, *i)'
Assertion failed on expression: 'pred(*previous, *i)'
Assertion failed on expression: 'pred(*previous, *i)'
Assertion failed on expression: 'pred(*previous, *i)'
Assertion failed on expression: 'pred(*previous, *i)'
Assertion failed on expression: 'pred(*previous, *i)'
Assertion failed on expression: 'pred(*previous, *i)'
Assertion failed on expression: 'pred(*previous, *i)'
Assertion failed on expression: 'pred(*previous, *i)'
Assertion failed on expression: 'pred(*previous, *i)'
Assertion failed on expression: 'pred(*previous, *i)'
Assertion failed on expression: 'pred(*previous, *i)'
Assertion failed on expression: 'pred(*previous, *i)'
Assertion failed on expression: 'pred(*previous, *i)'
Assertion failed on expression: 'pred(*previous, *i)'
Assertion failed on expression: 'pred(*previous, *i)'
Assertion failed on expression: 'pred(*previous, *i)'
Assertion failed on expression: 'pred(*previous, *i)'
Assertion failed on expression: 'pred(*previous, *i)'
Assertion failed on expression: 'pred(*previous, *i)'
Assertion failed on expression: 'pred(*previous, *i)'
Assertion failed on expression: 'pred(*previous, *i)'
Assertion failed on expression: 'pred(*previous, *i)'
Assertion failed on expression: 'pred(*previous, *i)'
Assertion failed on expression: 'pred(*previous, *i)'
Assertion failed on expression: 'pred(*previous, *i)'
Assertion failed on expression: 'pred(*previous, *i)'
Assertion failed on expression: 'pred(*previous, *i)'
Assertion failed on expression: 'pred(*previous, *i)'
Assertion failed on expression: 'pred(*previous, *i)'
Assertion failed on expression: 'pred(*previous, *i)'
Assertion failed on expression: 'pred(*previous, *i)'
Assertion failed on expression: 'pred(*previous, *i)'
Assertion failed on expression: 'pred(*previous, *i)'
Assertion failed on expression: 'pred(*previous, *i)'
Assertion failed on expression: 'pred(*previous, *i)'
Assertion failed on expression: 'pred(*previous, *i)'
Assertion failed on expression: 'pred(*previous, *i)'
Assertion failed on expression: 'pred(*previous, *i)'
Assertion failed on expression: 'pred(*previous, *i)'
Assertion failed on expression: 'pred(*previous, *i)'
Assertion failed on expression: 'pred(*previous, *i)'
Assertion failed on expression: 'pred(*previous, *i)'
Assertion failed on expression: 'pred(*previous, *i)'
Assertion failed on expression: 'pred(*previous, *i)'
Assertion failed on expression: 'pred(*previous, *i)'
Assertion failed on expression: 'pred(*previous, *i)'
Assertion failed on expression: 'pred(*previous, *i)'
Assertion failed on expression: 'pred(*previous, *i)'
Assertion failed on expression: 'pred(*previous, *i)'
Assertion failed on expression: 'pred(*previous, *i)'
Assertion failed on expression: 'pred(*previous, *i)'
Assertion failed on expression: 'pred(*previous, *i)'
Assertion failed on expression: 'pred(*previous, *i)'
Assertion failed on expression: 'pred(*previous, *i)'
Assertion failed on expression: 'pred(*previous, *i)'
Assertion failed on expression: 'pred(*previous, *i)'
Assertion failed on expression: 'pred(*previous, *i)'
Assertion failed on expression: 'pred(*previous, *i)'
Assertion failed on expression: 'pred(*previous, *i)'
Assertion failed on expression: 'pred(*previous, *i)'
Assertion failed on expression: 'pred(*previous, *i)'
Assertion failed on expression: 'pred(*previous, *i)'
Assertion failed on expression: 'pred(*previous, *i)'
Assertion failed on expression: 'pred(*previous, *i)'
Assertion failed on expression: 'pred(*previous, *i)'
Assertion failed on expression: 'pred(*previous, *i)'
Assertion failed on expression: 'pred(*previous, *i)'
Assertion failed on expression: 'pred(*previous, *i)'
Assertion failed on expression: 'pred(*previous, *i)'
Assertion failed on expression: 'pred(*previous, *i)'
Assertion failed on expression: 'pred(*previous, *i)'
Assertion failed on expression: 'pred(*previous, *i)'
Assertion failed on expression: 'pred(*previous, *i)'
Assertion failed on expression: 'pred(*previous, *i)'
Assertion failed on expression: 'pred(*previous, *i)'
Assertion failed on expression: 'pred(*previous, *i)'
Assertion failed on expression: 'pred(*previous, *i)'
Assertion failed on expression: 'pred(*previous, *i)'
Assertion failed on expression: 'pred(*previous, *i)'
Assertion failed on expression: 'pred(*previous, *i)'
Assertion failed on expression: 'pred(*previous, *i)'
Assertion failed on expression: 'pred(*previous, *i)'
Assertion failed on expression: 'pred(*previous, *i)'
Assertion failed on expression: 'pred(*previous, *i)'
Assertion failed on expression: 'pred(*previous, *i)'
Assertion failed on expression: 'pred(*previous, *i)'
Assertion failed on expression: 'pred(*previous, *i)'
Assertion failed on expression: 'pred(*previous, *i)'
Assertion failed on expression: 'pred(*previous, *i)'
Assertion failed on expression: 'pred(*previous, *i)'
Assertion failed on expression: 'pred(*previous, *i)'
Assertion failed on expression: 'pred(*previous, *i)'
Assertion failed on expression: 'pred(*previous, *i)'
Assertion failed on expression: 'pred(*previous, *i)'
Assertion failed on expression: 'pred(*previous, *i)'
Assertion failed on expression: 'pred(*previous, *i)'
Assertion failed on expression: 'pred(*previous, *i)'
Assertion failed on expression: 'pred(*previous, *i)'
Assertion failed on expression: 'pred(*previous, *i)'
Assertion failed on expression: 'pred(*previous, *i)'
Assertion failed on expression: 'pred(*previous, *i)'
Assertion failed on expression: 'pred(*previous, *i)'
Assertion failed on expression: 'pred(*previous, *i)'
Assertion failed on expression: 'pred(*previous, *i)'
Assertion failed on expression: 'pred(*previous, *i)'
Assertion failed on expression: 'pred(*previous, *i)'
Assertion failed on expression: 'pred(*previous, *i)'
Assertion failed on expression: 'pred(*previous, *i)'
Assertion failed on expression: 'pred(*previous, *i)'
Assertion failed on expression: 'pred(*previous, *i)'
Assertion failed on expression: 'pred(*previous, *i)'
Assertion failed on expression: 'pred(*previous, *i)'
Assertion failed on expression: 'pred(*previous, *i)'
Assertion failed on expression: 'pred(*previous, *i)'
Assertion failed on expression: 'pred(*previous, *i)'
Assertion failed on expression: 'pred(*previous, *i)'
Assertion failed on expression: 'pred(*previous, *i)'
Assertion failed on expression: 'pred(*previous, *i)'
Assertion failed on expression: 'pred(*previous, *i)'
Assertion failed on expression: 'pred(*previous, *i)'
Assertion failed on expression: 'pred(*previous, *i)'
Assertion failed on expression: 'pred(*previous, *i)'
Assertion failed on expression: 'pred(*previous, *i)'
Assertion failed on expression: 'pred(*previous, *i)'
Assertion failed on expression: 'pred(*previous, *i)'
Assertion failed on expression: 'pred(*previous, *i)'
Assertion failed on expression: 'pred(*previous, *i)'
Assertion failed on expression: 'pred(*previous, *i)'
Assertion failed on expression: 'pred(*previous, *i)'
Assertion failed on expression: 'pred(*previous, *i)'
Assertion failed on expression: 'pred(*previous, *i)'
Assertion failed on expression: 'pred(*previous, *i)'
Assertion failed on expression: 'pred(*previous, *i)'
Assertion failed on expression: 'pred(*previous, *i)'
Assertion failed on expression: 'pred(*previous, *i)'
Assertion failed on expression: 'pred(*previous, *i)'
Assertion failed on expression: 'pred(*previous, *i)'
Assertion failed on expression: 'pred(*previous, *i)'
Assertion failed on expression: 'pred(*previous, *i)'
Assertion failed on expression: 'pred(*previous, *i)'
Assertion failed on expression: 'pred(*previous, *i)'
Assertion failed on expression: 'pred(*previous, *i)'
Assertion failed on expression: 'pred(*previous, *i)'
Assertion failed on expression: 'pred(*previous, *i)'
Assertion failed on expression: 'pred(*previous, *i)'
Assertion failed on expression: 'pred(*previous, *i)'
Assertion failed on expression: 'pred(*previous, *i)'
Assertion failed on expression: 'pred(*previous, *i)'
Assertion failed on expression: 'pred(*previous, *i)'
Assertion failed on expression: 'pred(*previous, *i)'
Assertion failed on expression: 'pred(*previous, *i)'
Assertion failed on expression: 'pred(*previous, *i)'
Assertion failed on expression: 'pred(*previous, *i)'
Assertion failed on expression: 'pred(*previous, *i)'
Assertion failed on expression: 'pred(*previous, *i)'
Assertion failed on expression: 'pred(*previous, *i)'
Assertion failed on expression: 'pred(*previous, *i)'
Assertion failed on expression: 'pred(*previous, *i)'
Assertion failed on expression: 'pred(*previous, *i)'
Assertion failed on expression: 'pred(*previous, *i)'
Assertion failed on expression: 'pred(*previous, *i)'
Assertion failed on expression: 'pred(*previous, *i)'
Assertion failed on expression: 'pred(*previous, *i)'
Assertion failed on expression: 'pred(*previous, *i)'
Assertion failed on expression: 'pred(*previous, *i)'
Assertion failed on expression: 'pred(*previous, *i)'
Assertion failed on expression: 'pred(*previous, *i)'
Assertion failed on expression: 'pred(*previous, *i)'
Assertion failed on expression: 'pred(*previous, *i)'
Assertion failed on expression: 'pred(*previous, *i)'
Assertion failed on expression: 'pred(*previous, *i)'
Assertion failed on expression: 'pred(*previous, *i)'
Assertion failed on expression: 'pred(*previous, *i)'
Assertion failed on expression: 'pred(*previous, *i)'
Assertion failed on expression: 'pred(*previous, *i)'
Assertion failed on expression: 'pred(*previous, *i)'
Assertion failed on expression: 'pred(*previous, *i)'
Assertion failed on expression: 'pred(*previous, *i)'
Assertion failed on expression: 'pred(*previous, *i)'
Assertion failed on expression: 'pred(*previous, *i)'
Assertion failed on expression: 'pred(*previous, *i)'
Assertion failed on expression: 'pred(*previous, *i)'
Assertion failed on expression: 'pred(*previous, *i)'
Assertion failed on expression: 'pred(*previous, *i)'
Assertion failed on expression: 'pred(*previous, *i)'
Assertion failed on expression: 'pred(*previous, *i)'
Assertion failed on expression: 'pred(*previous, *i)'
Assertion failed on expression: 'pred(*previous, *i)'
Assertion failed on expression: 'pred(*previous, *i)'
Assertion failed on expression: 'pred(*previous, *i)'
Assertion failed on expression: 'pred(*previous, *i)'
Assertion failed on expression: 'pred(*previous, *i)'
Assertion failed on expression: 'pred(*previous, *i)'
Assertion failed on expression: 'pred(*previous, *i)'
Assertion failed on expression: 'pred(*previous, *i)'
Assertion failed on expression: 'pred(*previous, *i)'
Assertion failed on expression: 'pred(*previous, *i)'
Assertion failed on expression: 'pred(*previous, *i)'
Assertion failed on expression: 'pred(*previous, *i)'
Assertion failed on expression: 'pred(*previous, *i)'
Assertion failed on expression: 'pred(*previous, *i)'
Assertion failed on expression: 'pred(*previous, *i)'
Assertion failed on expression: 'pred(*previous, *i)'
Assertion failed on expression: 'pred(*previous, *i)'
Assertion failed on expression: 'pred(*previous, *i)'
Assertion failed on expression: 'pred(*previous, *i)'
Assertion failed on expression: 'pred(*previous, *i)'
Assertion failed on expression: 'pred(*previous, *i)'
Assertion failed on expression: 'pred(*previous, *i)'
Assertion failed on expression: 'pred(*previous, *i)'
Assertion failed on expression: 'pred(*previous, *i)'
Assertion failed on expression: 'pred(*previous, *i)'
Assertion failed on expression: 'pred(*previous, *i)'
Assertion failed on expression: 'pred(*previous, *i)'
Assertion failed on expression: 'pred(*previous, *i)'
Assertion failed on expression: 'pred(*previous, *i)'
Assertion failed on expression: 'pred(*previous, *i)'
Assertion failed on expression: 'pred(*previous, *i)'
Assertion failed on expression: 'pred(*previous, *i)'
Assertion failed on expression: 'pred(*previous, *i)'
Assertion failed on expression: 'pred(*previous, *i)'
Assertion failed on expression: 'pred(*previous, *i)'
Assertion failed on expression: 'pred(*previous, *i)'
Assertion failed on expression: 'pred(*previous, *i)'
Assertion failed on expression: 'pred(*previous, *i)'
Assertion failed on expression: 'pred(*previous, *i)'
Assertion failed on expression: 'pred(*previous, *i)'
Assertion failed on expression: 'pred(*previous, *i)'
Assertion failed on expression: 'pred(*previous, *i)'
Assertion failed on expression: 'pred(*previous, *i)'
Assertion failed on expression: 'pred(*previous, *i)'
Assertion failed on expression: 'pred(*previous, *i)'
Assertion failed on expression: 'pred(*previous, *i)'
Assertion failed on expression: 'pred(*previous, *i)'
Assertion failed on expression: 'pred(*previous, *i)'
Assertion failed on expression: 'pred(*previous, *i)'
Assertion failed on expression: 'pred(*previous, *i)'
Assertion failed on expression: 'pred(*previous, *i)'
Assertion failed on expression: 'pred(*previous, *i)'
Assertion failed on expression: 'pred(*previous, *i)'
Assertion failed on expression: 'pred(*previous, *i)'
Assertion failed on expression: 'pred(*previous, *i)'
Assertion failed on expression: 'pred(*previous, *i)'
Assertion failed on expression: 'pred(*previous, *i)'
Assertion failed on expression: 'pred(*previous, *i)'
Assertion failed on expression: 'pred(*previous, *i)'
Assertion failed on expression: 'pred(*previous, *i)'
Assertion failed on expression: 'pred(*previous, *i)'
Assertion failed on expression: 'pred(*previous, *i)'
Assertion failed on expression: 'pred(*previous, *i)'
Assertion failed on expression: 'pred(*previous, *i)'
Assertion failed on expression: 'pred(*previous, *i)'
Assertion failed on expression: 'pred(*previous, *i)'
Assertion failed on expression: 'pred(*previous, *i)'
Assertion failed on expression: 'pred(*previous, *i)'
Assertion failed on expression: 'pred(*previous, *i)'
Assertion failed on expression: 'pred(*previous, *i)'
Assertion failed on expression: 'pred(*previous, *i)'
Assertion failed on expression: 'pred(*previous, *i)'
Assertion failed on expression: 'pred(*previous, *i)'
Assertion failed on expression: 'pred(*previous, *i)'
Assertion failed on expression: 'pred(*previous, *i)'
Assertion failed on expression: 'pred(*previous, *i)'
Assertion failed on expression: 'pred(*previous, *i)'
Assertion failed on expression: 'pred(*previous, *i)'
Assertion failed on expression: 'pred(*previous, *i)'
Assertion failed on expression: 'pred(*previous, *i)'
Assertion failed on expression: 'pred(*previous, *i)'
Assertion failed on expression: 'pred(*previous, *i)'
Assertion failed on expression: 'pred(*previous, *i)'
Assertion failed on expression: 'pred(*previous, *i)'
Assertion failed on expression: 'pred(*previous, *i)'
Assertion failed on expression: 'pred(*previous, *i)'
Assertion failed on expression: 'pred(*previous, *i)'
Assertion failed on expression: 'pred(*previous, *i)'
Assertion failed on expression: 'pred(*previous, *i)'
Assertion failed on expression: 'pred(*previous, *i)'
Assertion failed on expression: 'pred(*previous, *i)'
Assertion failed on expression: 'pred(*previous, *i)'
Assertion failed on expression: 'pred(*previous, *i)'
Assertion failed on expression: 'pred(*previous, *i)'
Assertion failed on expression: 'pred(*previous, *i)'
Assertion failed on expression: 'pred(*previous, *i)'
Assertion failed on expression: 'pred(*previous, *i)'
Assertion failed on expression: 'pred(*previous, *i)'
Assertion failed on expression: 'pred(*previous, *i)'
Assertion failed on expression: 'pred(*previous, *i)'
Assertion failed on expression: 'pred(*previous, *i)'
Assertion failed on expression: 'pred(*previous, *i)'
Assertion failed on expression: 'pred(*previous, *i)'
Assertion failed on expression: 'pred(*previous, *i)'
Assertion failed on expression: 'pred(*previous, *i)'
Assertion failed on expression: 'pred(*previous, *i)'
Assertion failed on expression: 'pred(*previous, *i)'
Assertion failed on expression: 'pred(*previous, *i)'
Assertion failed on expression: 'pred(*previous, *i)'
Assertion failed on expression: 'pred(*previous, *i)'
Assertion failed on expression: 'pred(*previous, *i)'
Assertion failed on expression: 'pred(*previous, *i)'
Assertion failed on expression: 'pred(*previous, *i)'
Assertion failed on expression: 'pred(*previous, *i)'
Assertion failed on expression: 'pred(*previous, *i)'
Assertion failed on expression: 'pred(*previous, *i)'
Assertion failed on expression: 'pred(*previous, *i)'
Assertion failed on expression: 'pred(*previous, *i)'
Assertion failed on expression: 'pred(*previous, *i)'
Assertion failed on expression: 'pred(*previous, *i)'
Assertion failed on expression: 'pred(*previous, *i)'
Assertion failed on expression: 'pred(*previous, *i)'
Assertion failed on expression: 'pred(*previous, *i)'
Assertion failed on expression: 'pred(*previous, *i)'
Assertion failed on expression: 'pred(*previous, *i)'
Assertion failed on expression: 'pred(*previous, *i)'
Assertion failed on expression: 'pred(*previous, *i)'
Assertion failed on expression: 'pred(*previous, *i)'
Assertion failed on expression: 'pred(*previous, *i)'
Assertion failed on expression: 'pred(*previous, *i)'
Assertion failed on expression: 'pred(*previous, *i)'
Assertion failed on expression: 'pred(*previous, *i)'
Assertion failed on expression: 'pred(*previous, *i)'
Assertion failed on expression: 'pred(*previous, *i)'
Assertion failed on expression: 'pred(*previous, *i)'
Assertion failed on expression: 'pred(*previous, *i)'
Assertion failed on expression: 'pred(*previous, *i)'
Assertion failed on expression: 'pred(*previous, *i)'
Assertion failed on expression: 'pred(*previous, *i)'
Assertion failed on expression: 'pred(*previous, *i)'
Assertion failed on expression: 'pred(*previous, *i)'
Assertion failed on expression: 'pred(*previous, *i)'
Assertion failed on expression: 'pred(*previous, *i)'
Assertion failed on expression: 'pred(*previous, *i)'
Assertion failed on expression: 'pred(*previous, *i)'
Assertion failed on expression: 'pred(*previous, *i)'
Assertion failed on expression: 'pred(*previous, *i)'
Assertion failed on expression: 'pred(*previous, *i)'
Assertion failed on expression: 'pred(*previous, *i)'
Assertion failed on expression: 'pred(*previous, *i)'
Assertion failed on expression: 'pred(*previous, *i)'
Assertion failed on expression: 'pred(*previous, *i)'
Assertion failed on expression: 'pred(*previous, *i)'
Assertion failed on expression: 'pred(*previous, *i)'
Assertion failed on expression: 'pred(*previous, *i)'
Assertion failed on expression: 'pred(*previous, *i)'
Assertion failed on expression: 'pred(*previous, *i)'
Assertion failed on expression: 'pred(*previous, *i)'
Assertion failed on expression: 'pred(*previous, *i)'
Assertion failed on expression: 'pred(*previous, *i)'
Assertion failed on expression: 'pred(*previous, *i)'
Assertion failed on expression: 'pred(*previous, *i)'
Assertion failed on expression: 'pred(*previous, *i)'
Assertion failed on expression: 'pred(*previous, *i)'
Assertion failed on expression: 'pred(*previous, *i)'
Assertion failed on expression: 'pred(*previous, *i)'
Assertion failed on expression: 'pred(*previous, *i)'
Assertion failed on expression: 'pred(*previous, *i)'
Assertion failed on expression: 'pred(*previous, *i)'
Assertion failed on expression: 'pred(*previous, *i)'
Assertion failed on expression: 'pred(*previous, *i)'
Assertion failed on expression: 'pred(*previous, *i)'
Assertion failed on expression: 'pred(*previous, *i)'
Assertion failed on expression: 'pred(*previous, *i)'
Assertion failed on expression: 'pred(*previous, *i)'
Assertion failed on expression: 'pred(*previous, *i)'
Assertion failed on expression: 'pred(*previous, *i)'
Assertion failed on expression: 'pred(*previous, *i)'
Assertion failed on expression: 'pred(*previous, *i)'
Assertion failed on expression: 'pred(*previous, *i)'
Assertion failed on expression: 'pred(*previous, *i)'
Assertion failed on expression: 'pred(*previous, *i)'
Assertion failed on expression: 'pred(*previous, *i)'
Assertion failed on expression: 'pred(*previous, *i)'
Assertion failed on expression: 'pred(*previous, *i)'
Assertion failed on expression: 'pred(*previous, *i)'
Assertion failed on expression: 'pred(*previous, *i)'
Assertion failed on expression: 'pred(*previous, *i)'
Assertion failed on expression: 'pred(*previous, *i)'
Assertion failed on expression: 'pred(*previous, *i)'
Assertion failed on expression: 'pred(*previous, *i)'
Assertion failed on expression: 'pred(*previous, *i)'
Assertion failed on expression: 'pred(*previous, *i)'
Assertion failed on expression: 'pred(*previous, *i)'
Assertion failed on expression: 'pred(*previous, *i)'
Assertion failed on expression: 'pred(*previous, *i)'
Assertion failed on expression: 'pred(*previous, *i)'
Assertion failed on expression: 'pred(*previous, *i)'
Assertion failed on expression: 'pred(*previous, *i)'
Assertion failed on expression: 'pred(*previous, *i)'
Assertion failed on expression: 'pred(*previous, *i)'
Assertion failed on expression: 'pred(*previous, *i)'
Assertion failed on expression: 'pred(*previous, *i)'
Assertion failed on expression: 'pred(*previous, *i)'
Assertion failed on expression: 'pred(*previous, *i)'
Assertion failed on expression: 'pred(*previous, *i)'
Assertion failed on expression: 'pred(*previous, *i)'
Assertion failed on expression: 'pred(*previous, *i)'
Assertion failed on expression: 'pred(*previous, *i)'
Assertion failed on expression: 'pred(*previous, *i)'
Assertion failed on expression: 'pred(*previous, *i)'
Assertion failed on expression: 'pred(*previous, *i)'
Assertion failed on expression: 'pred(*previous, *i)'
Assertion failed on expression: 'pred(*previous, *i)'
Assertion failed on expression: 'pred(*previous, *i)'
Assertion failed on expression: 'pred(*previous, *i)'
Assertion failed on expression: 'pred(*previous, *i)'
Assertion failed on expression: 'pred(*previous, *i)'
Assertion failed on expression: 'pred(*previous, *i)'
Assertion failed on expression: 'pred(*previous, *i)'
Assertion failed on expression: 'pred(*previous, *i)'
Assertion failed on expression: 'pred(*previous, *i)'
Assertion failed on expression: 'pred(*previous, *i)'
Assertion failed on expression: 'pred(*previous, *i)'
Assertion failed on expression: 'pred(*previous, *i)'
Assertion failed on expression: 'pred(*previous, *i)'
Assertion failed on expression: 'pred(*previous, *i)'
Assertion failed on expression: 'pred(*previous, *i)'
Assertion failed on expression: 'pred(*previous, *i)'
Assertion failed on expression: 'pred(*previous, *i)'
Assertion failed on expression: 'pred(*previous, *i)'
Assertion failed on expression: 'pred(*previous, *i)'
Assertion failed on expression: 'pred(*previous, *i)'
Assertion failed on expression: 'pred(*previous, *i)'
Assertion failed on expression: 'pred(*previous, *i)'
Assertion failed on expression: 'pred(*previous, *i)'
Assertion failed on expression: 'pred(*previous, *i)'
Assertion failed on expression: 'pred(*previous, *i)'
Assertion failed on expression: 'pred(*previous, *i)'
Assertion failed on expression: 'pred(*previous, *i)'
Assertion failed on expression: 'pred(*previous, *i)'
Assertion failed on expression: 'pred(*previous, *i)'
Assertion failed on expression: 'pred(*previous, *i)'
Assertion failed on expression: 'pred(*previous, *i)'
Assertion failed on expression: 'pred(*previous, *i)'
Assertion failed on expression: 'pred(*previous, *i)'
Assertion failed on expression: 'pred(*previous, *i)'
Assertion failed on expression: 'pred(*previous, *i)'
Assertion failed on expression: 'pred(*previous, *i)'
Assertion failed on expression: 'pred(*previous, *i)'
Assertion failed on expression: 'pred(*previous, *i)'
Assertion failed on expression: 'pred(*previous, *i)'
Assertion failed on expression: 'pred(*previous, *i)'
Assertion failed on expression: 'pred(*previous, *i)'
Assertion failed on expression: 'pred(*previous, *i)'
Assertion failed on expression: 'pred(*previous, *i)'
Assertion failed on expression: 'pred(*previous, *i)'
Assertion failed on expression: 'pred(*previous, *i)'
Assertion failed on expression: 'pred(*previous, *i)'
Assertion failed on expression: 'pred(*previous, *i)'
Assertion failed on expression: 'pred(*previous, *i)'
Assertion failed on expression: 'pred(*previous, *i)'
Assertion failed on expression: 'pred(*previous, *i)'
Assertion failed on expression: 'pred(*previous, *i)'
Assertion failed on expression: 'pred(*previous, *i)'
Assertion failed on expression: 'pred(*previous, *i)'
Assertion failed on expression: 'pred(*previous, *i)'
Assertion failed on expression: 'pred(*previous, *i)'
Assertion failed on expression: 'pred(*previous, *i)'
Assertion failed on expression: 'pred(*previous, *i)'
Assertion failed on expression: 'pred(*previous, *i)'
Assertion failed on expression: 'pred(*previous, *i)'
Assertion failed on expression: 'pred(*previous, *i)'
Assertion failed on expression: 'pred(*previous, *i)'
Assertion failed on expression: 'pred(*previous, *i)'
Assertion failed on expression: 'pred(*previous, *i)'
Assertion failed on expression: 'pred(*previous, *i)'
Assertion failed on expression: 'pred(*previous, *i)'
Assertion failed on expression: 'pred(*previous, *i)'
Assertion failed on expression: 'pred(*previous, *i)'
Assertion failed on expression: 'pred(*previous, *i)'
Assertion failed on expression: 'pred(*previous, *i)'
Assertion failed on expression: 'pred(*previous, *i)'
Assertion failed on expression: 'pred(*previous, *i)'
Assertion failed on expression: 'pred(*previous, *i)'
Assertion failed on expression: 'pred(*previous, *i)'
Assertion failed on expression: 'pred(*previous, *i)'
Assertion failed on expression: 'pred(*previous, *i)'
Assertion failed on expression: 'pred(*previous, *i)'
Assertion failed on expression: 'pred(*previous, *i)'
Assertion failed on expression: 'pred(*previous, *i)'
Assertion failed on expression: 'pred(*previous, *i)'
Assertion failed on expression: 'pred(*previous, *i)'
Assertion failed on expression: 'pred(*previous, *i)'
Assertion failed on expression: 'pred(*previous, *i)'
Assertion failed on expression: 'pred(*previous, *i)'
Assertion failed on expression: 'pred(*previous, *i)'
Assertion failed on expression: 'pred(*previous, *i)'
Assertion failed on expression: 'pred(*previous, *i)'
Assertion failed on expression: 'pred(*previous, *i)'
Assertion failed on expression: 'pred(*previous, *i)'
Assertion failed on expression: 'pred(*previous, *i)'
Assertion failed on expression: 'pred(*previous, *i)'
Assertion failed on expression: 'pred(*previous, *i)'
Assertion failed on expression: 'pred(*previous, *i)'
Assertion failed on expression: 'pred(*previous, *i)'
Assertion failed on expression: 'pred(*previous, *i)'
Assertion failed on expression: 'pred(*previous, *i)'
Assertion failed on expression: 'pred(*previous, *i)'
Assertion failed on expression: 'pred(*previous, *i)'
Assertion failed on expression: 'pred(*previous, *i)'
Assertion failed on expression: 'pred(*previous, *i)'
Assertion failed on expression: 'pred(*previous, *i)'
Assertion failed on expression: 'pred(*previous, *i)'
Assertion failed on expression: 'pred(*previous, *i)'
Assertion failed on expression: 'pred(*previous, *i)'
Assertion failed on expression: 'pred(*previous, *i)'
Assertion failed on expression: 'pred(*previous, *i)'
Assertion failed on expression: 'pred(*previous, *i)'
Assertion failed on expression: 'pred(*previous, *i)'
Assertion failed on expression: 'pred(*previous, *i)'
Assertion failed on expression: 'pred(*previous, *i)'
Assertion failed on expression: 'pred(*previous, *i)'
Assertion failed on expression: 'pred(*previous, *i)'
Assertion failed on expression: 'pred(*previous, *i)'
Assertion failed on expression: 'pred(*previous, *i)'
Assertion failed on expression: 'pred(*previous, *i)'
Assertion failed on expression: 'pred(*previous, *i)'
Assertion failed on expression: 'pred(*previous, *i)'
Assertion failed on expression: 'pred(*previous, *i)'
Assertion failed on expression: 'pred(*previous, *i)'
Assertion failed on expression: 'pred(*previous, *i)'
Assertion failed on expression: 'pred(*previous, *i)'
Assertion failed on expression: 'pred(*previous, *i)'
Assertion failed on expression: 'pred(*previous, *i)'
Assertion failed on expression: 'pred(*previous, *i)'
Assertion failed on expression: 'pred(*previous, *i)'
Assertion failed on expression: 'pred(*previous, *i)'
Assertion failed on expression: 'pred(*previous, *i)'
Assertion failed on expression: 'pred(*previous, *i)'
Assertion failed on expression: 'pred(*previous, *i)'
Assertion failed on expression: 'pred(*previous, *i)'
Assertion failed on expression: 'pred(*previous, *i)'
Assertion failed on expression: 'pred(*previous, *i)'
Assertion failed on expression: 'pred(*previous, *i)'
Assertion failed on expression: 'pred(*previous, *i)'
Assertion failed on expression: 'pred(*previous, *i)'
Assertion failed on expression: 'pred(*previous, *i)'
Assertion failed on expression: 'pred(*previous, *i)'
Assertion failed on expression: 'pred(*previous, *i)'
Assertion failed on expression: 'pred(*previous, *i)'
Assertion failed on expression: 'pred(*previous, *i)'
Assertion failed on expression: 'pred(*previous, *i)'
Assertion failed on expression: 'pred(*previous, *i)'
Assertion failed on expression: 'pred(*previous, *i)'
Assertion failed on expression: 'pred(*previous, *i)'
Assertion failed on expression: 'pred(*previous, *i)'
Assertion failed on expression: 'pred(*previous, *i)'
Assertion failed on expression: 'pred(*previous, *i)'
Assertion failed on expression: 'pred(*previous, *i)'
Assertion failed on expression: 'pred(*previous, *i)'
Assertion failed on expression: 'pred(*previous, *i)'
Assertion failed on expression: 'pred(*previous, *i)'
Assertion failed on expression: 'pred(*previous, *i)'
Assertion failed on expression: 'pred(*previous, *i)'
Assertion failed on expression: 'pred(*previous, *i)'
Assertion failed on expression: 'pred(*previous, *i)'
Assertion failed on expression: 'pred(*previous, *i)'
Assertion failed on expression: 'pred(*previous, *i)'
Assertion failed on expression: 'pred(*previous, *i)'
Assertion failed on expression: 'pred(*previous, *i)'
Assertion failed on expression: 'pred(*previous, *i)'
Assertion failed on expression: 'pred(*previous, *i)'
Assertion failed on expression: 'pred(*previous, *i)'
Assertion failed on expression: 'pred(*previous, *i)'
Assertion failed on expression: 'pred(*previous, *i)'
Assertion failed on expression: 'pred(*previous, *i)'
Assertion failed on expression: 'pred(*previous, *i)'
Assertion failed on expression: 'pred(*previous, *i)'
Assertion failed on expression: 'pred(*previous, *i)'
Assertion failed on expression: 'pred(*previous, *i)'
Assertion failed on expression: 'pred(*previous, *i)'
Assertion failed on expression: 'pred(*previous, *i)'
Assertion failed on expression: 'pred(*previous, *i)'
Assertion failed on expression: 'pred(*previous, *i)'
Assertion failed on expression: 'pred(*previous, *i)'
Assertion failed on expression: 'pred(*previous, *i)'
Assertion failed on expression: 'pred(*previous, *i)'
Assertion failed on expression: 'pred(*previous, *i)'
Assertion failed on expression: 'pred(*previous, *i)'
Assertion failed on expression: 'pred(*previous, *i)'
Assertion failed on expression: 'pred(*previous, *i)'
Assertion failed on expression: 'pred(*previous, *i)'
Assertion failed on expression: 'pred(*previous, *i)'
Assertion failed on expression: 'pred(*previous, *i)'
Assertion failed on expression: 'pred(*previous, *i)'
Assertion failed on expression: 'pred(*previous, *i)'
Assertion failed on expression: 'pred(*previous, *i)'
Assertion failed on expression: 'pred(*previous, *i)'
Assertion failed on expression: 'pred(*previous, *i)'
Assertion failed on expression: 'pred(*previous, *i)'
Assertion failed on expression: 'pred(*previous, *i)'
Assertion failed on expression: 'pred(*previous, *i)'
Assertion failed on expression: 'pred(*previous, *i)'
Assertion failed on expression: 'pred(*previous, *i)'
Assertion failed on expression: 'pred(*previous, *i)'
Assertion failed on expression: 'pred(*previous, *i)'
Assertion failed on expression: 'pred(*previous, *i)'
Assertion failed on expression: 'pred(*previous, *i)'
Assertion failed on expression: 'pred(*previous, *i)'
Assertion failed on expression: 'pred(*previous, *i)'
Assertion failed on expression: 'pred(*previous, *i)'
Assertion failed on expression: 'pred(*previous, *i)'
Assertion failed on expression: 'pred(*previous, *i)'
Assertion failed on expression: 'pred(*previous, *i)'
Assertion failed on expression: 'pred(*previous, *i)'
Assertion failed on expression: 'pred(*previous, *i)'
Assertion failed on expression: 'pred(*previous, *i)'
Assertion failed on expression: 'pred(*previous, *i)'
Assertion failed on expression: 'pred(*previous, *i)'
Assertion failed on expression: 'pred(*previous, *i)'
Assertion failed on expression: 'pred(*previous, *i)'
Assertion failed on expression: 'pred(*previous, *i)'
Assertion failed on expression: 'pred(*previous, *i)'
Assertion failed on expression: 'pred(*previous, *i)'
Assertion failed on expression: 'pred(*previous, *i)'
Assertion failed on expression: 'pred(*previous, *i)'
Assertion failed on expression: 'pred(*previous, *i)'
Assertion failed on expression: 'pred(*previous, *i)'
Assertion failed on expression: 'pred(*previous, *i)'
Assertion failed on expression: 'pred(*previous, *i)'
Assertion failed on expression: 'pred(*previous, *i)'
Assertion failed on expression: 'pred(*previous, *i)'
Assertion failed on expression: 'pred(*previous, *i)'
Assertion failed on expression: 'pred(*previous, *i)'
Assertion failed on expression: 'pred(*previous, *i)'
Assertion failed on expression: 'pred(*previous, *i)'
Assertion failed on expression: 'pred(*previous, *i)'
Assertion failed on expression: 'pred(*previous, *i)'
Assertion failed on expression: 'pred(*previous, *i)'
Assertion failed on expression: 'pred(*previous, *i)'
Assertion failed on expression: 'pred(*previous, *i)'
Assertion failed on expression: 'pred(*previous, *i)'
Assertion failed on expression: 'pred(*previous, *i)'
Assertion failed on expression: 'pred(*previous, *i)'
Assertion failed on expression: 'pred(*previous, *i)'
Assertion failed on expression: 'pred(*previous, *i)'
Assertion failed on expression: 'pred(*previous, *i)'
Assertion failed on expression: 'pred(*previous, *i)'
Assertion failed on expression: 'pred(*previous, *i)'
Assertion failed on expression: 'pred(*previous, *i)'
Assertion failed on expression: 'pred(*previous, *i)'
Assertion failed on expression: 'pred(*previous, *i)'
Assertion failed on expression: 'pred(*previous, *i)'
Assertion failed on expression: 'pred(*previous, *i)'
Assertion failed on expression: 'pred(*previous, *i)'
Assertion failed on expression: 'pred(*previous, *i)'
Assertion failed on expression: 'pred(*previous, *i)'
Assertion failed on expression: 'pred(*previous, *i)'
Assertion failed on expression: 'pred(*previous, *i)'
Assertion failed on expression: 'pred(*previous, *i)'
Assertion failed on expression: 'pred(*previous, *i)'
Assertion failed on expression: 'pred(*previous, *i)'
Assertion failed on expression: 'pred(*previous, *i)'
Assertion failed on expression: 'pred(*previous, *i)'
Assertion failed on expression: 'pred(*previous, *i)'
Assertion failed on expression: 'pred(*previous, *i)'
Assertion failed on expression: 'pred(*previous, *i)'
Assertion failed on expression: 'pred(*previous, *i)'
Assertion failed on expression: 'pred(*previous, *i)'
Assertion failed on expression: 'pred(*previous, *i)'
Assertion failed on expression: 'pred(*previous, *i)'
Assertion failed on expression: 'pred(*previous, *i)'
Assertion failed on expression: 'pred(*previous, *i)'
Assertion failed on expression: 'pred(*previous, *i)'
Assertion failed on expression: 'pred(*previous, *i)'
Assertion failed on expression: 'pred(*previous, *i)'
Assertion failed on expression: 'pred(*previous, *i)'
Assertion failed on expression: 'pred(*previous, *i)'
Assertion failed on expression: 'pred(*previous, *i)'
Assertion failed on expression: 'pred(*previous, *i)'
Assertion failed on expression: 'pred(*previous, *i)'
Assertion failed on expression: 'pred(*previous, *i)'
Assertion failed on expression: 'pred(*previous, *i)'
Assertion failed on expression: 'pred(*previous, *i)'
Assertion failed on expression: 'pred(*previous, *i)'
Assertion failed on expression: 'pred(*previous, *i)'
Assertion failed on expression: 'pred(*previous, *i)'
Assertion failed on expression: 'pred(*previous, *i)'
Assertion failed on expression: 'pred(*previous, *i)'
Assertion failed on expression: 'pred(*previous, *i)'
Assertion failed on expression: 'pred(*previous, *i)'
Assertion failed on expression: 'pred(*previous, *i)'
Assertion failed on expression: 'pred(*previous, *i)'
Assertion failed on expression: 'pred(*previous, *i)'
Assertion failed on expression: 'pred(*previous, *i)'
Assertion failed on expression: 'pred(*previous, *i)'
Assertion failed on expression: 'pred(*previous, *i)'
Assertion failed on expression: 'pred(*previous, *i)'
Assertion failed on expression: 'pred(*previous, *i)'
Assertion failed on expression: 'pred(*previous, *i)'
Assertion failed on expression: 'pred(*previous, *i)'
Assertion failed on expression: 'pred(*previous, *i)'
Assertion failed on expression: 'pred(*previous, *i)'
Assertion failed on expression: 'pred(*previous, *i)'
Assertion failed on expression: 'pred(*previous, *i)'
Assertion failed on expression: 'pred(*previous, *i)'
Assertion failed on expression: 'pred(*previous, *i)'
Assertion failed on expression: 'pred(*previous, *i)'
Assertion failed on expression: 'pred(*previous, *i)'
Assertion failed on expression: 'pred(*previous, *i)'
Assertion failed on expression: 'pred(*previous, *i)'
Assertion failed on expression: 'pred(*previous, *i)'
Assertion failed on expression: 'pred(*previous, *i)'
Assertion failed on expression: 'pred(*previous, *i)'
Assertion failed on expression: 'pred(*previous, *i)'
Assertion failed on expression: 'pred(*previous, *i)'
Assertion failed on expression: 'pred(*previous, *i)'
Assertion failed on expression: 'pred(*previous, *i)'
Assertion failed on expression: 'pred(*previous, *i)'
Assertion failed on expression: 'pred(*previous, *i)'
Assertion failed on expression: 'pred(*previous, *i)'
Assertion failed on expression: 'pred(*previous, *i)'
Assertion failed on expression: 'pred(*previous, *i)'
Assertion failed on expression: 'pred(*previous, *i)'
Assertion failed on expression: 'pred(*previous, *i)'
Assertion failed on expression: 'pred(*previous, *i)'
Assertion failed on expression: 'pred(*previous, *i)'
Assertion failed on expression: 'pred(*previous, *i)'
Assertion failed on expression: 'pred(*previous, *i)'
Assertion failed on expression: 'pred(*previous, *i)'
Assertion failed on expression: 'pred(*previous, *i)'
Assertion failed on expression: 'pred(*previous, *i)'
Assertion failed on expression: 'pred(*previous, *i)'
Assertion failed on expression: 'pred(*previous, *i)'
Assertion failed on expression: 'pred(*previous, *i)'
Assertion failed on expression: 'pred(*previous, *i)'
Assertion failed on expression: 'pred(*previous, *i)'
Assertion failed on expression: 'pred(*previous, *i)'
Assertion failed on expression: 'pred(*previous, *i)'
Assertion failed on expression: 'pred(*previous, *i)'
Assertion failed on expression: 'pred(*previous, *i)'
Assertion failed on expression: 'pred(*previous, *i)'
Assertion failed on expression: 'pred(*previous, *i)'
Assertion failed on expression: 'pred(*previous, *i)'
Assertion failed on expression: 'pred(*previous, *i)'
Assertion failed on expression: 'pred(*previous, *i)'
Assertion failed on expression: 'pred(*previous, *i)'
Assertion failed on expression: 'pred(*previous, *i)'
Assertion failed on expression: 'pred(*previous, *i)'
Assertion failed on expression: 'pred(*previous, *i)'
Assertion failed on expression: 'pred(*previous, *i)'
Assertion failed on expression: 'pred(*previous, *i)'
Assertion failed on expression: 'pred(*previous, *i)'
Assertion failed on expression: 'pred(*previous, *i)'
Assertion failed on expression: 'pred(*previous, *i)'
Assertion failed on expression: 'pred(*previous, *i)'
Assertion failed on expression: 'pred(*previous, *i)'
Assertion failed on expression: 'pred(*previous, *i)'
Assertion failed on expression: 'pred(*previous, *i)'
Assertion failed on expression: 'pred(*previous, *i)'
Assertion failed on expression: 'pred(*previous, *i)'
Assertion failed on expression: 'pred(*previous, *i)'
Assertion failed on expression: 'pred(*previous, *i)'
Assertion failed on expression: 'pred(*previous, *i)'
Assertion failed on expression: 'pred(*previous, *i)'
Assertion failed on expression: 'pred(*previous, *i)'
Assertion failed on expression: 'pred(*previous, *i)'
Assertion failed on expression: 'pred(*previous, *i)'
Assertion failed on expression: 'pred(*previous, *i)'
Assertion failed on expression: 'pred(*previous, *i)'
Assertion failed on expression: 'pred(*previous, *i)'
Assertion failed on expression: 'pred(*previous, *i)'
Assertion failed on expression: 'pred(*previous, *i)'
Assertion failed on expression: 'pred(*previous, *i)'
Assertion failed on expression: 'pred(*previous, *i)'
Assertion failed on expression: 'pred(*previous, *i)'
Assertion failed on expression: 'pred(*previous, *i)'
Assertion failed on expression: 'pred(*previous, *i)'
Assertion failed on expression: 'pred(*previous, *i)'
Assertion failed on expression: 'pred(*previous, *i)'
Assertion failed on expression: 'pred(*previous, *i)'
Assertion failed on expression: 'pred(*previous, *i)'
Assertion failed on expression: 'pred(*previous, *i)'
Assertion failed on expression: 'pred(*previous, *i)'
Assertion failed on expression: 'pred(*previous, *i)'
Assertion failed on expression: 'pred(*previous, *i)'
Assertion failed on expression: 'pred(*previous, *i)'
Assertion failed on expression: 'pred(*previous, *i)'
Assertion failed on expression: 'pred(*previous, *i)'
Assertion failed on expression: 'pred(*previous, *i)'
Assertion failed on expression: 'pred(*previous, *i)'
Assertion failed on expression: 'pred(*previous, *i)'
Assertion failed on expression: 'pred(*previous, *i)'
Assertion failed on expression: 'pred(*previous, *i)'
Assertion failed on expression: 'pred(*previous, *i)'
Assertion failed on expression: 'pred(*previous, *i)'
Assertion failed on expression: 'pred(*previous, *i)'
Assertion failed on expression: 'pred(*previous, *i)'
Assertion failed on expression: 'pred(*previous, *i)'
Assertion failed on expression: 'pred(*previous, *i)'
Assertion failed on expression: 'pred(*previous, *i)'
Assertion failed on expression: 'pred(*previous, *i)'
Assertion failed on expression: 'pred(*previous, *i)'
Assertion failed on expression: 'pred(*previous, *i)'
Assertion failed on expression: 'pred(*previous, *i)'
Assertion failed on expression: 'pred(*previous, *i)'
Assertion failed on expression: 'pred(*previous, *i)'
Assertion failed on expression: 'pred(*previous, *i)'
Assertion failed on expression: 'pred(*previous, *i)'
Assertion failed on expression: 'pred(*previous, *i)'
Assertion failed on expression: 'pred(*previous, *i)'
Assertion failed on expression: 'pred(*previous, *i)'
Assertion failed on expression: 'pred(*previous, *i)'
Assertion failed on expression: 'pred(*previous, *i)'
Assertion failed on expression: 'pred(*previous, *i)'
Assertion failed on expression: 'pred(*previous, *i)'
Assertion failed on expression: 'pred(*previous, *i)'
Assertion failed on expression: 'pred(*previous, *i)'
Assertion failed on expression: 'pred(*previous, *i)'
Assertion failed on expression: 'pred(*previous, *i)'
Assertion failed on expression: 'pred(*previous, *i)'
Assertion failed on expression: 'pred(*previous, *i)'
Assertion failed on expression: 'pred(*previous, *i)'
Assertion failed on expression: 'pred(*previous, *i)'
Assertion failed on expression: 'pred(*previous, *i)'
Assertion failed on expression: 'pred(*previous, *i)'
Assertion failed on expression: 'pred(*previous, *i)'
Assertion failed on expression: 'pred(*previous, *i)'
Assertion failed on expression: 'pred(*previous, *i)'
Assertion failed on expression: 'pred(*previous, *i)'
Assertion failed on expression: 'pred(*previous, *i)'
Assertion failed on expression: 'pred(*previous, *i)'
Assertion failed on expression: 'pred(*previous, *i)'
Assertion failed on expression: 'pred(*previous, *i)'
Assertion failed on expression: 'pred(*previous, *i)'
Assertion failed on expression: 'pred(*previous, *i)'
Assertion failed on expression: 'pred(*previous, *i)'
Assertion failed on expression: 'pred(*previous, *i)'
Assertion failed on expression: 'pred(*previous, *i)'
Assertion failed on expression: 'pred(*previous, *i)'
Assertion failed on expression: 'pred(*previous, *i)'
Assertion failed on expression: 'pred(*previous, *i)'
Assertion failed on expression: 'pred(*previous, *i)'
Assertion failed on expression: 'pred(*previous, *i)'
Assertion failed on expression: 'pred(*previous, *i)'
Assertion failed on expression: 'pred(*previous, *i)'
Assertion failed on expression: 'pred(*previous, *i)'
Assertion failed on expression: 'pred(*previous, *i)'
Assertion failed on expression: 'pred(*previous, *i)'
Assertion failed on expression: 'pred(*previous, *i)'
Assertion failed on expression: 'pred(*previous, *i)'
Assertion failed on expression: 'pred(*previous, *i)'
Assertion failed on expression: 'pred(*previous, *i)'
Assertion failed on expression: 'pred(*previous, *i)'
Assertion failed on expression: 'pred(*previous, *i)'
Assertion failed on expression: 'pred(*previous, *i)'
Assertion failed on expression: 'pred(*previous, *i)'
Assertion failed on expression: 'pred(*previous, *i)'
Assertion failed on expression: 'pred(*previous, *i)'
Assertion failed on expression: 'pred(*previous, *i)'
Assertion failed on expression: 'pred(*previous, *i)'
Assertion failed on expression: 'pred(*previous, *i)'
Assertion failed on expression: 'pred(*previous, *i)'
Assertion failed on expression: 'pred(*previous, *i)'
Assertion failed on expression: 'pred(*previous, *i)'
Assertion failed on expression: 'pred(*previous, *i)'
Assertion failed on expression: 'pred(*previous, *i)'
Assertion failed on expression: 'pred(*previous, *i)'
Assertion failed on expression: 'pred(*previous, *i)'
Assertion failed on expression: 'pred(*previous, *i)'
Assertion failed on expression: 'pred(*previous, *i)'
Assertion failed on expression: 'pred(*previous, *i)'
Assertion failed on expression: 'pred(*previous, *i)'
Assertion failed on expression: 'pred(*previous, *i)'
Assertion failed on expression: 'pred(*previous, *i)'
Assertion failed on expression: 'pred(*previous, *i)'
Assertion failed on expression: 'pred(*previous, *i)'
Assertion failed on expression: 'pred(*previous, *i)'
Assertion failed on expression: 'pred(*previous, *i)'
Assertion failed on expression: 'pred(*previous, *i)'
Assertion failed on expression: 'pred(*previous, *i)'
Assertion failed on expression: 'pred(*previous, *i)'
Assertion failed on expression: 'pred(*previous, *i)'
Assertion failed on expression: 'pred(*previous, *i)'
Assertion failed on expression: 'pred(*previous, *i)'
Assertion failed on expression: 'pred(*previous, *i)'
Assertion failed on expression: 'pred(*previous, *i)'
Assertion failed on expression: 'pred(*previous, *i)'
Assertion failed on expression: 'pred(*previous, *i)'
Assertion failed on expression: 'pred(*previous, *i)'
Assertion failed on expression: 'pred(*previous, *i)'
Assertion failed on expression: 'pred(*previous, *i)'
Assertion failed on expression: 'pred(*previous, *i)'
Assertion failed on expression: 'pred(*previous, *i)'
Assertion failed on expression: 'pred(*previous, *i)'
Assertion failed on expression: 'pred(*previous, *i)'
Assertion failed on expression: 'pred(*previous, *i)'
Assertion failed on expression: 'pred(*previous, *i)'
Assertion failed on expression: 'pred(*previous, *i)'
Assertion failed on expression: 'pred(*previous, *i)'
Assertion failed on expression: 'pred(*previous, *i)'
Assertion failed on expression: 'pred(*previous, *i)'
Assertion failed on expression: 'pred(*previous, *i)'
Assertion failed on expression: 'pred(*previous, *i)'
Assertion failed on expression: 'pred(*previous, *i)'
Assertion failed on expression: 'pred(*previous, *i)'
Assertion failed on expression: 'pred(*previous, *i)'
Assertion failed on expression: 'pred(*previous, *i)'
Assertion failed on expression: 'pred(*previous, *i)'
Assertion failed on expression: 'pred(*previous, *i)'
Assertion failed on expression: 'pred(*previous, *i)'
Assertion failed on expression: 'pred(*previous, *i)'
Assertion failed on expression: 'pred(*previous, *i)'
Assertion failed on expression: 'pred(*previous, *i)'
Assertion failed on expression: 'pred(*previous, *i)'
Assertion failed on expression: 'pred(*previous, *i)'
Assertion failed on expression: 'pred(*previous, *i)'
Assertion failed on expression: 'pred(*previous, *i)'
Assertion failed on expression: 'pred(*previous, *i)'
Assertion failed on expression: 'pred(*previous, *i)'
Assertion failed on expression: 'pred(*previous, *i)'
Assertion failed on expression: 'pred(*previous, *i)'
Assertion failed on expression: 'pred(*previous, *i)'
Assertion failed on expression: 'pred(*previous, *i)'
Assertion failed on expression: 'pred(*previous, *i)'
Assertion failed on expression: 'pred(*previous, *i)'
Assertion failed on expression: 'pred(*previous, *i)'
Assertion failed on expression: 'pred(*previous, *i)'
Assertion failed on expression: 'pred(*previous, *i)'
Assertion failed on expression: 'pred(*previous, *i)'
Assertion failed on expression: 'pred(*previous, *i)'
Assertion failed on expression: 'pred(*previous, *i)'
Assertion failed on expression: 'pred(*previous, *i)'
Assertion failed on expression: 'pred(*previous, *i)'
Assertion failed on expression: 'pred(*previous, *i)'
Assertion failed on expression: 'pred(*previous, *i)'
Assertion failed on expression: 'pred(*previous, *i)'
Assertion failed on expression: 'pred(*previous, *i)'
Assertion failed on expression: 'pred(*previous, *i)'
Assertion failed on expression: 'pred(*previous, *i)'
Assertion failed on expression: 'pred(*previous, *i)'
Assertion failed on expression: 'pred(*previous, *i)'
Assertion failed on expression: 'pred(*previous, *i)'
Assertion failed on expression: 'pred(*previous, *i)'
Assertion failed on expression: 'pred(*previous, *i)'
Assertion failed on expression: 'pred(*previous, *i)'
Assertion failed on expression: 'pred(*previous, *i)'
Assertion failed on expression: 'pred(*previous, *i)'
Assertion failed on expression: 'pred(*previous, *i)'
Assertion failed on expression: 'pred(*previous, *i)'
Assertion failed on expression: 'pred(*previous, *i)'
Assertion failed on expression: 'pred(*previous, *i)'
Assertion failed on expression: 'pred(*previous, *i)'
Assertion failed on expression: 'pred(*previous, *i)'
Assertion failed on expression: 'pred(*previous, *i)'
Assertion failed on expression: 'pred(*previous, *i)'
Assertion failed on expression: 'pred(*previous, *i)'
Assertion failed on expression: 'pred(*previous, *i)'
Assertion failed on expression: 'pred(*previous, *i)'
Assertion failed on expression: 'pred(*previous, *i)'
Assertion failed on expression: 'pred(*previous, *i)'
Assertion failed on expression: 'pred(*previous, *i)'
Assertion failed on expression: 'pred(*previous, *i)'
Assertion failed on expression: 'pred(*previous, *i)'
Assertion failed on expression: 'pred(*previous, *i)'
Assertion failed on expression: 'pred(*previous, *i)'
Assertion failed on expression: 'pred(*previous, *i)'
Assertion failed on expression: 'pred(*previous, *i)'
Assertion failed on expression: 'pred(*previous, *i)'
Assertion failed on expression: 'pred(*previous, *i)'
Assertion failed on expression: 'pred(*previous, *i)'
Assertion failed on expression: 'pred(*previous, *i)'
Assertion failed on expression: 'pred(*previous, *i)'
Assertion failed on expression: 'pred(*previous, *i)'
Assertion failed on expression: 'pred(*previous, *i)'
Assertion failed on expression: 'pred(*previous, *i)'
Assertion failed on expression: 'pred(*previous, *i)'
Assertion failed on expression: 'pred(*previous, *i)'
Assertion failed on expression: 'pred(*previous, *i)'
Assertion failed on expression: 'pred(*previous, *i)'
Assertion failed on expression: 'pred(*previous, *i)'
Assertion failed on expression: 'pred(*previous, *i)'
Assertion failed on expression: 'pred(*previous, *i)'
Assertion failed on expression: 'pred(*previous, *i)'
Assertion failed on expression: 'pred(*previous, *i)'
Assertion failed on expression: 'pred(*previous, *i)'
Assertion failed on expression: 'pred(*previous, *i)'
Assertion failed on expression: 'pred(*previous, *i)'
Assertion failed on expression: 'pred(*previous, *i)'
Assertion failed on expression: 'pred(*previous, *i)'
Assertion failed on expression: 'pred(*previous, *i)'
Assertion failed on expression: 'pred(*previous, *i)'
Assertion failed on expression: 'pred(*previous, *i)'
Assertion failed on expression: 'pred(*previous, *i)'
Assertion failed on expression: 'pred(*previous, *i)'
Assertion failed on expression: 'pred(*previous, *i)'
Assertion failed on expression: 'pred(*previous, *i)'
Assertion failed on expression: 'pred(*previous, *i)'
Assertion failed on expression: 'pred(*previous, *i)'
Assertion failed on expression: 'pred(*previous, *i)'
Assertion failed on expression: 'pred(*previous, *i)'
Assertion failed on expression: 'pred(*previous, *i)'
Assertion failed on expression: 'pred(*previous, *i)'
Assertion failed on expression: 'pred(*previous, *i)'
Assertion failed on expression: 'pred(*previous, *i)'
Assertion failed on expression: 'pred(*previous, *i)'
Assertion failed on expression: 'pred(*previous, *i)'
Assertion failed on expression: 'pred(*previous, *i)'
Assertion failed on expression: 'pred(*previous, *i)'
Assertion failed on expression: 'pred(*previous, *i)'
Assertion failed on expression: 'pred(*previous, *i)'
Assertion failed on expression: 'pred(*previous, *i)'
Assertion failed on expression: 'pred(*previous, *i)'
Assertion failed on expression: 'pred(*previous, *i)'
Assertion failed on expression: 'pred(*previous, *i)'
Assertion failed on expression: 'pred(*previous, *i)'
Assertion failed on expression: 'pred(*previous, *i)'
Assertion failed on expression: 'pred(*previous, *i)'
Assertion failed on expression: 'pred(*previous, *i)'
Assertion failed on expression: 'pred(*previous, *i)'
Assertion failed on expression: 'pred(*previous, *i)'
Assertion failed on expression: 'pred(*previous, *i)'
Assertion failed on expression: 'pred(*previous, *i)'
Assertion failed on expression: 'pred(*previous, *i)'
Assertion failed on expression: 'pred(*previous, *i)'
Assertion failed on expression: 'pred(*previous, *i)'
Assertion failed on expression: 'pred(*previous, *i)'
Assertion failed on expression: 'pred(*previous, *i)'
Assertion failed on expression: 'pred(*previous, *i)'
Assertion failed on expression: 'pred(*previous, *i)'
Assertion failed on expression: 'pred(*previous, *i)'
Assertion failed on expression: 'pred(*previous, *i)'
Assertion failed on expression: 'pred(*previous, *i)'
Assertion failed on expression: 'pred(*previous, *i)'
Assertion failed on expression: 'pred(*previous, *i)'
Assertion failed on expression: 'pred(*previous, *i)'
Assertion failed on expression: 'pred(*previous, *i)'
Assertion failed on expression: 'pred(*previous, *i)'
Assertion failed on expression: 'pred(*previous, *i)'
Assertion failed on expression: 'pred(*previous, *i)'
Assertion failed on expression: 'pred(*previous, *i)'
Assertion failed on expression: 'pred(*previous, *i)'
Assertion failed on expression: 'pred(*previous, *i)'
Assertion failed on expression: 'pred(*previous, *i)'
Assertion failed on expression: 'pred(*previous, *i)'
Assertion failed on expression: 'pred(*previous, *i)'
Assertion failed on expression: 'pred(*previous, *i)'
Assertion failed on expression: 'pred(*previous, *i)'
Assertion failed on expression: 'pred(*previous, *i)'
Assertion failed on expression: 'pred(*previous, *i)'
Assertion failed on expression: 'pred(*previous, *i)'
Assertion failed on expression: 'pred(*previous, *i)'
Assertion failed on expression: 'pred(*previous, *i)'
Assertion failed on expression: 'pred(*previous, *i)'
Assertion failed on expression: 'pred(*previous, *i)'
Assertion failed on expression: 'pred(*previous, *i)'
Assertion failed on expression: 'pred(*previous, *i)'
Assertion failed on expression: 'pred(*previous, *i)'
Assertion failed on expression: 'pred(*previous, *i)'
Assertion failed on expression: 'pred(*previous, *i)'
Assertion failed on expression: 'pred(*previous, *i)'
Assertion failed on expression: 'pred(*previous, *i)'
Assertion failed on expression: 'pred(*previous, *i)'
Assertion failed on expression: 'pred(*previous, *i)'
Assertion failed on expression: 'pred(*previous, *i)'
Assertion failed on expression: 'pred(*previous, *i)'
Assertion failed on expression: 'pred(*previous, *i)'
Assertion failed on expression: 'pred(*previous, *i)'
Assertion failed on expression: 'pred(*previous, *i)'
Assertion failed on expression: 'pred(*previous, *i)'
Assertion failed on expression: 'pred(*previous, *i)'
Assertion failed on expression: 'pred(*previous, *i)'
Assertion failed on expression: 'pred(*previous, *i)'
Assertion failed on expression: 'pred(*previous, *i)'
Assertion failed on expression: 'pred(*previous, *i)'
Assertion failed on expression: 'pred(*previous, *i)'
Assertion failed on expression: 'pred(*previous, *i)'
Assertion failed on expression: 'pred(*previous, *i)'
Assertion failed on expression: 'pred(*previous, *i)'
Assertion failed on expression: 'pred(*previous, *i)'
Assertion failed on expression: 'pred(*previous, *i)'
Assertion failed on expression: 'pred(*previous, *i)'
Assertion failed on expression: 'pred(*previous, *i)'
Assertion failed on expression: 'pred(*previous, *i)'
Assertion failed on expression: 'pred(*previous, *i)'
Assertion failed on expression: 'pred(*previous, *i)'
Assertion failed on expression: 'pred(*previous, *i)'
Assertion failed on expression: 'pred(*previous, *i)'
Assertion failed on expression: 'pred(*previous, *i)'
Assertion failed on expression: 'pred(*previous, *i)'
Assertion failed on expression: 'pred(*previous, *i)'
Assertion failed on expression: 'pred(*previous, *i)'
Assertion failed on expression: 'pred(*previous, *i)'
Assertion failed on expression: 'pred(*previous, *i)'
Assertion failed on expression: 'pred(*previous, *i)'
Assertion failed on expression: 'pred(*previous, *i)'
Assertion failed on expression: 'pred(*previous, *i)'
Assertion failed on expression: 'pred(*previous, *i)'
Assertion failed on expression: 'pred(*previous, *i)'
Assertion failed on expression: 'pred(*previous, *i)'
Assertion failed on expression: 'pred(*previous, *i)'
Assertion failed on expression: 'pred(*previous, *i)'
Assertion failed on expression: 'pred(*previous, *i)'
Assertion failed on expression: 'pred(*previous, *i)'
Assertion failed on expression: 'pred(*previous, *i)'
Assertion failed on expression: 'pred(*previous, *i)'
Assertion failed on expression: 'pred(*previous, *i)'
Assertion failed on expression: 'pred(*previous, *i)'
Assertion failed on expression: 'pred(*previous, *i)'
Assertion failed on expression: 'pred(*previous, *i)'
Assertion failed on expression: 'pred(*previous, *i)'
Assertion failed on expression: 'pred(*previous, *i)'
Assertion failed on expression: 'pred(*previous, *i)'
Assertion failed on expression: 'pred(*previous, *i)'
Assertion failed on expression: 'pred(*previous, *i)'
Assertion failed on expression: 'pred(*previous, *i)'
Assertion failed on expression: 'pred(*previous, *i)'
Assertion failed on expression: 'pred(*previous, *i)'
Assertion failed on expression: 'pred(*previous, *i)'
Assertion failed on expression: 'pred(*previous, *i)'
Assertion failed on expression: 'pred(*previous, *i)'
Assertion failed on expression: 'pred(*previous, *i)'
Assertion failed on expression: 'pred(*previous, *i)'
Assertion failed on expression: 'pred(*previous, *i)'
Assertion failed on expression: 'pred(*previous, *i)'
Assertion failed on expression: 'pred(*previous, *i)'
Assertion failed on expression: 'pred(*previous, *i)'
Assertion failed on expression: 'pred(*previous, *i)'
Assertion failed on expression: 'pred(*previous, *i)'
Assertion failed on expression: 'pred(*previous, *i)'
Assertion failed on expression: 'pred(*previous, *i)'
Assertion failed on expression: 'pred(*previous, *i)'
Assertion failed on expression: 'pred(*previous, *i)'
Assertion failed on expression: 'pred(*previous, *i)'
Assertion failed on expression: 'pred(*previous, *i)'
Assertion failed on expression: 'pred(*previous, *i)'
Assertion failed on expression: 'pred(*previous, *i)'
Assertion failed on expression: 'pred(*previous, *i)'
Assertion failed on expression: 'pred(*previous, *i)'
Assertion failed on expression: 'pred(*previous, *i)'
Assertion failed on expression: 'pred(*previous, *i)'
Assertion failed on expression: 'pred(*previous, *i)'
Assertion failed on expression: 'pred(*previous, *i)'
Assertion failed on expression: 'pred(*previous, *i)'
Assertion failed on expression: 'pred(*previous, *i)'
Assertion failed on expression: 'pred(*previous, *i)'
Assertion failed on expression: 'pred(*previous, *i)'
Assertion failed on expression: 'pred(*previous, *i)'
Assertion failed on expression: 'pred(*previous, *i)'
Assertion failed on expression: 'pred(*previous, *i)'
Assertion failed on expression: 'pred(*previous, *i)'
Assertion failed on expression: 'pred(*previous, *i)'
Assertion failed on expression: 'pred(*previous, *i)'
Assertion failed on expression: 'pred(*previous, *i)'
Assertion failed on expression: 'pred(*previous, *i)'
Assertion failed on expression: 'pred(*previous, *i)'
Assertion failed on expression: 'pred(*previous, *i)'
Assertion failed on expression: 'pred(*previous, *i)'
Assertion failed on expression: 'pred(*previous, *i)'
Assertion failed on expression: 'pred(*previous, *i)'
Assertion failed on expression: 'pred(*previous, *i)'
Assertion failed on expression: 'pred(*previous, *i)'
Assertion failed on expression: 'pred(*previous, *i)'
Assertion failed on expression: 'pred(*previous, *i)'
Assertion failed on expression: 'pred(*previous, *i)'
Assertion failed on expression: 'pred(*previous, *i)'
Assertion failed on expression: 'pred(*previous, *i)'
Assertion failed on expression: 'pred(*previous, *i)'
Assertion failed on expression: 'pred(*previous, *i)'
Assertion failed on expression: 'pred(*previous, *i)'
Assertion failed on expression: 'pred(*previous, *i)'
Assertion failed on expression: 'pred(*previous, *i)'
Assertion failed on expression: 'pred(*previous, *i)'
Assertion failed on expression: 'pred(*previous, *i)'
Assertion failed on expression: 'pred(*previous, *i)'
Assertion failed on expression: 'pred(*previous, *i)'
Assertion failed on expression: 'pred(*previous, *i)'
Assertion failed on expression: 'pred(*previous, *i)'
Assertion failed on expression: 'pred(*previous, *i)'
Assertion failed on expression: 'pred(*previous, *i)'
Assertion failed on expression: 'pred(*previous, *i)'
Assertion failed on expression: 'pred(*previous, *i)'
Assertion failed on expression: 'pred(*previous, *i)'
Assertion failed on expression: 'pred(*previous, *i)'
Assertion failed on expression: 'pred(*previous, *i)'
Assertion failed on expression: 'pred(*previous, *i)'
Assertion failed on expression: 'pred(*previous, *i)'
Assertion failed on expression: 'pred(*previous, *i)'
Assertion failed on expression: 'pred(*previous, *i)'
Assertion failed on expression: 'pred(*previous, *i)'
Assertion failed on expression: 'pred(*previous, *i)'
Assertion failed on expression: 'pred(*previous, *i)'
Assertion failed on expression: 'pred(*previous, *i)'
Assertion failed on expression: 'pred(*previous, *i)'
Assertion failed on expression: 'pred(*previous, *i)'
Assertion failed on expression: 'pred(*previous, *i)'
Assertion failed on expression: 'pred(*previous, *i)'
Assertion failed on expression: 'pred(*previous, *i)'
Assertion failed on expression: 'pred(*previous, *i)'
Assertion failed on expression: 'pred(*previous, *i)'
Assertion failed on expression: 'pred(*previous, *i)'
Assertion failed on expression: 'pred(*previous, *i)'
Assertion failed on expression: 'pred(*previous, *i)'
Assertion failed on expression: 'pred(*previous, *i)'
Assertion failed on expression: 'pred(*previous, *i)'
Assertion failed on expression: 'pred(*previous, *i)'
Assertion failed on expression: 'pred(*previous, *i)'
Assertion failed on expression: 'pred(*previous, *i)'
Assertion failed on expression: 'pred(*previous, *i)'
Assertion failed on expression: 'pred(*previous, *i)'
Assertion failed on expression: 'pred(*previous, *i)'
Assertion failed on expression: 'pred(*previous, *i)'
Assertion failed on expression: 'pred(*previous, *i)'
Assertion failed on expression: 'pred(*previous, *i)'
Assertion failed on expression: 'pred(*previous, *i)'
Assertion failed on expression: 'pred(*previous, *i)'
Assertion failed on expression: 'pred(*previous, *i)'
Assertion failed on expression: 'pred(*previous, *i)'
Assertion failed on expression: 'pred(*previous, *i)'
Assertion failed on expression: 'pred(*previous, *i)'
Assertion failed on expression: 'pred(*previous, *i)'
Assertion failed on expression: 'pred(*previous, *i)'
Assertion failed on expression: 'pred(*previous, *i)'
Assertion failed on expression: 'pred(*previous, *i)'
Assertion failed on expression: 'pred(*previous, *i)'
Assertion failed on expression: 'pred(*previous, *i)'
Assertion failed on expression: 'pred(*previous, *i)'
Assertion failed on expression: 'pred(*previous, *i)'
Assertion failed on expression: 'pred(*previous, *i)'
Assertion failed on expression: 'pred(*previous, *i)'
Assertion failed on expression: 'pred(*previous, *i)'
Assertion failed on expression: 'pred(*previous, *i)'
Assertion failed on expression: 'pred(*previous, *i)'
Assertion failed on expression: 'pred(*previous, *i)'
Assertion failed on expression: 'pred(*previous, *i)'
Assertion failed on expression: 'pred(*previous, *i)'
Assertion failed on expression: 'pred(*previous, *i)'
Assertion failed on expression: 'pred(*previous, *i)'
Assertion failed on expression: 'pred(*previous, *i)'
Assertion failed on expression: 'pred(*previous, *i)'
Assertion failed on expression: 'pred(*previous, *i)'
Assertion failed on expression: 'pred(*previous, *i)'
Assertion failed on expression: 'pred(*previous, *i)'
Assertion failed on expression: 'pred(*previous, *i)'
Assertion failed on expression: 'pred(*previous, *i)'
Assertion failed on expression: 'pred(*previous, *i)'
Assertion failed on expression: 'pred(*previous, *i)'
Assertion failed on expression: 'pred(*previous, *i)'
Assertion failed on expression: 'pred(*previous, *i)'
Assertion failed on expression: 'pred(*previous, *i)'
Assertion failed on expression: 'pred(*previous, *i)'
Assertion failed on expression: 'pred(*previous, *i)'
Assertion failed on expression: 'pred(*previous, *i)'
Assertion failed on expression: 'pred(*previous, *i)'
Assertion failed on expression: 'pred(*previous, *i)'
Assertion failed on expression: 'pred(*previous, *i)'
Assertion failed on expression: 'pred(*previous, *i)'
Assertion failed on expression: 'pred(*previous, *i)'
Assertion failed on expression: 'pred(*previous, *i)'
Assertion failed on expression: 'pred(*previous, *i)'
Assertion failed on expression: 'pred(*previous, *i)'
Assertion failed on expression: 'pred(*previous, *i)'
Assertion failed on expression: 'pred(*previous, *i)'
Assertion failed on expression: 'pred(*previous, *i)'
Assertion failed on expression: 'pred(*previous, *i)'
Assertion failed on expression: 'pred(*previous, *i)'
Assertion failed on expression: 'pred(*previous, *i)'
Assertion failed on expression: 'pred(*previous, *i)'
Assertion failed on expression: 'pred(*previous, *i)'
Assertion failed on expression: 'pred(*previous, *i)'
Assertion failed on expression: 'pred(*previous, *i)'
Assertion failed on expression: 'pred(*previous, *i)'
Assertion failed on expression: 'pred(*previous, *i)'
Assertion failed on expression: 'pred(*previous, *i)'
Assertion failed on expression: 'pred(*previous, *i)'
Assertion failed on expression: 'pred(*previous, *i)'
Assertion failed on expression: 'pred(*previous, *i)'
Assertion failed on expression: 'pred(*previous, *i)'
Assertion failed on expression: 'pred(*previous, *i)'
Assertion failed on expression: 'pred(*previous, *i)'
Assertion failed on expression: 'pred(*previous, *i)'
Assertion failed on expression: 'pred(*previous, *i)'
Assertion failed on expression: 'pred(*previous, *i)'
Assertion failed on expression: 'pred(*previous, *i)'
Assertion failed on expression: 'pred(*previous, *i)'
Assertion failed on expression: 'pred(*previous, *i)'
Assertion failed on expression: 'pred(*previous, *i)'
Assertion failed on expression: 'pred(*previous, *i)'
Assertion failed on expression: 'pred(*previous, *i)'
Assertion failed on expression: 'pred(*previous, *i)'
Assertion failed on expression: 'pred(*previous, *i)'
Assertion failed on expression: 'pred(*previous, *i)'
Assertion failed on expression: 'pred(*previous, *i)'
Assertion failed on expression: 'pred(*previous, *i)'
Assertion failed on expression: 'pred(*previous, *i)'
Assertion failed on expression: 'pred(*previous, *i)'
Assertion failed on expression: 'pred(*previous, *i)'
Assertion failed on expression: 'pred(*previous, *i)'
Assertion failed on expression: 'pred(*previous, *i)'
Assertion failed on expression: 'pred(*previous, *i)'
Assertion failed on expression: 'pred(*previous, *i)'
Assertion failed on expression: 'pred(*previous, *i)'
Assertion failed on expression: 'pred(*previous, *i)'
Assertion failed on expression: 'pred(*previous, *i)'
Assertion failed on expression: 'pred(*previous, *i)'
Assertion failed on expression: 'pred(*previous, *i)'
Assertion failed on expression: 'pred(*previous, *i)'
Assertion failed on expression: 'pred(*previous, *i)'
Assertion failed on expression: 'pred(*previous, *i)'
Assertion failed on expression: 'pred(*previous, *i)'
Assertion failed on expression: 'pred(*previous, *i)'
Assertion failed on expression: 'pred(*previous, *i)'
Assertion failed on expression: 'pred(*previous, *i)'
Assertion failed on expression: 'pred(*previous, *i)'
Assertion failed on expression: 'pred(*previous, *i)'
Assertion failed on expression: 'pred(*previous, *i)'
Assertion failed on expression: 'pred(*previous, *i)'
Assertion failed on expression: 'pred(*previous, *i)'
Assertion failed on expression: 'pred(*previous, *i)'
Assertion failed on expression: 'pred(*previous, *i)'
Assertion failed on expression: 'pred(*previous, *i)'
Assertion failed on expression: 'pred(*previous, *i)'
Assertion failed on expression: 'pred(*previous, *i)'
Assertion failed on expression: 'pred(*previous, *i)'
Assertion failed on expression: 'pred(*previous, *i)'
Assertion failed on expression: 'pred(*previous, *i)'
Assertion failed on expression: 'pred(*previous, *i)'
Assertion failed on expression: 'pred(*previous, *i)'
Assertion failed on expression: 'pred(*previous, *i)'
Assertion failed on expression: 'pred(*previous, *i)'
Assertion failed on expression: 'pred(*previous, *i)'
Assertion failed on expression: 'pred(*previous, *i)'
Assertion failed on expression: 'pred(*previous, *i)'
Assertion failed on expression: 'pred(*previous, *i)'
Assertion failed on expression: 'pred(*previous, *i)'
Assertion failed on expression: 'pred(*previous, *i)'
Assertion failed on expression: 'pred(*previous, *i)'
Assertion failed on expression: 'pred(*previous, *i)'
Assertion failed on expression: 'pred(*previous, *i)'
Assertion failed on expression: 'pred(*previous, *i)'
Assertion failed on expression: 'pred(*previous, *i)'
Assertion failed on expression: 'pred(*previous, *i)'
Assertion failed on expression: 'pred(*previous, *i)'
Assertion failed on expression: 'pred(*previous, *i)'
Assertion failed on expression: 'pred(*previous, *i)'
Assertion failed on expression: 'pred(*previous, *i)'
Assertion failed on expression: 'pred(*previous, *i)'
Assertion failed on expression: 'pred(*previous, *i)'
Assertion failed on expression: 'pred(*previous, *i)'
Assertion failed on expression: 'pred(*previous, *i)'
Assertion failed on expression: 'pred(*previous, *i)'
Assertion failed on expression: 'pred(*previous, *i)'
Assertion failed on expression: 'pred(*previous, *i)'
Assertion failed on expression: 'pred(*previous, *i)'
Assertion failed on expression: 'pred(*previous, *i)'
Assertion failed on expression: 'pred(*previous, *i)'
Assertion failed on expression: 'pred(*previous, *i)'
Assertion failed on expression: 'pred(*previous, *i)'
Assertion failed on expression: 'pred(*previous, *i)'
Assertion failed on expression: 'pred(*previous, *i)'
Assertion failed on expression: 'pred(*previous, *i)'
Assertion failed on expression: 'pred(*previous, *i)'
Assertion failed on expression: 'pred(*previous, *i)'
Assertion failed on expression: 'pred(*previous, *i)'
Assertion failed on expression: 'pred(*previous, *i)'
Assertion failed on expression: 'pred(*previous, *i)'
Assertion failed on expression: 'pred(*previous, *i)'
Assertion failed on expression: 'pred(*previous, *i)'
Assertion failed on expression: 'pred(*previous, *i)'
Assertion failed on expression: 'pred(*previous, *i)'
Assertion failed on expression: 'pred(*previous, *i)'
Assertion failed on expression: 'pred(*previous, *i)'
Assertion failed on expression: 'pred(*previous, *i)'
Assertion failed on expression: 'pred(*previous, *i)'
Assertion failed on expression: 'pred(*previous, *i)'
Assertion failed on expression: 'pred(*previous, *i)'
Assertion failed on expression: 'pred(*previous, *i)'
Assertion failed on expression: 'pred(*previous, *i)'
Assertion failed on expression: 'pred(*previous, *i)'
Assertion failed on expression: 'pred(*previous, *i)'
Assertion failed on expression: 'pred(*previous, *i)'
Assertion failed on expression: 'pred(*previous, *i)'
Assertion failed on expression: 'pred(*previous, *i)'
Assertion failed on expression: 'pred(*previous, *i)'
Assertion failed on expression: 'pred(*previous, *i)'
Assertion failed on expression: 'pred(*previous, *i)'
Assertion failed on expression: 'pred(*previous, *i)'
Assertion failed on expression: 'pred(*previous, *i)'
Assertion failed on expression: 'pred(*previous, *i)'
Assertion failed on expression: 'pred(*previous, *i)'
Assertion failed on expression: 'pred(*previous, *i)'
Assertion failed on expression: 'pred(*previous, *i)'
Assertion failed on expression: 'pred(*previous, *i)'
Assertion failed on expression: 'pred(*previous, *i)'
Assertion failed on expression: 'pred(*previous, *i)'
Assertion failed on expression: 'pred(*previous, *i)'
Assertion failed on expression: 'pred(*previous, *i)'
Assertion failed on expression: 'pred(*previous, *i)'
Assertion failed on expression: 'pred(*previous, *i)'
Assertion failed on expression: 'pred(*previous, *i)'
Assertion failed on expression: 'pred(*previous, *i)'
Assertion failed on expression: 'pred(*previous, *i)'
Assertion failed on expression: 'pred(*previous, *i)'
Assertion failed on expression: 'pred(*previous, *i)'
Assertion failed on expression: 'pred(*previous, *i)'
Assertion failed on expression: 'pred(*previous, *i)'
Assertion failed on expression: 'pred(*previous, *i)'
Assertion failed on expression: 'pred(*previous, *i)'
Assertion failed on expression: 'pred(*previous, *i)'
Assertion failed on expression: 'pred(*previous, *i)'
Assertion failed on expression: 'pred(*previous, *i)'
Assertion failed on expression: 'pred(*previous, *i)'
Assertion failed on expression: 'pred(*previous, *i)'
Assertion failed on expression: 'pred(*previous, *i)'
Assertion failed on expression: 'pred(*previous, *i)'
Assertion failed on expression: 'pred(*previous, *i)'
Assertion failed on expression: 'pred(*previous, *i)'
Assertion failed on expression: 'pred(*previous, *i)'
Assertion failed on expression: 'pred(*previous, *i)'
Assertion failed on expression: 'pred(*previous, *i)'
Assertion failed on expression: 'pred(*previous, *i)'
Assertion failed on expression: 'pred(*previous, *i)'
Assertion failed on expression: 'pred(*previous, *i)'
Assertion failed on expression: 'pred(*previous, *i)'
Assertion failed on expression: 'pred(*previous, *i)'
Assertion failed on expression: 'pred(*previous, *i)'
Assertion failed on expression: 'pred(*previous, *i)'
Assertion failed on expression: 'pred(*previous, *i)'
Assertion failed on expression: 'pred(*previous, *i)'
Assertion failed on expression: 'pred(*previous, *i)'
Assertion failed on expression: 'pred(*previous, *i)'
Assertion failed on expression: 'pred(*previous, *i)'
Assertion failed on expression: 'pred(*previous, *i)'
Assertion failed on expression: 'pred(*previous, *i)'
Assertion failed on expression: 'pred(*previous, *i)'
Assertion failed on expression: 'pred(*previous, *i)'
Assertion failed on expression: 'pred(*previous, *i)'
Assertion failed on expression: 'pred(*previous, *i)'
Assertion failed on expression: 'pred(*previous, *i)'
Assertion failed on expression: 'pred(*previous, *i)'
Assertion failed on expression: 'pred(*previous, *i)'
Assertion failed on expression: 'pred(*previous, *i)'
Assertion failed on expression: 'pred(*previous, *i)'
Assertion failed on expression: 'pred(*previous, *i)'
Assertion failed on expression: 'pred(*previous, *i)'
Assertion failed on expression: 'pred(*previous, *i)'
Assertion failed on expression: 'pred(*previous, *i)'
Assertion failed on expression: 'pred(*previous, *i)'
Assertion failed on expression: 'pred(*previous, *i)'
Assertion failed on expression: 'pred(*previous, *i)'
Assertion failed on expression: 'pred(*previous, *i)'
Assertion failed on expression: 'pred(*previous, *i)'
Assertion failed on expression: 'pred(*previous, *i)'
Assertion failed on expression: 'pred(*previous, *i)'
Assertion failed on expression: 'pred(*previous, *i)'
Assertion failed on expression: 'pred(*previous, *i)'
Assertion failed on expression: 'pred(*previous, *i)'
Assertion failed on expression: 'pred(*previous, *i)'
Assertion failed on expression: 'pred(*previous, *i)'
Assertion failed on expression: 'pred(*previous, *i)'
Assertion failed on expression: 'pred(*previous, *i)'
Assertion failed on expression: 'pred(*previous, *i)'
Assertion failed on expression: 'pred(*previous, *i)'
Assertion failed on expression: 'pred(*previous, *i)'
Assertion failed on expression: 'pred(*previous, *i)'
Assertion failed on expression: 'pred(*previous, *i)'
Assertion failed on expression: 'pred(*previous, *i)'
Assertion failed on expression: 'pred(*previous, *i)'
Assertion failed on expression: 'pred(*previous, *i)'
Assertion failed on expression: 'pred(*previous, *i)'
Assertion failed on expression: 'pred(*previous, *i)'
Assertion failed on expression: 'pred(*previous, *i)'
Assertion failed on expression: 'pred(*previous, *i)'
Assertion failed on expression: 'pred(*previous, *i)'
Assertion failed on expression: 'pred(*previous, *i)'
Assertion failed on expression: 'pred(*previous, *i)'
Assertion failed on expression: 'pred(*previous, *i)'
Assertion failed on expression: 'pred(*previous, *i)'
Assertion failed on expression: 'pred(*previous, *i)'
Assertion failed on expression: 'pred(*previous, *i)'
Assertion failed on expression: 'pred(*previous, *i)'
Assertion failed on expression: 'pred(*previous, *i)'
Assertion failed on expression: 'pred(*previous, *i)'
Assertion failed on expression: 'pred(*previous, *i)'
Assertion failed on expression: 'pred(*previous, *i)'
Assertion failed on expression: 'pred(*previous, *i)'
Assertion failed on expression: 'pred(*previous, *i)'
Assertion failed on expression: 'pred(*previous, *i)'
Assertion failed on expression: 'pred(*previous, *i)'
Assertion failed on expression: 'pred(*previous, *i)'
Assertion failed on expression: 'pred(*previous, *i)'
Assertion failed on expression: 'pred(*previous, *i)'
Assertion failed on expression: 'pred(*previous, *i)'
Assertion failed on expression: 'pred(*previous, *i)'
Assertion failed on expression: 'pred(*previous, *i)'
Assertion failed on expression: 'pred(*previous, *i)'
Assertion failed on expression: 'pred(*previous, *i)'
Assertion failed on expression: 'pred(*previous, *i)'
Assertion failed on expression: 'pred(*previous, *i)'
Assertion failed on expression: 'pred(*previous, *i)'
Assertion failed on expression: 'pred(*previous, *i)'
Assertion failed on expression: 'pred(*previous, *i)'
Assertion failed on expression: 'pred(*previous, *i)'
Assertion failed on expression: 'pred(*previous, *i)'
Assertion failed on expression: 'pred(*previous, *i)'
Assertion failed on expression: 'pred(*previous, *i)'
Assertion failed on expression: 'pred(*previous, *i)'
Assertion failed on expression: 'pred(*previous, *i)'
Assertion failed on expression: 'pred(*previous, *i)'
Assertion failed on expression: 'pred(*previous, *i)'
Assertion failed on expression: 'pred(*previous, *i)'
Assertion failed on expression: 'pred(*previous, *i)'
Assertion failed on expression: 'pred(*previous, *i)'
Assertion failed on expression: 'pred(*previous, *i)'
Assertion failed on expression: 'pred(*previous, *i)'
Assertion failed on expression: 'pred(*previous, *i)'
Assertion failed on expression: 'pred(*previous, *i)'
Assertion failed on expression: 'pred(*previous, *i)'
Assertion failed on expression: 'pred(*previous, *i)'
Assertion failed on expression: 'pred(*previous, *i)'
Assertion failed on expression: 'pred(*previous, *i)'
Assertion failed on expression: 'pred(*previous, *i)'
Assertion failed on expression: 'pred(*previous, *i)'
Assertion failed on expression: 'pred(*previous, *i)'
Assertion failed on expression: 'pred(*previous, *i)'
Assertion failed on expression: 'pred(*previous, *i)'
Assertion failed on expression: 'pred(*previous, *i)'
Assertion failed on expression: 'pred(*previous, *i)'
Assertion failed on expression: 'pred(*previous, *i)'
Assertion failed on expression: 'pred(*previous, *i)'
Assertion failed on expression: 'pred(*previous, *i)'
Assertion failed on expression: 'pred(*previous, *i)'
Assertion failed on expression: 'pred(*previous, *i)'
Assertion failed on expression: 'pred(*previous, *i)'
Assertion failed on expression: 'pred(*previous, *i)'
Assertion failed on expression: 'pred(*previous, *i)'
Assertion failed on expression: 'pred(*previous, *i)'
Assertion failed on expression: 'pred(*previous, *i)'
Assertion failed on expression: 'pred(*previous, *i)'
Assertion failed on expression: 'pred(*previous, *i)'
Assertion failed on expression: 'pred(*previous, *i)'
Assertion failed on expression: 'pred(*previous, *i)'
Assertion failed on expression: 'pred(*previous, *i)'
Assertion failed on expression: 'pred(*previous, *i)'
Assertion failed on expression: 'pred(*previous, *i)'
Assertion failed on expression: 'pred(*previous, *i)'
Assertion failed on expression: 'pred(*previous, *i)'
Assertion failed on expression: 'pred(*previous, *i)'
Assertion failed on expression: 'pred(*previous, *i)'
Assertion failed on expression: 'pred(*previous, *i)'
Assertion failed on expression: 'pred(*previous, *i)'
Assertion failed on expression: 'pred(*previous, *i)'
Assertion failed on expression: 'pred(*previous, *i)'
Assertion failed on expression: 'pred(*previous, *i)'
Assertion failed on expression: 'pred(*previous, *i)'
Assertion failed on expression: 'pred(*previous, *i)'
Assertion failed on expression: 'pred(*previous, *i)'
Assertion failed on expression: 'pred(*previous, *i)'
Assertion failed on expression: 'pred(*previous, *i)'
Assertion failed on expression: 'pred(*previous, *i)'
Assertion failed on expression: 'pred(*previous, *i)'
Assertion failed on expression: 'pred(*previous, *i)'
Assertion failed on expression: 'pred(*previous, *i)'
Assertion failed on expression: 'pred(*previous, *i)'
Assertion failed on expression: 'pred(*previous, *i)'
Assertion failed on expression: 'pred(*previous, *i)'
Assertion failed on expression: 'pred(*previous, *i)'
Assertion failed on expression: 'pred(*previous, *i)'
Assertion failed on expression: 'pred(*previous, *i)'
Assertion failed on expression: 'pred(*previous, *i)'
Assertion failed on expression: 'pred(*previous, *i)'
Assertion failed on expression: 'pred(*previous, *i)'
Assertion failed on expression: 'pred(*previous, *i)'
Assertion failed on expression: 'pred(*previous, *i)'
Assertion failed on expression: 'pred(*previous, *i)'
Assertion failed on expression: 'pred(*previous, *i)'
Assertion failed on expression: 'pred(*previous, *i)'
Assertion failed on expression: 'pred(*previous, *i)'
Assertion failed on expression: 'pred(*previous, *i)'
Assertion failed on expression: 'pred(*previous, *i)'
Assertion failed on expression: 'pred(*previous, *i)'
Assertion failed on expression: 'pred(*previous, *i)'
Assertion failed on expression: 'pred(*previous, *i)'
Assertion failed on expression: 'pred(*previous, *i)'
Assertion failed on expression: 'pred(*previous, *i)'
Assertion failed on expression: 'pred(*previous, *i)'
Assertion failed on expression: 'pred(*previous, *i)'
Assertion failed on expression: 'pred(*previous, *i)'
Assertion failed on expression: 'pred(*previous, *i)'
Assertion failed on expression: 'pred(*previous, *i)'
Assertion failed on expression: 'pred(*previous, *i)'
Assertion failed on expression: 'pred(*previous, *i)'
Assertion failed on expression: 'pred(*previous, *i)'
Assertion failed on expression: 'pred(*previous, *i)'
Assertion failed on expression: 'pred(*previous, *i)'
Assertion failed on expression: 'pred(*previous, *i)'
Assertion failed on expression: 'pred(*previous, *i)'
Assertion failed on expression: 'pred(*previous, *i)'
Assertion failed on expression: 'pred(*previous, *i)'
Assertion failed on expression: 'pred(*previous, *i)'
Assertion failed on expression: 'pred(*previous, *i)'
Assertion failed on expression: 'pred(*previous, *i)'
Assertion failed on expression: 'pred(*previous, *i)'
Assertion failed on expression: 'pred(*previous, *i)'
Assertion failed on expression: 'pred(*previous, *i)'
Assertion failed on expression: 'pred(*previous, *i)'
Assertion failed on expression: 'pred(*previous, *i)'
Assertion failed on expression: 'pred(*previous, *i)'
Assertion failed on expression: 'pred(*previous, *i)'
Assertion failed on expression: 'pred(*previous, *i)'
Assertion failed on expression: 'pred(*previous, *i)'
Assertion failed on expression: 'pred(*previous, *i)'
Assertion failed on expression: 'pred(*previous, *i)'
Assertion failed on expression: 'pred(*previous, *i)'
Assertion failed on expression: 'pred(*previous, *i)'
Assertion failed on expression: 'pred(*previous, *i)'
Assertion failed on expression: 'pred(*previous, *i)'
Assertion failed on expression: 'pred(*previous, *i)'
Assertion failed on expression: 'pred(*previous, *i)'
Assertion failed on expression: 'pred(*previous, *i)'
Assertion failed on expression: 'pred(*previous, *i)'
Assertion failed on expression: 'pred(*previous, *i)'
Assertion failed on expression: 'pred(*previous, *i)'
Assertion failed on expression: 'pred(*previous, *i)'
Assertion failed on expression: 'pred(*previous, *i)'
Assertion failed on expression: 'pred(*previous, *i)'
Assertion failed on expression: 'pred(*previous, *i)'
Assertion failed on expression: 'pred(*previous, *i)'
Assertion failed on expression: 'pred(*previous, *i)'
Assertion failed on expression: 'pred(*previous, *i)'
Assertion failed on expression: 'pred(*previous, *i)'
Assertion failed on expression: 'pred(*previous, *i)'
Assertion failed on expression: 'pred(*previous, *i)'
Assertion failed on expression: 'pred(*previous, *i)'
Assertion failed on expression: 'pred(*previous, *i)'
Assertion failed on expression: 'pred(*previous, *i)'
Assertion failed on expression: 'pred(*previous, *i)'
Assertion failed on expression: 'pred(*previous, *i)'
Assertion failed on expression: 'pred(*previous, *i)'
Assertion failed on expression: 'pred(*previous, *i)'
Assertion failed on expression: 'pred(*previous, *i)'
Assertion failed on expression: 'pred(*previous, *i)'
Assertion failed on expression: 'pred(*previous, *i)'
Assertion failed on expression: 'pred(*previous, *i)'
Assertion failed on expression: 'pred(*previous, *i)'
Assertion failed on expression: 'pred(*previous, *i)'
Assertion failed on expression: 'pred(*previous, *i)'
Assertion failed on expression: 'pred(*previous, *i)'
Assertion failed on expression: 'pred(*previous, *i)'
Assertion failed on expression: 'pred(*previous, *i)'
Assertion failed on expression: 'pred(*previous, *i)'
Assertion failed on expression: 'pred(*previous, *i)'
Assertion failed on expression: 'pred(*previous, *i)'
Assertion failed on expression: 'pred(*previous, *i)'
Assertion failed on expression: 'pred(*previous, *i)'
Assertion failed on expression: 'pred(*previous, *i)'
Assertion failed on expression: 'pred(*previous, *i)'
Assertion failed on expression: 'pred(*previous, *i)'
Assertion failed on expression: 'pred(*previous, *i)'
Assertion failed on expression: 'pred(*previous, *i)'
Assertion failed on expression: 'pred(*previous, *i)'
Assertion failed on expression: 'pred(*previous, *i)'
Assertion failed on expression: 'pred(*previous, *i)'
Assertion failed on expression: 'pred(*previous, *i)'
Assertion failed on expression: 'pred(*previous, *i)'
Assertion failed on expression: 'pred(*previous, *i)'
Assertion failed on expression: 'pred(*previous, *i)'
Assertion failed on expression: 'pred(*previous, *i)'
Assertion failed on expression: 'pred(*previous, *i)'
Assertion failed on expression: 'pred(*previous, *i)'
Assertion failed on expression: 'pred(*previous, *i)'
Assertion failed on expression: 'pred(*previous, *i)'
Assertion failed on expression: 'pred(*previous, *i)'
Assertion failed on expression: 'pred(*previous, *i)'
Assertion failed on expression: 'pred(*previous, *i)'
Assertion failed on expression: 'pred(*previous, *i)'
Assertion failed on expression: 'pred(*previous, *i)'
Assertion failed on expression: 'pred(*previous, *i)'
Assertion failed on expression: 'pred(*previous, *i)'
Assertion failed on expression: 'pred(*previous, *i)'
Assertion failed on expression: 'pred(*previous, *i)'
Assertion failed on expression: 'pred(*previous, *i)'
Assertion failed on expression: 'pred(*previous, *i)'
Assertion failed on expression: 'pred(*previous, *i)'
Assertion failed on expression: 'pred(*previous, *i)'
Assertion failed on expression: 'pred(*previous, *i)'
Assertion failed on expression: 'pred(*previous, *i)'
Assertion failed on expression: 'pred(*previous, *i)'
Assertion failed on expression: 'pred(*previous, *i)'
Assertion failed on expression: 'pred(*previous, *i)'
Assertion failed on expression: 'pred(*previous, *i)'
Assertion failed on expression: 'pred(*previous, *i)'
Assertion failed on expression: 'pred(*previous, *i)'
Assertion failed on expression: 'pred(*previous, *i)'
Assertion failed on expression: 'pred(*previous, *i)'
Assertion failed on expression: 'pred(*previous, *i)'
Assertion failed on expression: 'pred(*previous, *i)'
Assertion failed on expression: 'pred(*previous, *i)'
Assertion failed on expression: 'pred(*previous, *i)'
Assertion failed on expression: 'pred(*previous, *i)'
Assertion failed on expression: 'pred(*previous, *i)'
Assertion failed on expression: 'pred(*previous, *i)'
Assertion failed on expression: 'pred(*previous, *i)'
Assertion failed on expression: 'pred(*previous, *i)'
Assertion failed on expression: 'pred(*previous, *i)'
Assertion failed on expression: 'pred(*previous, *i)'
Assertion failed on expression: 'pred(*previous, *i)'
Assertion failed on expression: 'pred(*previous, *i)'
Assertion failed on expression: 'pred(*previous, *i)'
Assertion failed on expression: 'pred(*previous, *i)'
Assertion failed on expression: 'pred(*previous, *i)'
Assertion failed on expression: 'pred(*previous, *i)'
Assertion failed on expression: 'pred(*previous, *i)'
Assertion failed on expression: 'pred(*previous, *i)'
Assertion failed on expression: 'pred(*previous, *i)'
Assertion failed on expression: 'pred(*previous, *i)'
Assertion failed on expression: 'pred(*previous, *i)'
Assertion failed on expression: 'pred(*previous, *i)'
Assertion failed on expression: 'pred(*previous, *i)'
Assertion failed on expression: 'pred(*previous, *i)'
Assertion failed on expression: 'pred(*previous, *i)'
Assertion failed on expression: 'pred(*previous, *i)'
Assertion failed on expression: 'pred(*previous, *i)'
Assertion failed on expression: 'pred(*previous, *i)'
Assertion failed on expression: 'pred(*previous, *i)'
Assertion failed on expression: 'pred(*previous, *i)'
Assertion failed on expression: 'pred(*previous, *i)'
Assertion failed on expression: 'pred(*previous, *i)'
Assertion failed on expression: 'pred(*previous, *i)'
Assertion failed on expression: 'pred(*previous, *i)'
Assertion failed on expression: 'pred(*previous, *i)'
Assertion failed on expression: 'pred(*previous, *i)'
Assertion failed on expression: 'pred(*previous, *i)'
Assertion failed on expression: 'pred(*previous, *i)'
Assertion failed on expression: 'pred(*previous, *i)'
Assertion failed on expression: 'pred(*previous, *i)'
Assertion failed on expression: 'pred(*previous, *i)'
Assertion failed on expression: 'pred(*previous, *i)'
Assertion failed on expression: 'pred(*previous, *i)'
Assertion failed on expression: 'pred(*previous, *i)'
Assertion failed on expression: 'pred(*previous, *i)'
Assertion failed on expression: 'pred(*previous, *i)'
Assertion failed on expression: 'pred(*previous, *i)'
Assertion failed on expression: 'pred(*previous, *i)'
Assertion failed on expression: 'pred(*previous, *i)'
Assertion failed on expression: 'pred(*previous, *i)'
Assertion failed on expression: 'pred(*previous, *i)'
Assertion failed on expression: 'pred(*previous, *i)'
Assertion failed on expression: 'pred(*previous, *i)'
Assertion failed on expression: 'pred(*previous, *i)'
Assertion failed on expression: 'pred(*previous, *i)'
Assertion failed on expression: 'pred(*previous, *i)'
Assertion failed on expression: 'pred(*previous, *i)'
Assertion failed on expression: 'pred(*previous, *i)'
Assertion failed on expression: 'pred(*previous, *i)'
Assertion failed on expression: 'pred(*previous, *i)'
Assertion failed on expression: 'pred(*previous, *i)'
Assertion failed on expression: 'pred(*previous, *i)'
Assertion failed on expression: 'pred(*previous, *i)'
Assertion failed on expression: 'pred(*previous, *i)'
Assertion failed on expression: 'pred(*previous, *i)'
Assertion failed on expression: 'pred(*previous, *i)'
Assertion failed on expression: 'pred(*previous, *i)'
Assertion failed on expression: 'pred(*previous, *i)'
Assertion failed on expression: 'pred(*previous, *i)'
Assertion failed on expression: 'pred(*previous, *i)'
Assertion failed on expression: 'pred(*previous, *i)'
Assertion failed on expression: 'pred(*previous, *i)'
Assertion failed on expression: 'pred(*previous, *i)'
Assertion failed on expression: 'pred(*previous, *i)'
Assertion failed on expression: 'pred(*previous, *i)'
Assertion failed on expression: 'pred(*previous, *i)'
Assertion failed on expression: 'pred(*previous, *i)'
Assertion failed on expression: 'pred(*previous, *i)'
Assertion failed on expression: 'pred(*previous, *i)'
Assertion failed on expression: 'pred(*previous, *i)'
Assertion failed on expression: 'pred(*previous, *i)'
Assertion failed on expression: 'pred(*previous, *i)'
Assertion failed on expression: 'pred(*previous, *i)'
Assertion failed on expression: 'pred(*previous, *i)'
Assertion failed on expression: 'pred(*previous, *i)'
Assertion failed on expression: 'pred(*previous, *i)'
Assertion failed on expression: 'pred(*previous, *i)'
Assertion failed on expression: 'pred(*previous, *i)'
Assertion failed on expression: 'pred(*previous, *i)'
Assertion failed on expression: 'pred(*previous, *i)'
Assertion failed on expression: 'pred(*previous, *i)'
Assertion failed on expression: 'pred(*previous, *i)'
Assertion failed on expression: 'pred(*previous, *i)'
Assertion failed on expression: 'pred(*previous, *i)'
Assertion failed on expression: 'pred(*previous, *i)'
Assertion failed on expression: 'pred(*previous, *i)'
Assertion failed on expression: 'pred(*previous, *i)'
Assertion failed on expression: 'pred(*previous, *i)'
Assertion failed on expression: 'pred(*previous, *i)'
Assertion failed on expression: 'pred(*previous, *i)'
Assertion failed on expression: 'pred(*previous, *i)'
Assertion failed on expression: 'pred(*previous, *i)'
Assertion failed on expression: 'pred(*previous, *i)'
Assertion failed on expression: 'pred(*previous, *i)'
Assertion failed on expression: 'pred(*previous, *i)'
Assertion failed on expression: 'pred(*previous, *i)'
Assertion failed on expression: 'pred(*previous, *i)'
Assertion failed on expression: 'pred(*previous, *i)'
Assertion failed on expression: 'pred(*previous, *i)'
Assertion failed on expression: 'pred(*previous, *i)'
Assertion failed on expression: 'pred(*previous, *i)'
Assertion failed on expression: 'pred(*previous, *i)'
Assertion failed on expression: 'pred(*previous, *i)'
Assertion failed on expression: 'pred(*previous, *i)'
Assertion failed on expression: 'pred(*previous, *i)'
Assertion failed on expression: 'pred(*previous, *i)'
Assertion failed on expression: 'pred(*previous, *i)'
Assertion failed on expression: 'pred(*previous, *i)'
Assertion failed on expression: 'pred(*previous, *i)'
Assertion failed on expression: 'pred(*previous, *i)'
Assertion failed on expression: 'pred(*previous, *i)'
Assertion failed on expression: 'pred(*previous, *i)'
Assertion failed on expression: 'pred(*previous, *i)'
Assertion failed on expression: 'pred(*previous, *i)'
Assertion failed on expression: 'pred(*previous, *i)'
Assertion failed on expression: 'pred(*previous, *i)'
Assertion failed on expression: 'pred(*previous, *i)'
Assertion failed on expression: 'pred(*previous, *i)'
Assertion failed on expression: 'pred(*previous, *i)'
Assertion failed on expression: 'pred(*previous, *i)'
Assertion failed on expression: 'pred(*previous, *i)'
Assertion failed on expression: 'pred(*previous, *i)'
Assertion failed on expression: 'pred(*previous, *i)'
Assertion failed on expression: 'pred(*previous, *i)'
Assertion failed on expression: 'pred(*previous, *i)'
Assertion failed on expression: 'pred(*previous, *i)'
Assertion failed on expression: 'pred(*previous, *i)'
Assertion failed on expression: 'pred(*previous, *i)'
Assertion failed on expression: 'pred(*previous, *i)'
Assertion failed on expression: 'pred(*previous, *i)'
Assertion failed on expression: 'pred(*previous, *i)'
Assertion failed on expression: 'pred(*previous, *i)'
Assertion failed on expression: 'pred(*previous, *i)'
Assertion failed on expression: 'pred(*previous, *i)'
Assertion failed on expression: 'pred(*previous, *i)'
Assertion failed on expression: 'pred(*previous, *i)'
Assertion failed on expression: 'pred(*previous, *i)'
Assertion failed on expression: 'pred(*previous, *i)'
Assertion failed on expression: 'pred(*previous, *i)'
Assertion failed on expression: 'pred(*previous, *i)'
Assertion failed on expression: 'pred(*previous, *i)'
Assertion failed on expression: 'pred(*previous, *i)'
Assertion failed on expression: 'pred(*previous, *i)'
Assertion failed on expression: 'pred(*previous, *i)'
Assertion failed on expression: 'pred(*previous, *i)'
Assertion failed on expression: 'pred(*previous, *i)'
Assertion failed on expression: 'pred(*previous, *i)'
Assertion failed on expression: 'pred(*previous, *i)'
Assertion failed on expression: 'pred(*previous, *i)'
Assertion failed on expression: 'pred(*previous, *i)'
Assertion failed on expression: 'pred(*previous, *i)'
Assertion failed on expression: 'pred(*previous, *i)'
Assertion failed on expression: 'pred(*previous, *i)'
Assertion failed on expression: 'pred(*previous, *i)'
Assertion failed on expression: 'pred(*previous, *i)'
Assertion failed on expression: 'pred(*previous, *i)'
Assertion failed on expression: 'pred(*previous, *i)'
Assertion failed on expression: 'pred(*previous, *i)'
Assertion failed on expression: 'pred(*previous, *i)'
Assertion failed on expression: 'pred(*previous, *i)'
Assertion failed on expression: 'pred(*previous, *i)'
Assertion failed on expression: 'pred(*previous, *i)'
Assertion failed on expression: 'pred(*previous, *i)'
Assertion failed on expression: 'pred(*previous, *i)'
Assertion failed on expression: 'pred(*previous, *i)'
Assertion failed on expression: 'pred(*previous, *i)'
Assertion failed on expression: 'pred(*previous, *i)'
Assertion failed on expression: 'pred(*previous, *i)'
Assertion failed on expression: 'pred(*previous, *i)'
Assertion failed on expression: 'pred(*previous, *i)'
Assertion failed on expression: 'pred(*previous, *i)'
Assertion failed on expression: 'pred(*previous, *i)'
Assertion failed on expression: 'pred(*previous, *i)'
Assertion failed on expression: 'pred(*previous, *i)'
Assertion failed on expression: 'pred(*previous, *i)'
Assertion failed on expression: 'pred(*previous, *i)'
Assertion failed on expression: 'pred(*previous, *i)'
Assertion failed on expression: 'pred(*previous, *i)'
Assertion failed on expression: 'pred(*previous, *i)'
Assertion failed on expression: 'pred(*previous, *i)'
Assertion failed on expression: 'pred(*previous, *i)'
Assertion failed on expression: 'pred(*previous, *i)'
Assertion failed on expression: 'pred(*previous, *i)'
Assertion failed on expression: 'pred(*previous, *i)'
Assertion failed on expression: 'pred(*previous, *i)'
Assertion failed on expression: 'pred(*previous, *i)'
Assertion failed on expression: 'pred(*previous, *i)'
Assertion failed on expression: 'pred(*previous, *i)'
Assertion failed on expression: 'pred(*previous, *i)'
Assertion failed on expression: 'pred(*previous, *i)'
Assertion failed on expression: 'pred(*previous, *i)'
Assertion failed on expression: 'pred(*previous, *i)'
Assertion failed on expression: 'pred(*previous, *i)'
Assertion failed on expression: 'pred(*previous, *i)'
Assertion failed on expression: 'pred(*previous, *i)'
Assertion failed on expression: 'pred(*previous, *i)'
Assertion failed on expression: 'pred(*previous, *i)'
Assertion failed on expression: 'pred(*previous, *i)'
Assertion failed on expression: 'pred(*previous, *i)'
Assertion failed on expression: 'pred(*previous, *i)'
Assertion failed on expression: 'pred(*previous, *i)'
Assertion failed on expression: 'pred(*previous, *i)'
Assertion failed on expression: 'pred(*previous, *i)'
Assertion failed on expression: 'pred(*previous, *i)'
Assertion failed on expression: 'pred(*previous, *i)'
Assertion failed on expression: 'pred(*previous, *i)'
Assertion failed on expression: 'pred(*previous, *i)'
Assertion failed on expression: 'pred(*previous, *i)'
Assertion failed on expression: 'pred(*previous, *i)'
Assertion failed on expression: 'pred(*previous, *i)'
Assertion failed on expression: 'pred(*previous, *i)'
Assertion failed on expression: 'pred(*previous, *i)'
Assertion failed on expression: 'pred(*previous, *i)'
Assertion failed on expression: 'pred(*previous, *i)'
Assertion failed on expression: 'pred(*previous, *i)'
Assertion failed on expression: 'pred(*previous, *i)'
Assertion failed on expression: 'pred(*previous, *i)'
Assertion failed on expression: 'pred(*previous, *i)'
Assertion failed on expression: 'pred(*previous, *i)'
Assertion failed on expression: 'pred(*previous, *i)'
Assertion failed on expression: 'pred(*previous, *i)'
Assertion failed on expression: 'pred(*previous, *i)'
Assertion failed on expression: 'pred(*previous, *i)'
Assertion failed on expression: 'pred(*previous, *i)'
Assertion failed on expression: 'pred(*previous, *i)'
Assertion failed on expression: 'pred(*previous, *i)'
Assertion failed on expression: 'pred(*previous, *i)'
Assertion failed on expression: 'pred(*previous, *i)'
Assertion failed on expression: 'pred(*previous, *i)'
Assertion failed on expression: 'pred(*previous, *i)'
Assertion failed on expression: 'pred(*previous, *i)'
Assertion failed on expression: 'pred(*previous, *i)'
Assertion failed on expression: 'pred(*previous, *i)'
Assertion failed on expression: 'pred(*previous, *i)'
Assertion failed on expression: 'pred(*previous, *i)'
Assertion failed on expression: 'pred(*previous, *i)'
Assertion failed on expression: 'pred(*previous, *i)'
Assertion failed on expression: 'pred(*previous, *i)'
Assertion failed on expression: 'pred(*previous, *i)'
Assertion failed on expression: 'pred(*previous, *i)'
Assertion failed on expression: 'pred(*previous, *i)'
Assertion failed on expression: 'pred(*previous, *i)'
Assertion failed on expression: 'pred(*previous, *i)'
Assertion failed on expression: 'pred(*previous, *i)'
Assertion failed on expression: 'pred(*previous, *i)'
Assertion failed on expression: 'pred(*previous, *i)'
Assertion failed on expression: 'pred(*previous, *i)'
Assertion failed on expression: 'pred(*previous, *i)'
Assertion failed on expression: 'pred(*previous, *i)'
Assertion failed on expression: 'pred(*previous, *i)'
Assertion failed on expression: 'pred(*previous, *i)'
Assertion failed on expression: 'pred(*previous, *i)'
Assertion failed on expression: 'pred(*previous, *i)'
Assertion failed on expression: 'pred(*previous, *i)'
Assertion failed on expression: 'pred(*previous, *i)'
Assertion failed on expression: 'pred(*previous, *i)'
Assertion failed on expression: 'pred(*previous, *i)'
Assertion failed on expression: 'pred(*previous, *i)'
Assertion failed on expression: 'pred(*previous, *i)'
Assertion failed on expression: 'pred(*previous, *i)'
Assertion failed on expression: 'pred(*previous, *i)'
Assertion failed on expression: 'pred(*previous, *i)'
Assertion failed on expression: 'pred(*previous, *i)'
Assertion failed on expression: 'pred(*previous, *i)'
Assertion failed on expression: 'pred(*previous, *i)'
Assertion failed on expression: 'pred(*previous, *i)'
Assertion failed on expression: 'pred(*previous, *i)'
Assertion failed on expression: 'pred(*previous, *i)'
Assertion failed on expression: 'pred(*previous, *i)'
Assertion failed on expression: 'pred(*previous, *i)'
Assertion failed on expression: 'pred(*previous, *i)'
Assertion failed on expression: 'pred(*previous, *i)'
Assertion failed on expression: 'pred(*previous, *i)'
Assertion failed on expression: 'pred(*previous, *i)'
Assertion failed on expression: 'pred(*previous, *i)'
Assertion failed on expression: 'pred(*previous, *i)'
Assertion failed on expression: 'pred(*previous, *i)'
Assertion failed on expression: 'pred(*previous, *i)'
Assertion failed on expression: 'pred(*previous, *i)'
Assertion failed on expression: 'pred(*previous, *i)'
Assertion failed on expression: 'pred(*previous, *i)'
Assertion failed on expression: 'pred(*previous, *i)'
Assertion failed on expression: 'pred(*previous, *i)'
Assertion failed on expression: 'pred(*previous, *i)'
Assertion failed on expression: 'pred(*previous, *i)'
Assertion failed on expression: 'pred(*previous, *i)'
Assertion failed on expression: 'pred(*previous, *i)'
Assertion failed on expression: 'pred(*previous, *i)'
Assertion failed on expression: 'pred(*previous, *i)'
Assertion failed on expression: 'pred(*previous, *i)'
Assertion failed on expression: 'pred(*previous, *i)'
Assertion failed on expression: 'pred(*previous, *i)'
Assertion failed on expression: 'pred(*previous, *i)'
Assertion failed on expression: 'pred(*previous, *i)'
Assertion failed on expression: 'pred(*previous, *i)'
Assertion failed on expression: 'pred(*previous, *i)'
Assertion failed on expression: 'pred(*previous, *i)'
Assertion failed on expression: 'pred(*previous, *i)'
Assertion failed on expression: 'pred(*previous, *i)'
Assertion failed on expression: 'pred(*previous, *i)'
Assertion failed on expression: 'pred(*previous, *i)'
Assertion failed on expression: 'pred(*previous, *i)'
Assertion failed on expression: 'pred(*previous, *i)'
Assertion failed on expression: 'pred(*previous, *i)'
Assertion failed on expression: 'pred(*previous, *i)'
Assertion failed on expression: 'pred(*previous, *i)'
Assertion failed on expression: 'pred(*previous, *i)'
Assertion failed on expression: 'pred(*previous, *i)'
Assertion failed on expression: 'pred(*previous, *i)'
Assertion failed on expression: 'pred(*previous, *i)'
Assertion failed on expression: 'pred(*previous, *i)'
Assertion failed on expression: 'pred(*previous, *i)'
Assertion failed on expression: 'pred(*previous, *i)'
Assertion failed on expression: 'pred(*previous, *i)'
Assertion failed on expression: 'pred(*previous, *i)'
Assertion failed on expression: 'pred(*previous, *i)'
Assertion failed on expression: 'pred(*previous, *i)'
Assertion failed on expression: 'pred(*previous, *i)'
Assertion failed on expression: 'pred(*previous, *i)'
Assertion failed on expression: 'pred(*previous, *i)'
Assertion failed on expression: 'pred(*previous, *i)'
Assertion failed on expression: 'pred(*previous, *i)'
Assertion failed on expression: 'pred(*previous, *i)'
Assertion failed on expression: 'pred(*previous, *i)'
Assertion failed on expression: 'pred(*previous, *i)'
Assertion failed on expression: 'pred(*previous, *i)'
Assertion failed on expression: 'pred(*previous, *i)'
Assertion failed on expression: 'pred(*previous, *i)'
Assertion failed on expression: 'pred(*previous, *i)'
Assertion failed on expression: 'pred(*previous, *i)'
Assertion failed on expression: 'pred(*previous, *i)'
Assertion failed on expression: 'pred(*previous, *i)'
Assertion failed on expression: 'pred(*previous, *i)'
Assertion failed on expression: 'pred(*previous, *i)'
Assertion failed on expression: 'pred(*previous, *i)'
Assertion failed on expression: 'pred(*previous, *i)'
Assertion failed on expression: 'pred(*previous, *i)'
Assertion failed on expression: 'pred(*previous, *i)'
Assertion failed on expression: 'pred(*previous, *i)'
Assertion failed on expression: 'pred(*previous, *i)'
Assertion failed on expression: 'pred(*previous, *i)'
Assertion failed on expression: 'pred(*previous, *i)'
Assertion failed on expression: 'pred(*previous, *i)'
Assertion failed on expression: 'pred(*previous, *i)'
Assertion failed on expression: 'pred(*previous, *i)'
Assertion failed on expression: 'pred(*previous, *i)'
Assertion failed on expression: 'pred(*previous, *i)'
Assertion failed on expression: 'pred(*previous, *i)'
Assertion failed on expression: 'pred(*previous, *i)'
Assertion failed on expression: 'pred(*previous, *i)'
Assertion failed on expression: 'pred(*previous, *i)'
Assertion failed on expression: 'pred(*previous, *i)'
Assertion failed on expression: 'pred(*previous, *i)'
Assertion failed on expression: 'pred(*previous, *i)'
Assertion failed on expression: 'pred(*previous, *i)'
Assertion failed on expression: 'pred(*previous, *i)'
Assertion failed on expression: 'pred(*previous, *i)'
Assertion failed on expression: 'pred(*previous, *i)'
Assertion failed on expression: 'pred(*previous, *i)'
Assertion failed on expression: 'pred(*previous, *i)'
Assertion failed on expression: 'pred(*previous, *i)'
Assertion failed on expression: 'pred(*previous, *i)'
Assertion failed on expression: 'pred(*previous, *i)'
Assertion failed on expression: 'pred(*previous, *i)'
Assertion failed on expression: 'pred(*previous, *i)'
Assertion failed on expression: 'pred(*previous, *i)'
Assertion failed on expression: 'pred(*previous, *i)'
Assertion failed on expression: 'pred(*previous, *i)'
Assertion failed on expression: 'pred(*previous, *i)'
Assertion failed on expression: 'pred(*previous, *i)'
Assertion failed on expression: 'pred(*previous, *i)'
Assertion failed on expression: 'pred(*previous, *i)'
Assertion failed on expression: 'pred(*previous, *i)'
Assertion failed on expression: 'pred(*previous, *i)'
Assertion failed on expression: 'pred(*previous, *i)'
Assertion failed on expression: 'pred(*previous, *i)'
Assertion failed on expression: 'pred(*previous, *i)'
Assertion failed on expression: 'pred(*previous, *i)'
Assertion failed on expression: 'pred(*previous, *i)'
Assertion failed on expression: 'pred(*previous, *i)'
Assertion failed on expression: 'pred(*previous, *i)'
Assertion failed on expression: 'pred(*previous, *i)'
Assertion failed on expression: 'pred(*previous, *i)'
Assertion failed on expression: 'pred(*previous, *i)'
Assertion failed on expression: 'pred(*previous, *i)'
Assertion failed on expression: 'pred(*previous, *i)'
Assertion failed on expression: 'pred(*previous, *i)'
Assertion failed on expression: 'pred(*previous, *i)'
Assertion failed on expression: 'pred(*previous, *i)'
Assertion failed on expression: 'pred(*previous, *i)'
Assertion failed on expression: 'pred(*previous, *i)'
Assertion failed on expression: 'pred(*previous, *i)'
Assertion failed on expression: 'pred(*previous, *i)'
Assertion failed on expression: 'pred(*previous, *i)'
Assertion failed on expression: 'pred(*previous, *i)'
Assertion failed on expression: 'pred(*previous, *i)'
Assertion failed on expression: 'pred(*previous, *i)'
Assertion failed on expression: 'pred(*previous, *i)'
Assertion failed on expression: 'pred(*previous, *i)'
Assertion failed on expression: 'pred(*previous, *i)'
Assertion failed on expression: 'pred(*previous, *i)'
Assertion failed on expression: 'pred(*previous, *i)'
Assertion failed on expression: 'pred(*previous, *i)'
Assertion failed on expression: 'pred(*previous, *i)'
Assertion failed on expression: 'pred(*previous, *i)'
Assertion failed on expression: 'pred(*previous, *i)'
Assertion failed on expression: 'pred(*previous, *i)'
Assertion failed on expression: 'pred(*previous, *i)'
Assertion failed on expression: 'pred(*previous, *i)'
Assertion failed on expression: 'pred(*previous, *i)'
Assertion failed on expression: 'pred(*previous, *i)'
Assertion failed on expression: 'pred(*previous, *i)'
Assertion failed on expression: 'pred(*previous, *i)'
Assertion failed on expression: 'pred(*previous, *i)'
Assertion failed on expression: 'pred(*previous, *i)'
Assertion failed on expression: 'pred(*previous, *i)'
Assertion failed on expression: 'pred(*previous, *i)'
Assertion failed on expression: 'pred(*previous, *i)'
Assertion failed on expression: 'pred(*previous, *i)'
Assertion failed on expression: 'pred(*previous, *i)'
Assertion failed on expression: 'pred(*previous, *i)'
Assertion failed on expression: 'pred(*previous, *i)'
Assertion failed on expression: 'pred(*previous, *i)'
Assertion failed on expression: 'pred(*previous, *i)'
Assertion failed on expression: 'pred(*previous, *i)'
Assertion failed on expression: 'pred(*previous, *i)'
Assertion failed on expression: 'pred(*previous, *i)'
Assertion failed on expression: 'pred(*previous, *i)'
Assertion failed on expression: 'pred(*previous, *i)'
Assertion failed on expression: 'pred(*previous, *i)'
Assertion failed on expression: 'pred(*previous, *i)'
Assertion failed on expression: 'pred(*previous, *i)'
Assertion failed on expression: 'pred(*previous, *i)'
Assertion failed on expression: 'pred(*previous, *i)'
Assertion failed on expression: 'pred(*previous, *i)'
Assertion failed on expression: 'pred(*previous, *i)'
Assertion failed on expression: 'pred(*previous, *i)'
Assertion failed on expression: 'pred(*previous, *i)'
Assertion failed on expression: 'pred(*previous, *i)'
Assertion failed on expression: 'pred(*previous, *i)'
Assertion failed on expression: 'pred(*previous, *i)'
Assertion failed on expression: 'pred(*previous, *i)'
Assertion failed on expression: 'pred(*previous, *i)'
Assertion failed on expression: 'pred(*previous, *i)'
Assertion failed on expression: 'pred(*previous, *i)'
Assertion failed on expression: 'pred(*previous, *i)'
Assertion failed on expression: 'pred(*previous, *i)'
Assertion failed on expression: 'pred(*previous, *i)'
Assertion failed on expression: 'pred(*previous, *i)'
Assertion failed on expression: 'pred(*previous, *i)'
Assertion failed on expression: 'pred(*previous, *i)'
Assertion failed on expression: 'pred(*previous, *i)'
Assertion failed on expression: 'pred(*previous, *i)'
Assertion failed on expression: 'pred(*previous, *i)'
Assertion failed on expression: 'pred(*previous, *i)'
Assertion failed on expression: 'pred(*previous, *i)'
Assertion failed on expression: 'pred(*previous, *i)'
Assertion failed on expression: 'pred(*previous, *i)'
Assertion failed on expression: 'pred(*previous, *i)'
Assertion failed on expression: 'pred(*previous, *i)'
Assertion failed on expression: 'pred(*previous, *i)'
Assertion failed on expression: 'pred(*previous, *i)'
Assertion failed on expression: 'pred(*previous, *i)'
Assertion failed on expression: 'pred(*previous, *i)'
Assertion failed on expression: 'pred(*previous, *i)'
Assertion failed on expression: 'pred(*previous, *i)'
Assertion failed on expression: 'pred(*previous, *i)'
Assertion failed on expression: 'pred(*previous, *i)'
Assertion failed on expression: 'pred(*previous, *i)'
Assertion failed on expression: 'pred(*previous, *i)'
Assertion failed on expression: 'pred(*previous, *i)'
Assertion failed on expression: 'pred(*previous, *i)'
Assertion failed on expression: 'pred(*previous, *i)'
Assertion failed on expression: 'pred(*previous, *i)'
Assertion failed on expression: 'pred(*previous, *i)'
Assertion failed on expression: 'pred(*previous, *i)'
Assertion failed on expression: 'pred(*previous, *i)'
Assertion failed on expression: 'pred(*previous, *i)'
Assertion failed on expression: 'pred(*previous, *i)'
Assertion failed on expression: 'pred(*previous, *i)'
Assertion failed on expression: 'pred(*previous, *i)'
Assertion failed on expression: 'pred(*previous, *i)'
Assertion failed on expression: 'pred(*previous, *i)'
Assertion failed on expression: 'pred(*previous, *i)'
Assertion failed on expression: 'pred(*previous, *i)'
Assertion failed on expression: 'pred(*previous, *i)'
Assertion failed on expression: 'pred(*previous, *i)'
Assertion failed on expression: 'pred(*previous, *i)'
Assertion failed on expression: 'pred(*previous, *i)'
Assertion failed on expression: 'pred(*previous, *i)'
Assertion failed on expression: 'pred(*previous, *i)'
Assertion failed on expression: 'pred(*previous, *i)'
Assertion failed on expression: 'pred(*previous, *i)'
Assertion failed on expression: 'pred(*previous, *i)'
Assertion failed on expression: 'pred(*previous, *i)'
Assertion failed on expression: 'pred(*previous, *i)'
Assertion failed on expression: 'pred(*previous, *i)'
Assertion failed on expression: 'pred(*previous, *i)'
Assertion failed on expression: 'pred(*previous, *i)'
Assertion failed on expression: 'pred(*previous, *i)'
Assertion failed on expression: 'pred(*previous, *i)'
Assertion failed on expression: 'pred(*previous, *i)'
Assertion failed on expression: 'pred(*previous, *i)'
Assertion failed on expression: 'pred(*previous, *i)'
Assertion failed on expression: 'pred(*previous, *i)'
Assertion failed on expression: 'pred(*previous, *i)'
Assertion failed on expression: 'pred(*previous, *i)'
Assertion failed on expression: 'pred(*previous, *i)'
Assertion failed on expression: 'pred(*previous, *i)'
Assertion failed on expression: 'pred(*previous, *i)'
Assertion failed on expression: 'pred(*previous, *i)'
Assertion failed on expression: 'pred(*previous, *i)'
Assertion failed on expression: 'pred(*previous, *i)'
Assertion failed on expression: 'pred(*previous, *i)'
Assertion failed on expression: 'pred(*previous, *i)'
Assertion failed on expression: 'pred(*previous, *i)'
Assertion failed on expression: 'pred(*previous, *i)'
Assertion failed on expression: 'pred(*previous, *i)'
Assertion failed on expression: 'pred(*previous, *i)'
Assertion failed on expression: 'pred(*previous, *i)'
Assertion failed on expression: 'pred(*previous, *i)'
Assertion failed on expression: 'pred(*previous, *i)'
Assertion failed on expression: 'pred(*previous, *i)'
Assertion failed on expression: 'pred(*previous, *i)'
Assertion failed on expression: 'pred(*previous, *i)'
Assertion failed on expression: 'pred(*previous, *i)'
Assertion failed on expression: 'pred(*previous, *i)'
Assertion failed on expression: 'pred(*previous, *i)'
Assertion failed on expression: 'pred(*previous, *i)'
Assertion failed on expression: 'pred(*previous, *i)'
Assertion failed on expression: 'pred(*previous, *i)'
Assertion failed on expression: 'pred(*previous, *i)'
Assertion failed on expression: 'pred(*previous, *i)'
Assertion failed on expression: 'pred(*previous, *i)'
Assertion failed on expression: 'pred(*previous, *i)'
Assertion failed on expression: 'pred(*previous, *i)'
Assertion failed on expression: 'pred(*previous, *i)'
Assertion failed on expression: 'pred(*previous, *i)'
Assertion failed on expression: 'pred(*previous, *i)'
Assertion failed on expression: 'pred(*previous, *i)'
Assertion failed on expression: 'pred(*previous, *i)'
Assertion failed on expression: 'pred(*previous, *i)'
Assertion failed on expression: 'pred(*previous, *i)'
Assertion failed on expression: 'pred(*previous, *i)'
Assertion failed on expression: 'pred(*previous, *i)'
Assertion failed on expression: 'pred(*previous, *i)'
Assertion failed on expression: 'pred(*previous, *i)'
Assertion failed on expression: 'pred(*previous, *i)'
Assertion failed on expression: 'pred(*previous, *i)'
Assertion failed on expression: 'pred(*previous, *i)'
Assertion failed on expression: 'pred(*previous, *i)'
Assertion failed on expression: 'pred(*previous, *i)'
Assertion failed on expression: 'pred(*previous, *i)'
Assertion failed on expression: 'pred(*previous, *i)'
Assertion failed on expression: 'pred(*previous, *i)'
Assertion failed on expression: 'pred(*previous, *i)'
Assertion failed on expression: 'pred(*previous, *i)'
Assertion failed on expression: 'pred(*previous, *i)'
Assertion failed on expression: 'pred(*previous, *i)'
Assertion failed on expression: 'pred(*previous, *i)'
Assertion failed on expression: 'pred(*previous, *i)'
Assertion failed on expression: 'pred(*previous, *i)'
Assertion failed on expression: 'pred(*previous, *i)'
Assertion failed on expression: 'pred(*previous, *i)'
Assertion failed on expression: 'pred(*previous, *i)'
Assertion failed on expression: 'pred(*previous, *i)'
Assertion failed on expression: 'pred(*previous, *i)'
Assertion failed on expression: 'pred(*previous, *i)'
Assertion failed on expression: 'pred(*previous, *i)'
Assertion failed on expression: 'pred(*previous, *i)'
Assertion failed on expression: 'pred(*previous, *i)'
Assertion failed on expression: 'pred(*previous, *i)'
Assertion failed on expression: 'pred(*previous, *i)'
Assertion failed on expression: 'pred(*previous, *i)'
Assertion failed on expression: 'pred(*previous, *i)'
Assertion failed on expression: 'pred(*previous, *i)'
Assertion failed on expression: 'pred(*previous, *i)'
Assertion failed on expression: 'pred(*previous, *i)'
Assertion failed on expression: 'pred(*previous, *i)'
Assertion failed on expression: 'pred(*previous, *i)'
Assertion failed on expression: 'pred(*previous, *i)'
Assertion failed on expression: 'pred(*previous, *i)'
Assertion failed on expression: 'pred(*previous, *i)'
Assertion failed on expression: 'pred(*previous, *i)'
Assertion failed on expression: 'pred(*previous, *i)'
Assertion failed on expression: 'pred(*previous, *i)'
Assertion failed on expression: 'pred(*previous, *i)'
Assertion failed on expression: 'pred(*previous, *i)'
Assertion failed on expression: 'pred(*previous, *i)'
Assertion failed on expression: 'pred(*previous, *i)'
Assertion failed on expression: 'pred(*previous, *i)'
Assertion failed on expression: 'pred(*previous, *i)'
Assertion failed on expression: 'pred(*previous, *i)'
Assertion failed on expression: 'pred(*previous, *i)'
Assertion failed on expression: 'pred(*previous, *i)'
Assertion failed on expression: 'pred(*previous, *i)'
Assertion failed on expression: 'pred(*previous, *i)'
Assertion failed on expression: 'pred(*previous, *i)'
Assertion failed on expression: 'pred(*previous, *i)'
Assertion failed on expression: 'pred(*previous, *i)'
Assertion failed on expression: 'pred(*previous, *i)'
Assertion failed on expression: 'pred(*previous, *i)'
Assertion failed on expression: 'pred(*previous, *i)'
Assertion failed on expression: 'pred(*previous, *i)'
Assertion failed on expression: 'pred(*previous, *i)'
Assertion failed on expression: 'pred(*previous, *i)'
Assertion failed on expression: 'pred(*previous, *i)'
Assertion failed on expression: 'pred(*previous, *i)'
Assertion failed on expression: 'pred(*previous, *i)'
Assertion failed on expression: 'pred(*previous, *i)'
Assertion failed on expression: 'pred(*previous, *i)'
Assertion failed on expression: 'pred(*previous, *i)'
Assertion failed on expression: 'pred(*previous, *i)'
Assertion failed on expression: 'pred(*previous, *i)'
Assertion failed on expression: 'pred(*previous, *i)'
Assertion failed on expression: 'pred(*previous, *i)'
Assertion failed on expression: 'pred(*previous, *i)'
Assertion failed on expression: 'pred(*previous, *i)'
Assertion failed on expression: 'pred(*previous, *i)'
Assertion failed on expression: 'pred(*previous, *i)'
Assertion failed on expression: 'pred(*previous, *i)'
Assertion failed on expression: 'pred(*previous, *i)'
Assertion failed on expression: 'pred(*previous, *i)'
Assertion failed on expression: 'pred(*previous, *i)'
Assertion failed on expression: 'pred(*previous, *i)'
Assertion failed on expression: 'pred(*previous, *i)'
Assertion failed on expression: 'pred(*previous, *i)'
Assertion failed on expression: 'pred(*previous, *i)'
Assertion failed on expression: 'pred(*previous, *i)'
Assertion failed on expression: 'pred(*previous, *i)'
Assertion failed on expression: 'pred(*previous, *i)'
Assertion failed on expression: 'pred(*previous, *i)'
Assertion failed on expression: 'pred(*previous, *i)'
Assertion failed on expression: 'pred(*previous, *i)'
Assertion failed on expression: 'pred(*previous, *i)'
Assertion failed on expression: 'pred(*previous, *i)'
Assertion failed on expression: 'pred(*previous, *i)'
Assertion failed on expression: 'pred(*previous, *i)'
Assertion failed on expression: 'pred(*previous, *i)'
Assertion failed on expression: 'pred(*previous, *i)'
Assertion failed on expression: 'pred(*previous, *i)'
Assertion failed on expression: 'pred(*previous, *i)'
Assertion failed on expression: 'pred(*previous, *i)'
Assertion failed on expression: 'pred(*previous, *i)'
Assertion failed on expression: 'pred(*previous, *i)'
Assertion failed on expression: 'pred(*previous, *i)'
Assertion failed on expression: 'pred(*previous, *i)'
Assertion failed on expression: 'pred(*previous, *i)'
Assertion failed on expression: 'pred(*previous, *i)'
Assertion failed on expression: 'pred(*previous, *i)'
Assertion failed on expression: 'pred(*previous, *i)'
Assertion failed on expression: 'pred(*previous, *i)'
Assertion failed on expression: 'pred(*previous, *i)'
Assertion failed on expression: 'pred(*previous, *i)'
Assertion failed on expression: 'pred(*previous, *i)'
Assertion failed on expression: 'pred(*previous, *i)'
Assertion failed on expression: 'pred(*previous, *i)'
Assertion failed on expression: 'pred(*previous, *i)'
Assertion failed on expression: 'pred(*previous, *i)'
Assertion failed on expression: 'pred(*previous, *i)'
Assertion failed on expression: 'pred(*previous, *i)'
Assertion failed on expression: 'pred(*previous, *i)'
Assertion failed on expression: 'pred(*previous, *i)'
Assertion failed on expression: 'pred(*previous, *i)'
Assertion failed on expression: 'pred(*previous, *i)'
Assertion failed on expression: 'pred(*previous, *i)'
Assertion failed on expression: 'pred(*previous, *i)'
Assertion failed on expression: 'pred(*previous, *i)'
Assertion failed on expression: 'pred(*previous, *i)'
Assertion failed on expression: 'pred(*previous, *i)'
Assertion failed on expression: 'pred(*previous, *i)'
Assertion failed on expression: 'pred(*previous, *i)'
Assertion failed on expression: 'pred(*previous, *i)'
Assertion failed on expression: 'pred(*previous, *i)'
Assertion failed on expression: 'pred(*previous, *i)'
Assertion failed on expression: 'pred(*previous, *i)'
Assertion failed on expression: 'pred(*previous, *i)'
Assertion failed on expression: 'pred(*previous, *i)'
Assertion failed on expression: 'pred(*previous, *i)'
Assertion failed on expression: 'pred(*previous, *i)'
Assertion failed on expression: 'pred(*previous, *i)'
Assertion failed on expression: 'pred(*previous, *i)'
Assertion failed on expression: 'pred(*previous, *i)'
Assertion failed on expression: 'pred(*previous, *i)'
Assertion failed on expression: 'pred(*previous, *i)'
Assertion failed on expression: 'pred(*previous, *i)'
Assertion failed on expression: 'pred(*previous, *i)'
Assertion failed on expression: 'pred(*previous, *i)'
Assertion failed on expression: 'pred(*previous, *i)'
Assertion failed on expression: 'pred(*previous, *i)'
Assertion failed on expression: 'pred(*previous, *i)'
Assertion failed on expression: 'pred(*previous, *i)'
Assertion failed on expression: 'pred(*previous, *i)'
Assertion failed on expression: 'pred(*previous, *i)'
Assertion failed on expression: 'pred(*previous, *i)'
Assertion failed on expression: 'pred(*previous, *i)'
Assertion failed on expression: 'pred(*previous, *i)'
Assertion failed on expression: 'pred(*previous, *i)'
Assertion failed on expression: 'pred(*previous, *i)'
Assertion failed on expression: 'pred(*previous, *i)'
Assertion failed on expression: 'pred(*previous, *i)'
Assertion failed on expression: 'pred(*previous, *i)'
Assertion failed on expression: 'pred(*previous, *i)'
Assertion failed on expression: 'pred(*previous, *i)'
Assertion failed on expression: 'pred(*previous, *i)'
Assertion failed on expression: 'pred(*previous, *i)'
Assertion failed on expression: 'pred(*previous, *i)'
Assertion failed on expression: 'pred(*previous, *i)'
Assertion failed on expression: 'pred(*previous, *i)'
Assertion failed on expression: 'pred(*previous, *i)'
Assertion failed on expression: 'pred(*previous, *i)'
Assertion failed on expression: 'pred(*previous, *i)'
Assertion failed on expression: 'pred(*previous, *i)'
Assertion failed on expression: 'pred(*previous, *i)'
Assertion failed on expression: 'pred(*previous, *i)'
Assertion failed on expression: 'pred(*previous, *i)'
Assertion failed on expression: 'pred(*previous, *i)'
Assertion failed on expression: 'pred(*previous, *i)'
Assertion failed on expression: 'pred(*previous, *i)'
Assertion failed on expression: 'pred(*previous, *i)'
Assertion failed on expression: 'pred(*previous, *i)'
Assertion failed on expression: 'pred(*previous, *i)'
Assertion failed on expression: 'pred(*previous, *i)'
Assertion failed on expression: 'pred(*previous, *i)'
Assertion failed on expression: 'pred(*previous, *i)'
Assertion failed on expression: 'pred(*previous, *i)'
Assertion failed on expression: 'pred(*previous, *i)'
Assertion failed on expression: 'pred(*previous, *i)'
Assertion failed on expression: 'pred(*previous, *i)'
Assertion failed on expression: 'pred(*previous, *i)'
Assertion failed on expression: 'pred(*previous, *i)'
Assertion failed on expression: 'pred(*previous, *i)'
Assertion failed on expression: 'pred(*previous, *i)'
Assertion failed on expression: 'pred(*previous, *i)'
Assertion failed on expression: 'pred(*previous, *i)'
Assertion failed on expression: 'pred(*previous, *i)'
Assertion failed on expression: 'pred(*previous, *i)'
Assertion failed on expression: 'pred(*previous, *i)'
Assertion failed on expression: 'pred(*previous, *i)'
Assertion failed on expression: 'pred(*previous, *i)'
Assertion failed on expression: 'pred(*previous, *i)'
Assertion failed on expression: 'pred(*previous, *i)'
Assertion failed on expression: 'pred(*previous, *i)'
Assertion failed on expression: 'pred(*previous, *i)'
Assertion failed on expression: 'pred(*previous, *i)'
Assertion failed on expression: 'pred(*previous, *i)'
Assertion failed on expression: 'pred(*previous, *i)'
Assertion failed on expression: 'pred(*previous, *i)'
Assertion failed on expression: 'pred(*previous, *i)'
Assertion failed on expression: 'pred(*previous, *i)'
Assertion failed on expression: 'pred(*previous, *i)'
Assertion failed on expression: 'pred(*previous, *i)'
Assertion failed on expression: 'pred(*previous, *i)'
Assertion failed on expression: 'pred(*previous, *i)'
Assertion failed on expression: 'pred(*previous, *i)'
Assertion failed on expression: 'pred(*previous, *i)'
Assertion failed on expression: 'pred(*previous, *i)'
Assertion failed on expression: 'pred(*previous, *i)'
Assertion failed on expression: 'pred(*previous, *i)'
Assertion failed on expression: 'pred(*previous, *i)'
Assertion failed on expression: 'pred(*previous, *i)'
Assertion failed on expression: 'pred(*previous, *i)'
Assertion failed on expression: 'pred(*previous, *i)'
Assertion failed on expression: 'pred(*previous, *i)'
Assertion failed on expression: 'pred(*previous, *i)'
Assertion failed on expression: 'pred(*previous, *i)'
Assertion failed on expression: 'pred(*previous, *i)'
Assertion failed on expression: 'pred(*previous, *i)'
Assertion failed on expression: 'pred(*previous, *i)'
Assertion failed on expression: 'pred(*previous, *i)'
Assertion failed on expression: 'pred(*previous, *i)'
Assertion failed on expression: 'pred(*previous, *i)'
Assertion failed on expression: 'pred(*previous, *i)'
Assertion failed on expression: 'pred(*previous, *i)'
Assertion failed on expression: 'pred(*previous, *i)'
Assertion failed on expression: 'pred(*previous, *i)'
Assertion failed on expression: 'pred(*previous, *i)'
Assertion failed on expression: 'pred(*previous, *i)'
Assertion failed on expression: 'pred(*previous, *i)'
Assertion failed on expression: 'pred(*previous, *i)'
Assertion failed on expression: 'pred(*previous, *i)'
Assertion failed on expression: 'pred(*previous, *i)'
Assertion failed on expression: 'pred(*previous, *i)'
Assertion failed on expression: 'pred(*previous, *i)'
Assertion failed on expression: 'pred(*previous, *i)'
Assertion failed on expression: 'pred(*previous, *i)'
Assertion failed on expression: 'pred(*previous, *i)'
Assertion failed on expression: 'pred(*previous, *i)'
Assertion failed on expression: 'pred(*previous, *i)'
Assertion failed on expression: 'pred(*previous, *i)'
Assertion failed on expression: 'pred(*previous, *i)'
Assertion failed on expression: 'pred(*previous, *i)'
Assertion failed on expression: 'pred(*previous, *i)'
Assertion failed on expression: 'pred(*previous, *i)'
Assertion failed on expression: 'pred(*previous, *i)'
Assertion failed on expression: 'pred(*previous, *i)'
Assertion failed on expression: 'pred(*previous, *i)'
Assertion failed on expression: 'pred(*previous, *i)'
Assertion failed on expression: 'pred(*previous, *i)'
Assertion failed on expression: 'pred(*previous, *i)'
Assertion failed on expression: 'pred(*previous, *i)'
Assertion failed on expression: 'pred(*previous, *i)'
Assertion failed on expression: 'pred(*previous, *i)'
Assertion failed on expression: 'pred(*previous, *i)'
Assertion failed on expression: 'pred(*previous, *i)'
Assertion failed on expression: 'pred(*previous, *i)'
Assertion failed on expression: 'pred(*previous, *i)'
Assertion failed on expression: 'pred(*previous, *i)'
Assertion failed on expression: 'pred(*previous, *i)'
Assertion failed on expression: 'pred(*previous, *i)'
Assertion failed on expression: 'pred(*previous, *i)'
Assertion failed on expression: 'pred(*previous, *i)'
Assertion failed on expression: 'pred(*previous, *i)'
Assertion failed on expression: 'pred(*previous, *i)'
Assertion failed on expression: 'pred(*previous, *i)'
Assertion failed on expression: 'pred(*previous, *i)'
Assertion failed on expression: 'pred(*previous, *i)'
Assertion failed on expression: 'pred(*previous, *i)'
Assertion failed on expression: 'pred(*previous, *i)'
Assertion failed on expression: 'pred(*previous, *i)'
Assertion failed on expression: 'pred(*previous, *i)'
Assertion failed on expression: 'pred(*previous, *i)'
Assertion failed on expression: 'pred(*previous, *i)'
Assertion failed on expression: 'pred(*previous, *i)'
Assertion failed on expression: 'pred(*previous, *i)'
Assertion failed on expression: 'pred(*previous, *i)'
Assertion failed on expression: 'pred(*previous, *i)'
Assertion failed on expression: 'pred(*previous, *i)'
Assertion failed on expression: 'pred(*previous, *i)'
Assertion failed on expression: 'pred(*previous, *i)'
Assertion failed on expression: 'pred(*previous, *i)'
Assertion failed on expression: 'pred(*previous, *i)'
Assertion failed on expression: 'pred(*previous, *i)'
Assertion failed on expression: 'pred(*previous, *i)'
Assertion failed on expression: 'pred(*previous, *i)'
Assertion failed on expression: 'pred(*previous, *i)'
Assertion failed on expression: 'pred(*previous, *i)'
Assertion failed on expression: 'pred(*previous, *i)'
Assertion failed on expression: 'pred(*previous, *i)'
Assertion failed on expression: 'pred(*previous, *i)'
Assertion failed on expression: 'pred(*previous, *i)'
Assertion failed on expression: 'pred(*previous, *i)'
Assertion failed on expression: 'pred(*previous, *i)'
Assertion failed on expression: 'pred(*previous, *i)'
Assertion failed on expression: 'pred(*previous, *i)'
Assertion failed on expression: 'pred(*previous, *i)'
Assertion failed on expression: 'pred(*previous, *i)'
Assertion failed on expression: 'pred(*previous, *i)'
Assertion failed on expression: 'pred(*previous, *i)'
Assertion failed on expression: 'pred(*previous, *i)'
Assertion failed on expression: 'pred(*previous, *i)'
Assertion failed on expression: 'pred(*previous, *i)'
Assertion failed on expression: 'pred(*previous, *i)'
Assertion failed on expression: 'pred(*previous, *i)'
Assertion failed on expression: 'pred(*previous, *i)'
Assertion failed on expression: 'pred(*previous, *i)'
Assertion failed on expression: 'pred(*previous, *i)'
Assertion failed on expression: 'pred(*previous, *i)'
Assertion failed on expression: 'pred(*previous, *i)'
Assertion failed on expression: 'pred(*previous, *i)'
Native extension for LinuxStandalone target not found
Native extension for AppleTV target not found
Native extension for iOS target not found
Native extension for Android target not found
Native extension for UWP target not found
Native extension for WindowsStandalone target not found
Native extension for OSXStandalone target not found
Native extension for WebGL target not found
[Package Manager] Failed to launch server process. Reason: Unity was launched with the -noUpm command-line argument
[Package Manager] Unable to send message (not connected to server process).
[Package Manager] Cannot connect to Unity Package Manager local server
[MODES] ModeService[none].Initialize
[MODES] ModeService[none].LoadModes
ScheduleIndexationOnStartup MainProcess:False IndexOnStartup:True
Mono: successfully reloaded assembly
- Finished resetting the current domain, in  5.162 seconds
Domain Reload Profiling: 7029ms
	BeginReloadAssembly (1188ms)
		ExecutionOrderSort (0ms)
		DisableScriptedObjects (4ms)
		BackupInstance (0ms)
		ReleaseScriptingObjects (0ms)
		CreateAndSetChildDomain (1053ms)
	RebuildCommonClasses (25ms)
	RebuildNativeTypeToScriptingClass (10ms)
	initialDomainReloadingComplete (25ms)
	LoadAllAssembliesAndSetupDomain (620ms)
		LoadAssemblies (379ms)
		RebuildTransferFunctionScriptingTraits (0ms)
		AnalyzeDomain (319ms)
			TypeCache.Refresh (7ms)
				TypeCache.ScanAssembly (0ms)
			BuildScriptInfoCaches (296ms)
			ResolveRequiredComponents (9ms)
	FinalizeReload (5162ms)
		ReleaseScriptCaches (0ms)
		RebuildScriptCaches (0ms)
		SetupLoadedEditorAssemblies (4944ms)
			LogAssemblyErrors (0ms)
			InitializePlatformSupportModulesInManaged (29ms)
			SetLoadedEditorAssemblies (6ms)
			BeforeProcessingInitializeOnLoad (1598ms)
			ProcessInitializeOnLoadAttributes (3180ms)
			ProcessInitializeOnLoadMethodAttributes (121ms)
			AfterProcessingInitializeOnLoad (10ms)
			EditorAssembliesLoaded (0ms)
		ExecutionOrderSort2 (0ms)
		AwakeInstancesAfterBackupRestoration (18ms)
Refreshing native plugins compatible for Editor in 2.04 ms, found 2 plugins.
Preloading 0 native plugins for Editor in 0.00 ms.
Unloading 17 Unused Serialized files (Serialized files now loaded: 0)
Unloading 5377 unused Assets / (3.9 MB). Loaded Objects now: 6242.
Memory consumption went from 153.8 MB to 149.9 MB.
Total: 14.430800 ms (FindLiveObjects: 1.348800 ms CreateObjectMapping: 0.569300 ms MarkObjects: 9.487000 ms  DeleteObjects: 3.023700 ms)

Prepare: number of updated asset objects reloaded= 0
========================================================================
Received Import Request.
  Time since last request: 333.288515 seconds.
  path: Assets/Pixelagent/Karting Tutorial List.asset
  artifactKey: Guid(6c70dcce451a54e2daca5b92d37e3341) Importer(815301076,1909f56bfc062723c751e8b465ee728b)
Start importing Assets/Pixelagent/Karting Tutorial List.asset using Guid(6c70dcce451a54e2daca5b92d37e3341) Importer(815301076,1909f56bfc062723c751e8b465ee728b) (PreviewImporter) -> (artifact id: '36464930a35342482aff02492d8af634') in 0.035634 seconds
Number of updated asset objects reloaded before import = 0Number of asset objects unloaded after import = 2

========================================================================
Received Import Request.
  Time since last request: 0.000021 seconds.
  path: Assets/Pixelagent/2D Platformer Tutorial List.asset
  artifactKey: Guid(dc747fa82fb08f140904f473c55bc780) Importer(815301076,1909f56bfc062723c751e8b465ee728b)
Start importing Assets/Pixelagent/2D Platformer Tutorial List.asset using Guid(dc747fa82fb08f140904f473c55bc780) Importer(815301076,1909f56bfc062723c751e8b465ee728b) (PreviewImporter) -> (artifact id: 'e9398b9c62e39c26a796ecea12e572bd') in 0.0057974 seconds
Number of updated asset objects reloaded before import = 0Number of asset objects unloaded after import = 2

========================================================================
Received Import Request.
  Time since last request: 0.000036 seconds.
  path: Assets/Pixelagent/FPS Tutorial List.asset
  artifactKey: Guid(bd92e60d0e105cb4fac0554665409a7e) Importer(815301076,1909f56bfc062723c751e8b465ee728b)
Start importing Assets/Pixelagent/FPS Tutorial List.asset using Guid(bd92e60d0e105cb4fac0554665409a7e) Importer(815301076,1909f56bfc062723c751e8b465ee728b) (PreviewImporter) -> (artifact id: 'b78d5b7c190ac634a1b16afbb4df89b4') in 0.0040129 seconds
Number of updated asset objects reloaded before import = 0Number of asset objects unloaded after import = 2

========================================================================
Received Import Request.
  Time since last request: 0.000024 seconds.
  path: Assets/FPS/Audio/MainAudioMixer.mixer
  artifactKey: Guid(fcc71635aab95ff4fbdf1880bf2afa2f) Importer(815301076,1909f56bfc062723c751e8b465ee728b)
Start importing Assets/FPS/Audio/MainAudioMixer.mixer using Guid(fcc71635aab95ff4fbdf1880bf2afa2f) Importer(815301076,1909f56bfc062723c751e8b465ee728b) (PreviewImporter)Refreshing native plugins compatible for Editor in 1.29 ms, found 2 plugins.
Preloading 0 native plugins for Editor in 0.00 ms.
 -> (artifact id: '11b6fc48a4d352fd2ec9257df5cefd7f') in 0.026787 seconds
Number of updated asset objects reloaded before import = 0Number of asset objects unloaded after import = 47

========================================================================
Received Import Request.
  Time since last request: 201.861645 seconds.
  path: Assets/Pixelagent/gfx
  artifactKey: Guid(09b4f4b4493a7de45b36091764533e21) Importer(2089858483,d624ce77472d68a35037170ec1d2d27e)
Start importing Assets/Pixelagent/gfx using Guid(09b4f4b4493a7de45b36091764533e21) Importer(2089858483,d624ce77472d68a35037170ec1d2d27e) (ScriptedImporter) -> (artifact id: 'e95972a3d07ee72f7b2afebbb93262cb') in 0.040105 seconds
Number of updated asset objects reloaded before import = 0Number of asset objects unloaded after import = 1

========================================================================
Received Import Request.
  Time since last request: 0.000018 seconds.
  path: Assets/Pixelagent/gfx/2dplatformer.png
  artifactKey: Guid(f19d25b8d34cc20428e487e9b813431a) Importer(2089858483,d624ce77472d68a35037170ec1d2d27e)
Start importing Assets/Pixelagent/gfx/2dplatformer.png using Guid(f19d25b8d34cc20428e487e9b813431a) Importer(2089858483,d624ce77472d68a35037170ec1d2d27e) (ScriptedImporter) -> (artifact id: '87d458cf6b8c0a984ee25700fc4f4571') in 0.0548279 seconds
Number of updated asset objects reloaded before import = 0Number of asset objects unloaded after import = 1

========================================================================
Received Import Request.
  Time since last request: 0.000024 seconds.
  path: Assets/Pixelagent/gfx/karting.png
  artifactKey: Guid(32ad5c0bc0b36ba4896654a29c4547b2) Importer(2089858483,d624ce77472d68a35037170ec1d2d27e)
Start importing Assets/Pixelagent/gfx/karting.png using Guid(32ad5c0bc0b36ba4896654a29c4547b2) Importer(2089858483,d624ce77472d68a35037170ec1d2d27e) (ScriptedImporter) -> (artifact id: 'cfc928d9bd9b18e8f0b392506c1b9952') in 0.0141928 seconds
Number of updated asset objects reloaded before import = 0Number of asset objects unloaded after import = 1

========================================================================
Received Import Request.
  Time since last request: 0.000016 seconds.
  path: Assets/Pixelagent/Tutorial.cs
  artifactKey: Guid(e7d55e12ed2a0455b8571c3884b8c9cc) Importer(2089858483,d624ce77472d68a35037170ec1d2d27e)
Start importing Assets/Pixelagent/Tutorial.cs using Guid(e7d55e12ed2a0455b8571c3884b8c9cc) Importer(2089858483,d624ce77472d68a35037170ec1d2d27e) (ScriptedImporter) -> (artifact id: '71e06a7cca138187a9339c3c13533582') in 0.0202661 seconds
Number of updated asset objects reloaded before import = 0Number of asset objects unloaded after import = 0

========================================================================
Received Import Request.
  Time since last request: 0.000015 seconds.
  path: Assets/Pixelagent/2D Platformer Tutorial List.asset
  artifactKey: Guid(dc747fa82fb08f140904f473c55bc780) Importer(2089858483,d624ce77472d68a35037170ec1d2d27e)
Start importing Assets/Pixelagent/2D Platformer Tutorial List.asset using Guid(dc747fa82fb08f140904f473c55bc780) Importer(2089858483,d624ce77472d68a35037170ec1d2d27e) (ScriptedImporter) -> (artifact id: '6d64b37782019abf2b4045aea1a5729b') in 0.0238592 seconds
Number of updated asset objects reloaded before import = 0Number of asset objects unloaded after import = 2

========================================================================
Received Import Request.
  Time since last request: 0.000019 seconds.
  path: Assets/Pixelagent/Editor/MircogameTutorials.cs
  artifactKey: Guid(ca56d0316a8a6d344837926be199923c) Importer(2089858483,d624ce77472d68a35037170ec1d2d27e)
Start importing Assets/Pixelagent/Editor/MircogameTutorials.cs using Guid(ca56d0316a8a6d344837926be199923c) Importer(2089858483,d624ce77472d68a35037170ec1d2d27e) (ScriptedImporter) -> (artifact id: '09ab47dce04ce73905803ca6ac9e46b0') in 0.0139696 seconds
Number of updated asset objects reloaded before import = 0Number of asset objects unloaded after import = 0

Editor requested this worker to shutdown with reason: Scaling down because of idle timeout
AssetImportWorker is now disconnected from the server
Process exiting
Exiting without the bug reporter. Application will terminate with return code 0