[Licensing::Module] Trying to connect to existing licensing client channel...
Built from '6000.3/staging' branch; Version is '6000.3.8f1 (1c7db571dde0) revision 1867189'; Using compiler version '194234433'; Build Type 'Release'
OS: 'Windows 11  (10.0.26100) Education' Language: 'en' Physical Memory: 65129 MB
[Licensing::IpcConnector] Successfully connected to: "LicenseClient-nigel.morris" at "2026-06-19T10:28:17.1993321Z"
BatchMode: 1, IsHumanControllingUs: 0, StartBugReporterOnCrash: 0, Is64bit: 1
System  architecture: x64
Process architecture: x64
Date: 2026-06-19T10:28:17Z

COMMAND LINE ARGUMENTS:
C:\Program Files\Unity\Hub\Editor\6000.3.8f1\Editor\Unity.exe
-adb2
-batchMode
-noUpm
-name
AssetImportWorker1
-projectPath
C:/Users/nigel.morris/OneDrive - eastsussexcollegegroup/Documents/GitHub/FPS-Microgame-2025
-logFile
Logs/AssetImportWorker1.log
-srvPort
60591
-licensingIpc
LicenseClient-nigel.morris
-job-worker-count
11
-background-job-worker-count
8
-gc-helper-count
1
-name
AssetImport
Successfully changed project path to: C:/Users/nigel.morris/OneDrive - eastsussexcollegegroup/Documents/GitHub/FPS-Microgame-2025
C:/Users/nigel.morris/OneDrive - eastsussexcollegegroup/Documents/GitHub/FPS-Microgame-2025
[UnityMemory] Configuration Parameters - Can be set up in boot.config
    "memorysetup-temp-allocator-size-nav-mesh-worker=65536"
    "memorysetup-temp-allocator-size-audio-worker=65536"
    "memorysetup-temp-allocator-size-gfx=262144"
    "memorysetup-allocator-temp-initial-block-size-main=262144"
    "memorysetup-allocator-temp-initial-block-size-worker=262144"
    "memorysetup-temp-allocator-size-background-worker=32768"
    "memorysetup-temp-allocator-size-job-worker=262144"
    "memorysetup-temp-allocator-size-preload-manager=33554432"
    "memorysetup-temp-allocator-size-gi-baking-worker=262144"
    "memorysetup-temp-allocator-size-gi-baking-worker=262144"
    "memorysetup-temp-allocator-size-gi-baking-worker=262144"
    "memorysetup-temp-allocator-size-gi-baking-worker=262144"
    "memorysetup-temp-allocator-size-gi-baking-worker=262144"
    "memorysetup-bucket-allocator-granularity=16"
    "memorysetup-bucket-allocator-bucket-count=8"
    "memorysetup-bucket-allocator-block-size=33554432"
    "memorysetup-bucket-allocator-block-count=8"
    "memorysetup-main-allocator-block-size=16777216"
    "memorysetup-thread-allocator-block-size=16777216"
    "memorysetup-gfx-main-allocator-block-size=16777216"
    "memorysetup-gfx-thread-allocator-block-size=16777216"
    "memorysetup-cache-allocator-block-size=4194304"
    "memorysetup-typetree-allocator-block-size=2097152"
    "memorysetup-profiler-bucket-allocator-granularity=16"
    "memorysetup-profiler-bucket-allocator-bucket-count=8"
    "memorysetup-profiler-bucket-allocator-block-size=33554432"
    "memorysetup-profiler-bucket-allocator-block-count=8"
    "memorysetup-profiler-allocator-block-size=16777216"
    "memorysetup-profiler-editor-allocator-block-size=1048576"
    "memorysetup-temp-allocator-size-main=16777216"
    "memorysetup-job-temp-allocator-block-size=2097152"
    "memorysetup-job-temp-allocator-block-size-background=1048576"
    "memorysetup-job-temp-allocator-reduction-small-platforms=262144"
    "memorysetup-temp-allocator-size-cloud-worker=32768"
Player connection [23364]  Target information:

Player connection [23364]  * "[IP] 172.27.185.99 [Port] 0 [Flags] 2 [Guid] 652415491 [EditorId] 652415491 [Version] 1048832 [Id] WindowsEditor(7,L-CB346-16422T) [Debug] 1 [PackageName] WindowsEditor [ProjectName] Editor" 

Player connection [23364] Host joined multi-casting on [225.0.0.222:54997]...
Player connection [23364] Host joined alternative multi-casting on [225.0.0.222:34997]...
JobSystem: Creating JobQueue using job-worker-count value 11
Input System module state changed to: Initialized.
[Physics::Module] Initialized fallback backend.
[Physics::Module] Id: 0xdecafbad
Library Redirect Path: Library/
[Physics::Module] Selected backend.
[Physics::Module] Name: PhysX
[Physics::Module] Id: 0xf2b8ea05
[Physics::Module] SDK Version: 4.1.2
[Physics::Module] Integration Version: 1.0.0
[Physics::Module] Threading Mode: Multi-Threaded
Refreshing native plugins compatible for Editor in 1.67 ms, found 2 plugins.
Preloading 0 native plugins for Editor in 0.00 ms.
Initialize engine version: 6000.3.8f1 (1c7db571dde0)
[Subsystems] Discovering subsystems at path C:/Program Files/Unity/Hub/Editor/6000.3.8f1/Editor/Data/Resources/UnitySubsystems
[Subsystems] Discovering subsystems at path C:/Users/nigel.morris/OneDrive - eastsussexcollegegroup/Documents/GitHub/FPS-Microgame-2025/Assets
GfxDevice: creating device client; kGfxThreadingModeNonThreaded
Direct3D:
    Version:  Direct3D 11.0 [level 11.1]
    Renderer: NVIDIA GeForce RTX 4090 (ID=0x2684)
    Vendor:   NVIDIA
    VRAM:     24138 MB
    Driver:   32.0.15.9597
Initialize mono
Mono path[0] = 'C:/Program Files/Unity/Hub/Editor/6000.3.8f1/Editor/Data/Managed'
Mono path[1] = 'C:/Program Files/Unity/Hub/Editor/6000.3.8f1/Editor/Data/MonoBleedingEdge/lib/mono/unityjit-win32'
Mono config path = 'C:/Program Files/Unity/Hub/Editor/6000.3.8f1/Editor/Data/MonoBleedingEdge/etc'
Using monoOptions --debugger-agent=transport=dt_socket,embedding=1,server=y,suspend=n,address=127.0.0.1:56792
Begin MonoManager ReloadAssembly
Registering precompiled unity dll's ...
Register platform support module: C:/Program Files/Unity/Hub/Editor/6000.3.8f1/Editor/Data/PlaybackEngines/WebGLSupport/UnityEditor.WebGL.Extensions.dll
Register platform support module: C:/Program Files/Unity/Hub/Editor/6000.3.8f1/Editor/Data/PlaybackEngines/MacStandaloneSupport/UnityEditor.OSXStandalone.Extensions.dll
Register platform support module: C:/Program Files/Unity/Hub/Editor/6000.3.8f1/Editor/Data/PlaybackEngines/WindowsStandaloneSupport/UnityEditor.WindowsStandalone.Extensions.dll
[Licensing::Module] Licensing is not yet initialized.
[Licensing::Client] Handshaking with LicensingClient:
  Version:                 1.17.4+4293ba1
  Session Id:              4f30a619e9324963b0d5997467faa820
  Correlation Id:          dc980e05017fa1495aec9c92f4574af5
  External correlation Id: 2172374564090256074
  Machine Id:              MDg+barcQ7c7z6KV2Ua+xBe39l8=
[Licensing::Module] Successfully connected to LicensingClient on channel: "LicenseClient-nigel.morris" (connect: 0.00s, validation: 0.00s, handshake: 1.25s)
[Licensing::IpcConnector] Successfully connected to: "LicenseClient-nigel.morris-notifications" at "2026-06-19T10:28:18.4508638Z"
[Licensing::Module] Licensing Background thread has ended after 1.25s
[Licensing::Module] Licensing is initialized (took 0.36s).
[Licensing::Client] Successfully resolved entitlement details
[Licensing::Module] License group:
  Id: E4-5EVD-TUDB-EX42-UW92-XXXX
  Product: Unity Education
  Type: ULF
  Expiration: 2026-11-08T22:20:47Z
Register platform support module: C:/Program Files/Unity/Hub/Editor/6000.3.8f1/Editor/Data/PlaybackEngines/MetroSupport/UnityEditor.UWP.Extensions.dll
[Licensing::Client] Successfully resolved entitlement details
Register platform support module: C:/Program Files/Unity/Hub/Editor/6000.3.8f1/Editor/Data/PlaybackEngines/AndroidPlayer/UnityEditor.Android.Extensions.dll
[Licensing::Client] Successfully resolved entitlement details
Register platform support module: C:/Program Files/Unity/Hub/Editor/6000.3.8f1/Editor/Data/PlaybackEngines/iOSSupport/UnityEditor.iOS.Extensions.dll
Register platform support module: C:/Program Files/Unity/Hub/Editor/6000.3.8f1/Editor/Data/PlaybackEngines/AppleTVSupport/UnityEditor.AppleTV.Extensions.dll
Register platform support module: C:/Program Files/Unity/Hub/Editor/6000.3.8f1/Editor/Data/PlaybackEngines/LinuxStandaloneSupport/UnityEditor.LinuxStandalone.Extensions.dll
Registered in 0.373837 seconds.
- Loaded All Assemblies, in  0.778 seconds
Native extension for LinuxStandalone target not found
[usbmuxd] Start listen thread
[usbmuxd] Listen thread started
Native extension for AppleTV target not found
[usbmuxd] Start listen thread
[usbmuxd] Listen thread started
Native extension for iOS target not found
Native extension for Android target not found
CommandWithNoStdoutInvokationFailure: Unable to start ADB server. Please make sure the Android SDK is installed and is properly configured in the Editor. See the Console for more details.
  at UnityEditor.Android.Command.RunWithShellExecute (System.String command, System.String args, System.String workingdir, System.String errorMsg) [0x0005a] in /home/bokken/build/output/unity/unity/PlatformDependent/AndroidPlayer/Editor/Managed/Android/Command.cs:148 
  at UnityEditor.Android.ADB.StartServer () [0x00008] in /home/bokken/build/output/unity/unity/PlatformDependent/AndroidPlayer/Editor/Managed/Android/ADB.cs:193 
  at UnityEditor.Android.ADB.Run (System.String[] command, UnityEditor.Android.Command+WaitingForProcessToExit waitingForProcessToExit, System.String errorMsg) [0x0000b] in /home/bokken/build/output/unity/unity/PlatformDependent/AndroidPlayer/Editor/Managed/Android/ADB.cs:231 
  at UnityEditor.Android.AndroidDeploymentTargetsExtension.GetKnownTargets (UnityEditor.DeploymentTargets.IDeploymentTargetsMainThreadContext context, UnityEditor.ProgressHandler progressHandler) [0x0029d] in /home/bokken/build/output/unity/unity/PlatformDependent/AndroidPlayer/Editor/Managed/DeploymentTargets/AndroidDeploymentTargetsExtension.cs:393 
  at UnityEditor.Android.TargetScanWorker.ScanSync () [0x00049] in /home/bokken/build/output/unity/unity/PlatformDependent/AndroidPlayer/Editor/Managed/TargetScanWorker.cs:164 
  at UnityEditor.Android.TargetExtension.OnUsbDevicesChanged (UnityEditor.Hardware.UsbDevice[] usbDevices) [0x00087] in /home/bokken/build/output/unity/unity/PlatformDependent/AndroidPlayer/Editor/Managed/ExtensionModule.cs:114 
  at UnityEditor.Android.TargetExtension.OnLoad () [0x000af] in /home/bokken/build/output/unity/unity/PlatformDependent/AndroidPlayer/Editor/Managed/ExtensionModule.cs:75 
  at UnityEditor.Modules.ModuleManager.InitializePlatformSupportModules () [0x000ba] in <6dd00658fb454e6fb4c06a416ab8eaa1>:0 
UnityEngine.DebugLogHandler:Internal_LogException_Injected(Exception, IntPtr)
UnityEngine.DebugLogHandler:Internal_LogException(Exception, Object)
UnityEngine.DebugLogHandler:LogException(Exception, Object)
UnityEngine.Logger:LogException(Exception, Object)
UnityEngine.Debug:LogException(Exception)
UnityEditor.Modules.ModuleManager:InitializePlatformSupportModules()

(Filename: /home/bokken/build/output/unity/unity/PlatformDependent/AndroidPlayer/Editor/Managed/Android/Command.cs Line: 148)

Native extension for UWP target not found
Native extension for WindowsStandalone target not found
Native extension for OSXStandalone target not found
Native extension for WebGL target not found
Package Manager log level set to [2]
[Package Manager] Failed to launch server process. Reason: Unity was launched with the -noUpm command-line argument
[Package Manager] Unable to send message (not connected to server process).
[Package Manager] Cannot connect to Unity Package Manager local server
ScheduleIndexationOnStartup MainProcess:False IndexOnStartup:True
Mono: successfully reloaded assembly
- Finished resetting the current domain, in  4.290 seconds
Domain Reload Profiling: 5064ms
	BeginReloadAssembly (144ms)
		ExecutionOrderSort (0ms)
		DisableScriptedObjects (0ms)
		BackupInstance (0ms)
		ReleaseScriptingObjects (0ms)
		CreateAndSetChildDomain (1ms)
	RebuildCommonClasses (37ms)
	RebuildNativeTypeToScriptingClass (13ms)
	initialDomainReloadingComplete (423ms)
	LoadAllAssembliesAndSetupDomain (156ms)
		LoadAssemblies (141ms)
		RebuildTransferFunctionScriptingTraits (0ms)
		AnalyzeDomain (150ms)
			TypeCache.Refresh (148ms)
				TypeCache.ScanAssembly (135ms)
			BuildScriptInfoCaches (0ms)
			ResolveRequiredComponents (0ms)
	FinalizeReload (4290ms)
		ReleaseScriptCaches (0ms)
		RebuildScriptCaches (0ms)
		SetupLoadedEditorAssemblies (4254ms)
			LogAssemblyErrors (0ms)
			InitializePlatformSupportModulesInManaged (3951ms)
			SetLoadedEditorAssemblies (5ms)
			BeforeProcessingInitializeOnLoad (91ms)
			ProcessInitializeOnLoadAttributes (159ms)
			ProcessInitializeOnLoadMethodAttributes (49ms)
			AfterProcessingInitializeOnLoad (0ms)
			EditorAssembliesLoaded (0ms)
		ExecutionOrderSort2 (0ms)
		AwakeInstancesAfterBackupRestoration (0ms)
========================================================================
Worker process is ready to serve import requests
Import Worker Mode flag is 0x00
Begin MonoManager ReloadAssembly
[Licensing::Client] Successfully resolved entitlement details
- Loaded All Assemblies, in  1.001 seconds
Refreshing native plugins compatible for Editor in 1.32 ms, found 2 plugins.
Native extension for LinuxStandalone target not found
Native extension for AppleTV target not found
Native extension for iOS target not found
Native extension for Android target not found
Native extension for UWP target not found
Native extension for WindowsStandalone target not found
Native extension for OSXStandalone target not found
Native extension for WebGL target not found
[Package Manager] Failed to launch server process. Reason: Unity was launched with the -noUpm command-line argument
[Package Manager] Unable to send message (not connected to server process).
[Package Manager] Cannot connect to Unity Package Manager local server
[MODES] ModeService[none].Initialize
[MODES] ModeService[none].LoadModes
[MODES] Loading mode Default (0) for mode-current-id-fps
ScheduleIndexationOnStartup MainProcess:False IndexOnStartup:True
Mono: successfully reloaded assembly
- Finished resetting the current domain, in  0.887 seconds
Domain Reload Profiling: 1876ms
	BeginReloadAssembly (209ms)
		ExecutionOrderSort (0ms)
		DisableScriptedObjects (5ms)
		BackupInstance (0ms)
		ReleaseScriptingObjects (0ms)
		CreateAndSetChildDomain (41ms)
	RebuildCommonClasses (38ms)
	RebuildNativeTypeToScriptingClass (9ms)
	initialDomainReloadingComplete (39ms)
	LoadAllAssembliesAndSetupDomain (694ms)
		LoadAssemblies (494ms)
		RebuildTransferFunctionScriptingTraits (0ms)
		AnalyzeDomain (312ms)
			TypeCache.Refresh (227ms)
				TypeCache.ScanAssembly (210ms)
			BuildScriptInfoCaches (74ms)
			ResolveRequiredComponents (8ms)
	FinalizeReload (887ms)
		ReleaseScriptCaches (0ms)
		RebuildScriptCaches (0ms)
		SetupLoadedEditorAssemblies (657ms)
			LogAssemblyErrors (0ms)
			InitializePlatformSupportModulesInManaged (34ms)
			SetLoadedEditorAssemblies (5ms)
			BeforeProcessingInitializeOnLoad (178ms)
			ProcessInitializeOnLoadAttributes (329ms)
			ProcessInitializeOnLoadMethodAttributes (100ms)
			AfterProcessingInitializeOnLoad (11ms)
			EditorAssembliesLoaded (0ms)
		ExecutionOrderSort2 (0ms)
		AwakeInstancesAfterBackupRestoration (8ms)
Launched and connected shader compiler UnityShaderCompiler.exe after 0.02 seconds
Refreshing native plugins compatible for Editor in 2.39 ms, found 2 plugins.
Preloading 0 native plugins for Editor in 0.00 ms.
Unloading 17 Unused Serialized files (Serialized files now loaded: 0)
Unloading 5371 unused Assets / (3.7 MB). Loaded Objects now: 6216.
Memory consumption went from 143.5 MB to 139.8 MB.
Total: 11.378600 ms (FindLiveObjects: 0.807200 ms CreateObjectMapping: 0.236500 ms MarkObjects: 7.961300 ms  DeleteObjects: 2.372100 ms)

========================================================================
Received Import Request.
  Time since last request: 165333.313993 seconds.
  path: Assets/AddOns/MgFPS_Thunderlight/Pickup_Thunderlight.prefab
  artifactKey: Guid(608caff71a6b37341a4b925115154544) Importer(2089858483,d624ce77472d68a35037170ec1d2d27e)
Start importing Assets/AddOns/MgFPS_Thunderlight/Pickup_Thunderlight.prefab using Guid(608caff71a6b37341a4b925115154544) Importer(2089858483,d624ce77472d68a35037170ec1d2d27e) (ScriptedImporter) -> (artifact id: 'a1f9086ed59dc75396ba73b04652ae6f') in 0.142433 seconds
Number of updated asset objects reloaded before import = 0Number of asset objects unloaded after import = 210

========================================================================
Received Import Request.
  Time since last request: 0.000023 seconds.
  path: Assets/FPS/Scenes/MainSceneSettings.lighting
  artifactKey: Guid(a37e164e6490648ec966f654d144932b) Importer(2089858483,d624ce77472d68a35037170ec1d2d27e)
Start importing Assets/FPS/Scenes/MainSceneSettings.lighting using Guid(a37e164e6490648ec966f654d144932b) Importer(2089858483,d624ce77472d68a35037170ec1d2d27e) (ScriptedImporter)LightingSettings: switching bake backend from 2 to 1.
 -> (artifact id: '46699fdcccc6327ddadf2b3dffdd070c') in 0.0249323 seconds
Number of updated asset objects reloaded before import = 0Number of asset objects unloaded after import = 1

========================================================================
Received Import Request.
  Time since last request: 0.000020 seconds.
  path: Assets/AddOns/Mg3D_Hats/PillboxHat.fbx
  artifactKey: Guid(565e3543feaac1b408a41f8c0d67febd) Importer(2089858483,d624ce77472d68a35037170ec1d2d27e)
Start importing Assets/AddOns/Mg3D_Hats/PillboxHat.fbx using Guid(565e3543feaac1b408a41f8c0d67febd) Importer(2089858483,d624ce77472d68a35037170ec1d2d27e) (ScriptedImporter) -> (artifact id: '30681f8a0c355fe7a01e155c603954fb') in 0.0704897 seconds
Number of updated asset objects reloaded before import = 0Number of asset objects unloaded after import = 10

========================================================================
Received Import Request.
  Time since last request: 0.000017 seconds.
  path: Assets/AddOns/MgFPS_Enemy_Boss/EnemyBoss_Readme.txt
  artifactKey: Guid(8f29ecdc8ebbc824b9570f0b69116111) Importer(2089858483,d624ce77472d68a35037170ec1d2d27e)
Start importing Assets/AddOns/MgFPS_Enemy_Boss/EnemyBoss_Readme.txt using Guid(8f29ecdc8ebbc824b9570f0b69116111) Importer(2089858483,d624ce77472d68a35037170ec1d2d27e) (ScriptedImporter) -> (artifact id: 'beb16eef279d71dc444d860f7497d52b') in 0.0154759 seconds
Number of updated asset objects reloaded before import = 0Number of asset objects unloaded after import = 1

========================================================================
Received Import Request.
  Time since last request: 0.000020 seconds.
  path: Assets/ModAssets/Fonts/Merriweather-Regular SDF.asset
  artifactKey: Guid(ea4179ba609564f33b822e1be581b321) Importer(2089858483,d624ce77472d68a35037170ec1d2d27e)
Start importing Assets/ModAssets/Fonts/Merriweather-Regular SDF.asset using Guid(ea4179ba609564f33b822e1be581b321) Importer(2089858483,d624ce77472d68a35037170ec1d2d27e) (ScriptedImporter) -> (artifact id: '037bc5964c0bbf9f7c054a069f3096d8') in 0.0375026 seconds
Number of updated asset objects reloaded before import = 0Number of asset objects unloaded after import = 3

========================================================================
Received Import Request.
  Time since last request: 0.000029 seconds.
  path: Assets/FPS/Prefabs/Cube.prefab
  artifactKey: Guid(cf7e257d2b255a84499370f200689835) Importer(2089858483,d624ce77472d68a35037170ec1d2d27e)
Start importing Assets/FPS/Prefabs/Cube.prefab using Guid(cf7e257d2b255a84499370f200689835) Importer(2089858483,d624ce77472d68a35037170ec1d2d27e) (ScriptedImporter) -> (artifact id: '130c25965cf4c55039f5809521779e97') in 0.0359077 seconds
Number of updated asset objects reloaded before import = 0Number of asset objects unloaded after import = 10

========================================================================
Received Import Request.
  Time since last request: 0.000019 seconds.
  path: Assets/AddOns/MgFPS_RemixSFX/RemixSFX_ReadMe.txt
  artifactKey: Guid(97d358d9abf0b2049871edab777f2c5a) Importer(2089858483,d624ce77472d68a35037170ec1d2d27e)
Start importing Assets/AddOns/MgFPS_RemixSFX/RemixSFX_ReadMe.txt using Guid(97d358d9abf0b2049871edab777f2c5a) Importer(2089858483,d624ce77472d68a35037170ec1d2d27e) (ScriptedImporter) -> (artifact id: '92cb3bd78dcf0c220b733611fe94b570') in 0.0134437 seconds
Number of updated asset objects reloaded before import = 0Number of asset objects unloaded after import = 1

========================================================================
Received Import Request.
  Time since last request: 0.000021 seconds.
  path: Assets/AddOns/Mg3D_Hats/VikingHelmet.fbx
  artifactKey: Guid(a20ea7771cebbda4696ef82ef45481a0) Importer(2089858483,d624ce77472d68a35037170ec1d2d27e)
Start importing Assets/AddOns/Mg3D_Hats/VikingHelmet.fbx using Guid(a20ea7771cebbda4696ef82ef45481a0) Importer(2089858483,d624ce77472d68a35037170ec1d2d27e) (ScriptedImporter) -> (artifact id: '231b29537329aebbbd57f0566c5fdde8') in 0.0234611 seconds
Number of updated asset objects reloaded before import = 0Number of asset objects unloaded after import = 13

========================================================================
Received Import Request.
  Time since last request: 0.000031 seconds.
  path: Assets/ModAssets/Textures/billboard_2D_basic_mask.png
  artifactKey: Guid(ddff50e8139db4a99976adb5f40c79f0) Importer(2089858483,d624ce77472d68a35037170ec1d2d27e)
Start importing Assets/ModAssets/Textures/billboard_2D_basic_mask.png using Guid(ddff50e8139db4a99976adb5f40c79f0) Importer(2089858483,d624ce77472d68a35037170ec1d2d27e) (ScriptedImporter) -> (artifact id: 'f59556f79490ff697dbf765468a20aa2') in 0.044262 seconds
Number of updated asset objects reloaded before import = 0Number of asset objects unloaded after import = 3

========================================================================
Received Import Request.
  Time since last request: 0.000021 seconds.
  path: Assets/AddOns/Mg3D_Animated_Sci-fi/Materials/Gray64.mat
  artifactKey: Guid(b9738618a0326e448be1b9342020ecd6) Importer(2089858483,d624ce77472d68a35037170ec1d2d27e)
Start importing Assets/AddOns/Mg3D_Animated_Sci-fi/Materials/Gray64.mat using Guid(b9738618a0326e448be1b9342020ecd6) Importer(2089858483,d624ce77472d68a35037170ec1d2d27e) (ScriptedImporter) -> (artifact id: '5521a8e9ff6e386a110a0c613bd4e7f8') in 0.0135638 seconds
Number of updated asset objects reloaded before import = 0Number of asset objects unloaded after import = 1

========================================================================
Received Import Request.
  Time since last request: 0.000018 seconds.
  path: Assets/TextMesh Pro/Shaders/TMP_Bitmap-Mobile.shader
  artifactKey: Guid(1e3b057af24249748ff873be7fafee47) Importer(2089858483,d624ce77472d68a35037170ec1d2d27e)
Start importing Assets/TextMesh Pro/Shaders/TMP_Bitmap-Mobile.shader using Guid(1e3b057af24249748ff873be7fafee47) Importer(2089858483,d624ce77472d68a35037170ec1d2d27e) (ScriptedImporter) -> (artifact id: 'be1592868856f3b3b5a3a48a6015006f') in 0.0164105 seconds
Number of updated asset objects reloaded before import = 0Number of asset objects unloaded after import = 1

========================================================================
Received Import Request.
  Time since last request: 0.000024 seconds.
  path: Assets/ModAssets/Textures/rainbowtexture.png
  artifactKey: Guid(1b6d33a625dab47a48c2b062e2ce39bc) Importer(2089858483,d624ce77472d68a35037170ec1d2d27e)
Start importing Assets/ModAssets/Textures/rainbowtexture.png using Guid(1b6d33a625dab47a48c2b062e2ce39bc) Importer(2089858483,d624ce77472d68a35037170ec1d2d27e) (ScriptedImporter) -> (artifact id: '15f903278ca286e34a87aef76dcdc1b3') in 0.0180844 seconds
Number of updated asset objects reloaded before import = 0Number of asset objects unloaded after import = 1

========================================================================
Received Import Request.
  Time since last request: 0.000014 seconds.
  path: Assets/AddOns/Mg3D_Animated_Sci-fi/AnimationControllers/Generator_01_AnimController.controller
  artifactKey: Guid(59bde611c5f668044b4105ed1043f9b2) Importer(2089858483,d624ce77472d68a35037170ec1d2d27e)
Start importing Assets/AddOns/Mg3D_Animated_Sci-fi/AnimationControllers/Generator_01_AnimController.controller using Guid(59bde611c5f668044b4105ed1043f9b2) Importer(2089858483,d624ce77472d68a35037170ec1d2d27e) (ScriptedImporter) -> (artifact id: '6b31069b5239b2c5a1bb100ab75dbd37') in 0.0150491 seconds
Number of updated asset objects reloaded before import = 0Number of asset objects unloaded after import = 4

========================================================================
Received Import Request.
  Time since last request: 0.000016 seconds.
  path: Assets/AddOns/Mg3D_Hats/Mustache.fbx
  artifactKey: Guid(67f444199e01f7341adb39837f8c9ba2) Importer(2089858483,d624ce77472d68a35037170ec1d2d27e)
Start importing Assets/AddOns/Mg3D_Hats/Mustache.fbx using Guid(67f444199e01f7341adb39837f8c9ba2) Importer(2089858483,d624ce77472d68a35037170ec1d2d27e) (ScriptedImporter) -> (artifact id: '3d8d77629a378f27f5af38443939ba31') in 0.0185519 seconds
Number of updated asset objects reloaded before import = 0Number of asset objects unloaded after import = 8

========================================================================
Received Import Request.
  Time since last request: 0.000022 seconds.
  path: Assets/ModAssets/Fonts/IndieFlower SDF.asset
  artifactKey: Guid(2a0d250d860e74880b33abdcb4a9da2a) Importer(2089858483,d624ce77472d68a35037170ec1d2d27e)
Start importing Assets/ModAssets/Fonts/IndieFlower SDF.asset using Guid(2a0d250d860e74880b33abdcb4a9da2a) Importer(2089858483,d624ce77472d68a35037170ec1d2d27e) (ScriptedImporter) -> (artifact id: '80e4033b8537a4cdc225df06b7ab5438') in 0.020259 seconds
Number of updated asset objects reloaded before import = 0Number of asset objects unloaded after import = 3

========================================================================
Received Import Request.
  Time since last request: 0.000029 seconds.
  path: Assets/FPS/Tutorials/Tutorial Project Settings.asset
  artifactKey: Guid(82ccda3adf0ba49e1ba86e30edff0cc5) Importer(2089858483,d624ce77472d68a35037170ec1d2d27e)
Start importing Assets/FPS/Tutorials/Tutorial Project Settings.asset using Guid(82ccda3adf0ba49e1ba86e30edff0cc5) Importer(2089858483,d624ce77472d68a35037170ec1d2d27e) (ScriptedImporter) -> (artifact id: 'f8e2442733d43bf888d1221c33bce21c') in 0.2759809 seconds
Number of updated asset objects reloaded before import = 0Number of asset objects unloaded after import = 892

========================================================================
Received Import Request.
  Time since last request: 0.000025 seconds.
  path: Assets/NavMeshComponents/Editor/NavMeshComponentsEditor.asmdef
  artifactKey: Guid(5c7deb0338552a549a4a74d064f07701) Importer(2089858483,d624ce77472d68a35037170ec1d2d27e)
Start importing Assets/NavMeshComponents/Editor/NavMeshComponentsEditor.asmdef using Guid(5c7deb0338552a549a4a74d064f07701) Importer(2089858483,d624ce77472d68a35037170ec1d2d27e) (ScriptedImporter) -> (artifact id: 'bcc9aaf574313a12b0bdb40300766159') in 0.0151223 seconds
Number of updated asset objects reloaded before import = 0Number of asset objects unloaded after import = 1

========================================================================
Received Import Request.
  Time since last request: 0.000027 seconds.
  path: Assets/TextMesh Pro/Fonts/LiberationSans.ttf
  artifactKey: Guid(e3265ab4bf004d28a9537516768c1c75) Importer(2089858483,d624ce77472d68a35037170ec1d2d27e)
Start importing Assets/TextMesh Pro/Fonts/LiberationSans.ttf using Guid(e3265ab4bf004d28a9537516768c1c75) Importer(2089858483,d624ce77472d68a35037170ec1d2d27e) (ScriptedImporter) -> (artifact id: '3b254ef114e6bda7428821a53fa3eeac') in 0.0175738 seconds
Number of updated asset objects reloaded before import = 0Number of asset objects unloaded after import = 3

========================================================================
Received Import Request.
  Time since last request: 0.000017 seconds.
  path: Assets/TextMesh Pro/Shaders/TMP_SDF-Mobile Overlay.shader
  artifactKey: Guid(a02a7d8c237544f1962732b55a9aebf1) Importer(2089858483,d624ce77472d68a35037170ec1d2d27e)
Start importing Assets/TextMesh Pro/Shaders/TMP_SDF-Mobile Overlay.shader using Guid(a02a7d8c237544f1962732b55a9aebf1) Importer(2089858483,d624ce77472d68a35037170ec1d2d27e) (ScriptedImporter) -> (artifact id: '9be8c2e1221d00fb051d0c34b465b7a7') in 0.0124205 seconds
Number of updated asset objects reloaded before import = 0Number of asset objects unloaded after import = 1

========================================================================
Received Import Request.
  Time since last request: 0.000016 seconds.
  path: Assets/AddOns/Mg3D_Hats/Sombrero.fbx
  artifactKey: Guid(290f57b34312fbf448d3b8ca6b6bd41d) Importer(2089858483,d624ce77472d68a35037170ec1d2d27e)
Start importing Assets/AddOns/Mg3D_Hats/Sombrero.fbx using Guid(290f57b34312fbf448d3b8ca6b6bd41d) Importer(2089858483,d624ce77472d68a35037170ec1d2d27e) (ScriptedImporter) -> (artifact id: 'd0cec60167602973048174c875c9c98c') in 0.0263725 seconds
Number of updated asset objects reloaded before import = 0Number of asset objects unloaded after import = 12

========================================================================
Received Import Request.
  Time since last request: 0.000023 seconds.
  path: Assets/FPS/Tutorials/TutorialLayout.wlt
  artifactKey: Guid(9d6f44592b6054254899886ee83841f8) Importer(2089858483,d624ce77472d68a35037170ec1d2d27e)
Start importing Assets/FPS/Tutorials/TutorialLayout.wlt using Guid(9d6f44592b6054254899886ee83841f8) Importer(2089858483,d624ce77472d68a35037170ec1d2d27e) (ScriptedImporter) -> (artifact id: '332a951596fe6f40cd8fcb2d19045707') in 0.0156661 seconds
Number of updated asset objects reloaded before import = 0Number of asset objects unloaded after import = 1

========================================================================
Received Import Request.
  Time since last request: 0.000029 seconds.
  path: Assets/ModAssets/Textures/billboard_2D_wide_mask.png
  artifactKey: Guid(d88311d2ea92740ed9e0274f02825ccf) Importer(2089858483,d624ce77472d68a35037170ec1d2d27e)
Start importing Assets/ModAssets/Textures/billboard_2D_wide_mask.png using Guid(d88311d2ea92740ed9e0274f02825ccf) Importer(2089858483,d624ce77472d68a35037170ec1d2d27e) (ScriptedImporter) -> (artifact id: 'c5fd506a1a55183f614d17812e9a7e86') in 0.0152591 seconds
Number of updated asset objects reloaded before import = 0Number of asset objects unloaded after import = 3

========================================================================
Received Import Request.
  Time since last request: 0.000018 seconds.
  path: Assets/AddOns/MgFPS_BossRemixSFX/Detection/BossRmx_TVModule_EnemyDetected01.ogg
  artifactKey: Guid(a45bc3069da57264c8dd286f67cda759) Importer(2089858483,d624ce77472d68a35037170ec1d2d27e)
Start importing Assets/AddOns/MgFPS_BossRemixSFX/Detection/BossRmx_TVModule_EnemyDetected01.ogg using Guid(a45bc3069da57264c8dd286f67cda759) Importer(2089858483,d624ce77472d68a35037170ec1d2d27e) (ScriptedImporter) -> (artifact id: 'c4499e1873cac36f244c95b427b5ab4c') in 0.0273918 seconds
Number of updated asset objects reloaded before import = 0Number of asset objects unloaded after import = 1

========================================================================
Received Import Request.
  Time since last request: 0.000015 seconds.
  path: Assets/AddOns/MgFPS_Enemy_Boss/Materials/Enemy_Boss_Eye.mat
  artifactKey: Guid(eb81205e59ba83b44ad5391a1d080f18) Importer(2089858483,d624ce77472d68a35037170ec1d2d27e)
Start importing Assets/AddOns/MgFPS_Enemy_Boss/Materials/Enemy_Boss_Eye.mat using Guid(eb81205e59ba83b44ad5391a1d080f18) Importer(2089858483,d624ce77472d68a35037170ec1d2d27e) (ScriptedImporter) -> (artifact id: '2a2dcb0217f8000e53a179fcf6726e5a') in 0.0151116 seconds
Number of updated asset objects reloaded before import = 0Number of asset objects unloaded after import = 2

========================================================================
Received Import Request.
  Time since last request: 0.000019 seconds.
  path: Assets/AddOns/Mg3D_Animated_Sci-fi/Meshes/Pod_Base_Arm_R_snaps012.asset
  artifactKey: Guid(4c2cfc998f4200f478b4d7de3f58b39a) Importer(2089858483,d624ce77472d68a35037170ec1d2d27e)
Start importing Assets/AddOns/Mg3D_Animated_Sci-fi/Meshes/Pod_Base_Arm_R_snaps012.asset using Guid(4c2cfc998f4200f478b4d7de3f58b39a) Importer(2089858483,d624ce77472d68a35037170ec1d2d27e) (ScriptedImporter) -> (artifact id: '66ba2666b604dd4177c5ca4f6e1b1c5d') in 0.0129466 seconds
Number of updated asset objects reloaded before import = 0Number of asset objects unloaded after import = 1

========================================================================
Received Import Request.
  Time since last request: 0.000031 seconds.
  path: Assets/AddOns/Mg3D_Animated_Sci-fi/Meshes/Pod_Arm_R_02_snaps012.asset
  artifactKey: Guid(17533e29bf5859f44afaaaec795333d3) Importer(2089858483,d624ce77472d68a35037170ec1d2d27e)
Start importing Assets/AddOns/Mg3D_Animated_Sci-fi/Meshes/Pod_Arm_R_02_snaps012.asset using Guid(17533e29bf5859f44afaaaec795333d3) Importer(2089858483,d624ce77472d68a35037170ec1d2d27e) (ScriptedImporter) -> (artifact id: '7e7da62e1ef33f6c0b12e57f200ac081') in 0.0145085 seconds
Number of updated asset objects reloaded before import = 0Number of asset objects unloaded after import = 1

========================================================================
Received Import Request.
  Time since last request: 0.000024 seconds.
  path: Assets/AddOns/Mg3D_Animated_Sci-fi/Meshes/Artillery_01_gunstand.asset
  artifactKey: Guid(eccafb1fb2bb4344193967c81130d327) Importer(2089858483,d624ce77472d68a35037170ec1d2d27e)
Start importing Assets/AddOns/Mg3D_Animated_Sci-fi/Meshes/Artillery_01_gunstand.asset using Guid(eccafb1fb2bb4344193967c81130d327) Importer(2089858483,d624ce77472d68a35037170ec1d2d27e) (ScriptedImporter) -> (artifact id: 'fc3bb8357e62f7db9c159c8d1065346a') in 0.0138638 seconds
Number of updated asset objects reloaded before import = 0Number of asset objects unloaded after import = 1

========================================================================
Received Import Request.
  Time since last request: 0.000017 seconds.
  path: Assets/AddOns/Mg3D_Animated_Sci-fi/Meshes/Pod_CocoonAtachment_snaps012.asset
  artifactKey: Guid(4771295be6007514094dbcedd6228c1a) Importer(2089858483,d624ce77472d68a35037170ec1d2d27e)
Start importing Assets/AddOns/Mg3D_Animated_Sci-fi/Meshes/Pod_CocoonAtachment_snaps012.asset using Guid(4771295be6007514094dbcedd6228c1a) Importer(2089858483,d624ce77472d68a35037170ec1d2d27e) (ScriptedImporter) -> (artifact id: '662b983b32271f35e554c39c23856e92') in 0.0133098 seconds
Number of updated asset objects reloaded before import = 0Number of asset objects unloaded after import = 1

========================================================================
Received Import Request.
  Time since last request: 0.000022 seconds.
  path: Assets/AddOns/Mg3D_Animated_Sci-fi/Meshes/Pod_Arm_snaps012.asset
  artifactKey: Guid(1958443177160e24490e961dda75bcd1) Importer(2089858483,d624ce77472d68a35037170ec1d2d27e)
Start importing Assets/AddOns/Mg3D_Animated_Sci-fi/Meshes/Pod_Arm_snaps012.asset using Guid(1958443177160e24490e961dda75bcd1) Importer(2089858483,d624ce77472d68a35037170ec1d2d27e) (ScriptedImporter) -> (artifact id: '93369b86cec84a2fa8399556e4ac4f1c') in 0.0152224 seconds
Number of updated asset objects reloaded before import = 0Number of asset objects unloaded after import = 1

========================================================================
Received Import Request.
  Time since last request: 0.000029 seconds.
  path: Assets/AddOns/Mg3D_Animated_Sci-fi/Meshes/SA_MechanicalArm_08.asset
  artifactKey: Guid(b19d378afbc7d154eb40cd7f30d181f5) Importer(2089858483,d624ce77472d68a35037170ec1d2d27e)
Start importing Assets/AddOns/Mg3D_Animated_Sci-fi/Meshes/SA_MechanicalArm_08.asset using Guid(b19d378afbc7d154eb40cd7f30d181f5) Importer(2089858483,d624ce77472d68a35037170ec1d2d27e) (ScriptedImporter) -> (artifact id: '69bfa20cec9d6784fe4b3ae5cf2033f7') in 0.0131717 seconds
Number of updated asset objects reloaded before import = 0Number of asset objects unloaded after import = 1

========================================================================
Received Import Request.
  Time since last request: 0.000016 seconds.
  path: Assets/AddOns/Mg3D_Animated_Sci-fi/Meshes/Pod_Base_Arm_L_snaps012.asset
  artifactKey: Guid(7b634cc63d25c834ab21dceb490f38c3) Importer(2089858483,d624ce77472d68a35037170ec1d2d27e)
Start importing Assets/AddOns/Mg3D_Animated_Sci-fi/Meshes/Pod_Base_Arm_L_snaps012.asset using Guid(7b634cc63d25c834ab21dceb490f38c3) Importer(2089858483,d624ce77472d68a35037170ec1d2d27e) (ScriptedImporter) -> (artifact id: '89b3d5281ffa2aa2ad3a520ecb2d2492') in 0.014305 seconds
Number of updated asset objects reloaded before import = 0Number of asset objects unloaded after import = 1

========================================================================
Received Import Request.
  Time since last request: 0.000020 seconds.
  path: Assets/AddOns/MgFPS_Enemy_Boss/Materials/Detection_Module_Laser02.mat
  artifactKey: Guid(6b0944d286c02cb4b81dd0ed3ca53bc3) Importer(2089858483,d624ce77472d68a35037170ec1d2d27e)
Start importing Assets/AddOns/MgFPS_Enemy_Boss/Materials/Detection_Module_Laser02.mat using Guid(6b0944d286c02cb4b81dd0ed3ca53bc3) Importer(2089858483,d624ce77472d68a35037170ec1d2d27e) (ScriptedImporter) -> (artifact id: 'effcde26d40920455d92c2ba220e3308') in 0.013955 seconds
Number of updated asset objects reloaded before import = 0Number of asset objects unloaded after import = 2

========================================================================
Received Import Request.
  Time since last request: 0.000022 seconds.
  path: Assets/AddOns/MgFPS_Aurous/Aurous_VFX/VFX_BlobSparks_Aurous.prefab
  artifactKey: Guid(1963faa456b54a942b4ba48143e4416f) Importer(2089858483,d624ce77472d68a35037170ec1d2d27e)
Start importing Assets/AddOns/MgFPS_Aurous/Aurous_VFX/VFX_BlobSparks_Aurous.prefab using Guid(1963faa456b54a942b4ba48143e4416f) Importer(2089858483,d624ce77472d68a35037170ec1d2d27e) (ScriptedImporter) -> (artifact id: 'f2758cf402af16a4a7636239a3ade0ae') in 0.0599188 seconds
Number of updated asset objects reloaded before import = 0Number of asset objects unloaded after import = 6

========================================================================
Received Import Request.
  Time since last request: 0.000028 seconds.
  path: Assets/AddOns/MgFPS_Boomshot/BoomShot_VFX/BoomShot_Overheat.prefab
  artifactKey: Guid(0c83981f98d88cc47ab998b8c755a99a) Importer(2089858483,d624ce77472d68a35037170ec1d2d27e)
Start importing Assets/AddOns/MgFPS_Boomshot/BoomShot_VFX/BoomShot_Overheat.prefab using Guid(0c83981f98d88cc47ab998b8c755a99a) Importer(2089858483,d624ce77472d68a35037170ec1d2d27e) (ScriptedImporter) -> (artifact id: '5f9b8fc0e12782984f7878d9a1fb97ca') in 0.0263072 seconds
Number of updated asset objects reloaded before import = 0Number of asset objects unloaded after import = 6

========================================================================
Received Import Request.
  Time since last request: 0.000015 seconds.
  path: Assets/AddOns/MgFPS_Enemy_Boss/Materials/VFX_PhotonCannon_Projectile_Sparks.mat
  artifactKey: Guid(4ee41eae8e839d445baf04cb6648c551) Importer(2089858483,d624ce77472d68a35037170ec1d2d27e)
Start importing Assets/AddOns/MgFPS_Enemy_Boss/Materials/VFX_PhotonCannon_Projectile_Sparks.mat using Guid(4ee41eae8e839d445baf04cb6648c551) Importer(2089858483,d624ce77472d68a35037170ec1d2d27e) (ScriptedImporter) -> (artifact id: '4c5b95556974a7eba1d75eb4141b330f') in 0.018211 seconds
Number of updated asset objects reloaded before import = 0Number of asset objects unloaded after import = 2

========================================================================
Received Import Request.
  Time since last request: 0.000017 seconds.
  path: Assets/AddOns/Mg3D_Animated_Sci-fi/Materials/MachineYellow.mat
  artifactKey: Guid(a86dea3f5dcc09f43ba894bb9a8680a6) Importer(2089858483,d624ce77472d68a35037170ec1d2d27e)
Start importing Assets/AddOns/Mg3D_Animated_Sci-fi/Materials/MachineYellow.mat using Guid(a86dea3f5dcc09f43ba894bb9a8680a6) Importer(2089858483,d624ce77472d68a35037170ec1d2d27e) (ScriptedImporter) -> (artifact id: '189f371defc75ad37d94d37f2fd72062') in 0.0133763 seconds
Number of updated asset objects reloaded before import = 0Number of asset objects unloaded after import = 1

========================================================================
Received Import Request.
  Time since last request: 0.000021 seconds.
  path: Assets/AddOns/MgFPS_Enemy_Boss/Models/Weapon_Module_SpinningRadar_R.fbx
  artifactKey: Guid(ace37c91a88d5e5469bd9a6bc2890bdb) Importer(2089858483,d624ce77472d68a35037170ec1d2d27e)
Start importing Assets/AddOns/MgFPS_Enemy_Boss/Models/Weapon_Module_SpinningRadar_R.fbx using Guid(ace37c91a88d5e5469bd9a6bc2890bdb) Importer(2089858483,d624ce77472d68a35037170ec1d2d27e) (ScriptedImporter) -> (artifact id: 'e04e09acbad8f1e132de28a8dc7d1f12') in 0.0261702 seconds
Number of updated asset objects reloaded before import = 0Number of asset objects unloaded after import = 22

========================================================================
Received Import Request.
  Time since last request: 0.000024 seconds.
  path: Assets/AddOns/MgFPS_Enemy_Boss/Materials/VFX_Railgun_MuzzleFlash_Slash.mat
  artifactKey: Guid(12d43f32c4100f74db3ad1861ed024b5) Importer(2089858483,d624ce77472d68a35037170ec1d2d27e)
Start importing Assets/AddOns/MgFPS_Enemy_Boss/Materials/VFX_Railgun_MuzzleFlash_Slash.mat using Guid(12d43f32c4100f74db3ad1861ed024b5) Importer(2089858483,d624ce77472d68a35037170ec1d2d27e) (ScriptedImporter) -> (artifact id: 'd9c54d8261fd6d6d031f2900a249b383') in 0.0139474 seconds
Number of updated asset objects reloaded before import = 0Number of asset objects unloaded after import = 2

========================================================================
Received Import Request.
  Time since last request: 0.000016 seconds.
  path: Assets/AddOns/MgFPS_Enemy_Boss/Materials/VFX_RocketLauncher_Projectile_Glow.mat
  artifactKey: Guid(bd7e439193e55ec48a3c422a8ce5638c) Importer(2089858483,d624ce77472d68a35037170ec1d2d27e)
Start importing Assets/AddOns/MgFPS_Enemy_Boss/Materials/VFX_RocketLauncher_Projectile_Glow.mat using Guid(bd7e439193e55ec48a3c422a8ce5638c) Importer(2089858483,d624ce77472d68a35037170ec1d2d27e) (ScriptedImporter) -> (artifact id: '5d5ec6689bcf664cedb8141093f60b63') in 0.0152776 seconds
Number of updated asset objects reloaded before import = 0Number of asset objects unloaded after import = 1

========================================================================
Received Import Request.
  Time since last request: 0.000015 seconds.
  path: Assets/AddOns/MgFPS_Enemy_Boss/Prefabs/Detection_Module_Laser01_L.prefab
  artifactKey: Guid(0f0000b4c494bb54a971a3ced49ccf53) Importer(2089858483,d624ce77472d68a35037170ec1d2d27e)
Start importing Assets/AddOns/MgFPS_Enemy_Boss/Prefabs/Detection_Module_Laser01_L.prefab using Guid(0f0000b4c494bb54a971a3ced49ccf53) Importer(2089858483,d624ce77472d68a35037170ec1d2d27e) (ScriptedImporter) -> (artifact id: '7083c1be0ba0647f67e1810a65644287') in 0.0210652 seconds
Number of updated asset objects reloaded before import = 0Number of asset objects unloaded after import = 22

========================================================================
Received Import Request.
  Time since last request: 0.000021 seconds.
  path: Assets/AddOns/MgFPS_Enemy_Boss/Prefabs/Enemy_Boss_Variant01.prefab
  artifactKey: Guid(39ef422616f16334f8d6423075cf10c1) Importer(2089858483,d624ce77472d68a35037170ec1d2d27e)
Start importing Assets/AddOns/MgFPS_Enemy_Boss/Prefabs/Enemy_Boss_Variant01.prefab using Guid(39ef422616f16334f8d6423075cf10c1) Importer(2089858483,d624ce77472d68a35037170ec1d2d27e) (ScriptedImporter) -> (artifact id: '367bda139f7aca6bbcd78303ffdbd555') in 0.0689769 seconds
Number of updated asset objects reloaded before import = 0Number of asset objects unloaded after import = 362

========================================================================
Received Import Request.
  Time since last request: 0.000037 seconds.
  path: Assets/AddOns/MgFPS_Enemy_Boss/Prefabs/Enemy_Boss_Variant04.prefab
  artifactKey: Guid(b803d286bcaf6da49ae3e33a431346b2) Importer(2089858483,d624ce77472d68a35037170ec1d2d27e)
Start importing Assets/AddOns/MgFPS_Enemy_Boss/Prefabs/Enemy_Boss_Variant04.prefab using Guid(b803d286bcaf6da49ae3e33a431346b2) Importer(2089858483,d624ce77472d68a35037170ec1d2d27e) (ScriptedImporter) -> (artifact id: '78c1897a2fefd6007b4061762f748c51') in 0.05936 seconds
Number of updated asset objects reloaded before import = 0Number of asset objects unloaded after import = 503

========================================================================
Received Import Request.
  Time since last request: 0.000021 seconds.
  path: Assets/AddOns/MgFPS_Enemy_Boss/Prefabs/Detection_Module_TV_L.prefab
  artifactKey: Guid(2f7cf156ed61f7147aa6f61448188776) Importer(2089858483,d624ce77472d68a35037170ec1d2d27e)
Start importing Assets/AddOns/MgFPS_Enemy_Boss/Prefabs/Detection_Module_TV_L.prefab using Guid(2f7cf156ed61f7147aa6f61448188776) Importer(2089858483,d624ce77472d68a35037170ec1d2d27e) (ScriptedImporter) -> (artifact id: 'ce8ab76e4a87b397a260df2a0a7acd69') in 0.0226199 seconds
Number of updated asset objects reloaded before import = 0Number of asset objects unloaded after import = 26

========================================================================
Received Import Request.
  Time since last request: 0.000020 seconds.
  path: Assets/AddOns/MgFPS_Enemy_Boss/Models/Weapon_Module_Railgun_L.fbx
  artifactKey: Guid(b60d64186dabf5c4aa94cb7a636587b2) Importer(2089858483,d624ce77472d68a35037170ec1d2d27e)
Start importing Assets/AddOns/MgFPS_Enemy_Boss/Models/Weapon_Module_Railgun_L.fbx using Guid(b60d64186dabf5c4aa94cb7a636587b2) Importer(2089858483,d624ce77472d68a35037170ec1d2d27e) (ScriptedImporter) -> (artifact id: '70db407071ef70768272796c6cf12431') in 0.019595 seconds
Number of updated asset objects reloaded before import = 0Number of asset objects unloaded after import = 32

========================================================================
Received Import Request.
  Time since last request: 0.000031 seconds.
  path: Assets/AddOns/MgFPS_Enemy_Boss/Models/Navigation_Module_TwinBladeJets.fbx
  artifactKey: Guid(0e0782e4263ac2b4b9eda90448e4d2d7) Importer(2089858483,d624ce77472d68a35037170ec1d2d27e)
Start importing Assets/AddOns/MgFPS_Enemy_Boss/Models/Navigation_Module_TwinBladeJets.fbx using Guid(0e0782e4263ac2b4b9eda90448e4d2d7) Importer(2089858483,d624ce77472d68a35037170ec1d2d27e) (ScriptedImporter) -> (artifact id: '9ece7dd1ce9b085860795caa53aa4590') in 0.0175113 seconds
Number of updated asset objects reloaded before import = 0Number of asset objects unloaded after import = 26

========================================================================
Received Import Request.
  Time since last request: 0.000019 seconds.
  path: Assets/AddOns/MgFPS_Enemy_Boss/Models/Weapon_Module_RocketLauncher_R.fbx
  artifactKey: Guid(5798a432695119e44a47157bd44f335a) Importer(2089858483,d624ce77472d68a35037170ec1d2d27e)
Start importing Assets/AddOns/MgFPS_Enemy_Boss/Models/Weapon_Module_RocketLauncher_R.fbx using Guid(5798a432695119e44a47157bd44f335a) Importer(2089858483,d624ce77472d68a35037170ec1d2d27e) (ScriptedImporter) -> (artifact id: 'e6756c540957769e4f5bc311a571f442') in 0.0176012 seconds
Number of updated asset objects reloaded before import = 0Number of asset objects unloaded after import = 59

========================================================================
Received Import Request.
  Time since last request: 0.000018 seconds.
  path: Assets/AddOns/MgFPS_Enemy_Boss/Materials/Weapon_Module_PhotonCannon.mat
  artifactKey: Guid(251d19c0d73fdc54c946c88ec1456917) Importer(2089858483,d624ce77472d68a35037170ec1d2d27e)
Start importing Assets/AddOns/MgFPS_Enemy_Boss/Materials/Weapon_Module_PhotonCannon.mat using Guid(251d19c0d73fdc54c946c88ec1456917) Importer(2089858483,d624ce77472d68a35037170ec1d2d27e) (ScriptedImporter) -> (artifact id: 'bbbe77e7a0f45ecdb6d46793992431a5') in 0.0146408 seconds
Number of updated asset objects reloaded before import = 0Number of asset objects unloaded after import = 2

========================================================================
Received Import Request.
  Time since last request: 0.000023 seconds.
  path: Assets/AddOns/MgFPS_Enemy_Boss/Materials/Weapon_Module_RocketLauncher_Slot4.mat
  artifactKey: Guid(706a64a047dc82c4ab1ea1045e98cb60) Importer(2089858483,d624ce77472d68a35037170ec1d2d27e)
Start importing Assets/AddOns/MgFPS_Enemy_Boss/Materials/Weapon_Module_RocketLauncher_Slot4.mat using Guid(706a64a047dc82c4ab1ea1045e98cb60) Importer(2089858483,d624ce77472d68a35037170ec1d2d27e) (ScriptedImporter) -> (artifact id: 'e4767750f39aac24831ee7cbf76a516c') in 0.0172578 seconds
Number of updated asset objects reloaded before import = 0Number of asset objects unloaded after import = 1

========================================================================
Received Import Request.
  Time since last request: 0.000023 seconds.
  path: Assets/AddOns/MgFPS_Enemy_Boss/Materials/VFX_Railgun_MuzzleFlash.mat
  artifactKey: Guid(1c09ac74e97f4cc4fae6c387c7e21c16) Importer(2089858483,d624ce77472d68a35037170ec1d2d27e)
Start importing Assets/AddOns/MgFPS_Enemy_Boss/Materials/VFX_Railgun_MuzzleFlash.mat using Guid(1c09ac74e97f4cc4fae6c387c7e21c16) Importer(2089858483,d624ce77472d68a35037170ec1d2d27e) (ScriptedImporter) -> (artifact id: '75b50ef9fcfa97122af53ee9950413a3') in 0.0136638 seconds
Number of updated asset objects reloaded before import = 0Number of asset objects unloaded after import = 2

========================================================================
Received Import Request.
  Time since last request: 0.000017 seconds.
  path: Assets/AddOns/MgFPS_Enemy_Boss/Textures/PhotonCannon_Spark.png
  artifactKey: Guid(0d2c1774344de3e4dad5924b85192be9) Importer(2089858483,d624ce77472d68a35037170ec1d2d27e)
Start importing Assets/AddOns/MgFPS_Enemy_Boss/Textures/PhotonCannon_Spark.png using Guid(0d2c1774344de3e4dad5924b85192be9) Importer(2089858483,d624ce77472d68a35037170ec1d2d27e) (ScriptedImporter) -> (artifact id: '1afd16e986412ecd1d1f7988e57bb8e4') in 0.0185125 seconds
Number of updated asset objects reloaded before import = 0Number of asset objects unloaded after import = 1

========================================================================
Received Import Request.
  Time since last request: 0.000018 seconds.
  path: Assets/AddOns/MgFPS_Enemy_Boss_Skins/Textures/Detection_Module_TV_Royal_AlbedoTransparency.png
  artifactKey: Guid(e6b9ca85170a3874f8e8ead610836084) Importer(2089858483,d624ce77472d68a35037170ec1d2d27e)
Start importing Assets/AddOns/MgFPS_Enemy_Boss_Skins/Textures/Detection_Module_TV_Royal_AlbedoTransparency.png using Guid(e6b9ca85170a3874f8e8ead610836084) Importer(2089858483,d624ce77472d68a35037170ec1d2d27e) (ScriptedImporter) -> (artifact id: 'a5202d088f9f3cef5920bdcbffd707e6') in 0.0177506 seconds
Number of updated asset objects reloaded before import = 0Number of asset objects unloaded after import = 1

========================================================================
Received Import Request.
  Time since last request: 0.000021 seconds.
  path: Assets/AddOns/MgFPS_Enemy_Boss/Textures/Enemy_Boss_Body_Albedo.png
  artifactKey: Guid(3da176e8dedd9c646b5c530c7d3d3d2a) Importer(2089858483,d624ce77472d68a35037170ec1d2d27e)
Start importing Assets/AddOns/MgFPS_Enemy_Boss/Textures/Enemy_Boss_Body_Albedo.png using Guid(3da176e8dedd9c646b5c530c7d3d3d2a) Importer(2089858483,d624ce77472d68a35037170ec1d2d27e) (ScriptedImporter) -> (artifact id: '74c9cac669cf97bd847c393f57d96d3e') in 0.0161913 seconds
Number of updated asset objects reloaded before import = 0Number of asset objects unloaded after import = 1

========================================================================
Received Import Request.
  Time since last request: 0.000034 seconds.
  path: Assets/AddOns/MgFPS_Enemy_Boss_Skins/Materials/Detection_Module_Laser01_Royal.mat
  artifactKey: Guid(bdf6202936798f640bd6c070d3af74a1) Importer(2089858483,d624ce77472d68a35037170ec1d2d27e)
Start importing Assets/AddOns/MgFPS_Enemy_Boss_Skins/Materials/Detection_Module_Laser01_Royal.mat using Guid(bdf6202936798f640bd6c070d3af74a1) Importer(2089858483,d624ce77472d68a35037170ec1d2d27e) (ScriptedImporter) -> (artifact id: '2d59a977a8731f9872397f956652b03a') in 0.0258639 seconds
Number of updated asset objects reloaded before import = 0Number of asset objects unloaded after import = 4

========================================================================
Received Import Request.
  Time since last request: 0.000018 seconds.
  path: Assets/AddOns/MgFPS_Enemy_Boss/Textures/Detection_Module_TV_Hurt_Albedo.png
  artifactKey: Guid(7ffafd8ca06bcd649b223b224b1d4453) Importer(2089858483,d624ce77472d68a35037170ec1d2d27e)
Start importing Assets/AddOns/MgFPS_Enemy_Boss/Textures/Detection_Module_TV_Hurt_Albedo.png using Guid(7ffafd8ca06bcd649b223b224b1d4453) Importer(2089858483,d624ce77472d68a35037170ec1d2d27e) (ScriptedImporter) -> (artifact id: 'f2147e97dc7a1bf9123bc11959815de0') in 0.0157867 seconds
Number of updated asset objects reloaded before import = 0Number of asset objects unloaded after import = 1

========================================================================
Received Import Request.
  Time since last request: 0.000019 seconds.
  path: Assets/AddOns/MgFPS_Enemy_Boss_Skins/Textures/Detection_Module_Laser01_Royal_Normal.png
  artifactKey: Guid(e9096ac8c6eea0a42812cb2b82719991) Importer(2089858483,d624ce77472d68a35037170ec1d2d27e)
Start importing Assets/AddOns/MgFPS_Enemy_Boss_Skins/Textures/Detection_Module_Laser01_Royal_Normal.png using Guid(e9096ac8c6eea0a42812cb2b82719991) Importer(2089858483,d624ce77472d68a35037170ec1d2d27e) (ScriptedImporter) -> (artifact id: 'b7fa3c459423b2a3e759a3a2330419f5') in 0.0184453 seconds
Number of updated asset objects reloaded before import = 0Number of asset objects unloaded after import = 1

========================================================================
Received Import Request.
  Time since last request: 0.000020 seconds.
  path: Assets/AddOns/MgFPS_Enemy_Boss_Skins/Textures/Detection_Module_Laser02_Royal_MetallicSmoothness.png
  artifactKey: Guid(b46805b5825a00842bf7754878a3d8a9) Importer(2089858483,d624ce77472d68a35037170ec1d2d27e)
Start importing Assets/AddOns/MgFPS_Enemy_Boss_Skins/Textures/Detection_Module_Laser02_Royal_MetallicSmoothness.png using Guid(b46805b5825a00842bf7754878a3d8a9) Importer(2089858483,d624ce77472d68a35037170ec1d2d27e) (ScriptedImporter) -> (artifact id: '1364b7da0f5b501bcaeb0b2eb3de5383') in 0.0166513 seconds
Number of updated asset objects reloaded before import = 0Number of asset objects unloaded after import = 1

========================================================================
Received Import Request.
  Time since last request: 0.000026 seconds.
  path: Assets/AddOns/MgFPS_Enemy_Boss/Textures/Detection_Module_TV_Normal.png
  artifactKey: Guid(6a080e79e25b5a145acf3923a5755679) Importer(2089858483,d624ce77472d68a35037170ec1d2d27e)
Start importing Assets/AddOns/MgFPS_Enemy_Boss/Textures/Detection_Module_TV_Normal.png using Guid(6a080e79e25b5a145acf3923a5755679) Importer(2089858483,d624ce77472d68a35037170ec1d2d27e) (ScriptedImporter) -> (artifact id: 'd47ec4155fe26ac68e9373d93554493e') in 0.0168071 seconds
Number of updated asset objects reloaded before import = 0Number of asset objects unloaded after import = 1

========================================================================
Received Import Request.
  Time since last request: 0.000014 seconds.
  path: Assets/AddOns/MgFPS_Enemy_Boss_Skins/Textures/Detection_Module_SpinningRadar_Royal_Emission.png
  artifactKey: Guid(aaf18a458bfe98343acb9b699ab0f314) Importer(2089858483,d624ce77472d68a35037170ec1d2d27e)
Start importing Assets/AddOns/MgFPS_Enemy_Boss_Skins/Textures/Detection_Module_SpinningRadar_Royal_Emission.png using Guid(aaf18a458bfe98343acb9b699ab0f314) Importer(2089858483,d624ce77472d68a35037170ec1d2d27e) (ScriptedImporter) -> (artifact id: '67667d15df65bef37451b23ed1cdc564') in 0.0171744 seconds
Number of updated asset objects reloaded before import = 0Number of asset objects unloaded after import = 1

========================================================================
Received Import Request.
  Time since last request: 0.000016 seconds.
  path: Assets/AddOns/MgFPS_Enemy_Boss/Textures/Detection_Module_TV_Detection_Albedo.png
  artifactKey: Guid(d32c523c7b1d8d34fb2f7296e7f37b80) Importer(2089858483,d624ce77472d68a35037170ec1d2d27e)
Start importing Assets/AddOns/MgFPS_Enemy_Boss/Textures/Detection_Module_TV_Detection_Albedo.png using Guid(d32c523c7b1d8d34fb2f7296e7f37b80) Importer(2089858483,d624ce77472d68a35037170ec1d2d27e) (ScriptedImporter) -> (artifact id: '46e2dabbd00d66f5c8b5ee5982a046b0') in 0.0166827 seconds
Number of updated asset objects reloaded before import = 0Number of asset objects unloaded after import = 1

========================================================================
Received Import Request.
  Time since last request: 0.000020 seconds.
  path: Assets/AddOns/MgFPS_Enemy_Boss/Textures/Detection_Module_Laser02_AlbedoTransparency.png
  artifactKey: Guid(817a60aaaea1a6c4f9733fba5f42da67) Importer(2089858483,d624ce77472d68a35037170ec1d2d27e)
Start importing Assets/AddOns/MgFPS_Enemy_Boss/Textures/Detection_Module_Laser02_AlbedoTransparency.png using Guid(817a60aaaea1a6c4f9733fba5f42da67) Importer(2089858483,d624ce77472d68a35037170ec1d2d27e) (ScriptedImporter) -> (artifact id: '1d510022c03abf559d18cd03286bfc5a') in 0.0166166 seconds
Number of updated asset objects reloaded before import = 0Number of asset objects unloaded after import = 1

========================================================================
Received Import Request.
  Time since last request: 0.000028 seconds.
  path: Assets/AddOns/MgFPS_Enemy_Boss_Skins/Textures/Detection_Module_SpinningRadar_Royal_Normal.png
  artifactKey: Guid(d2ebdd29ec8b0bd47a41508022af4ead) Importer(2089858483,d624ce77472d68a35037170ec1d2d27e)
Start importing Assets/AddOns/MgFPS_Enemy_Boss_Skins/Textures/Detection_Module_SpinningRadar_Royal_Normal.png using Guid(d2ebdd29ec8b0bd47a41508022af4ead) Importer(2089858483,d624ce77472d68a35037170ec1d2d27e) (ScriptedImporter) -> (artifact id: 'e28b72bf16f901026efe709741febbec') in 0.0179291 seconds
Number of updated asset objects reloaded before import = 0Number of asset objects unloaded after import = 1

========================================================================
Received Import Request.
  Time since last request: 0.000016 seconds.
  path: Assets/AddOns/MgFPS_Enemy_Boss/Materials/Navigation_Module_TwinJet.mat
  artifactKey: Guid(c7973a091e3e036429736d066bf26267) Importer(2089858483,d624ce77472d68a35037170ec1d2d27e)
Start importing Assets/AddOns/MgFPS_Enemy_Boss/Materials/Navigation_Module_TwinJet.mat using Guid(c7973a091e3e036429736d066bf26267) Importer(2089858483,d624ce77472d68a35037170ec1d2d27e) (ScriptedImporter) -> (artifact id: 'b26ce10d37d202633fecec58991eef46') in 0.0916668 seconds
Number of updated asset objects reloaded before import = 0Number of asset objects unloaded after import = 2

========================================================================
Received Import Request.
  Time since last request: 0.000019 seconds.
  path: Assets/AddOns/MgFPS_Fireballer/Fireballer_VFX/VFX_Fireballer.prefab
  artifactKey: Guid(dffeb3bb2670229438301ec367c83471) Importer(2089858483,d624ce77472d68a35037170ec1d2d27e)
Start importing Assets/AddOns/MgFPS_Fireballer/Fireballer_VFX/VFX_Fireballer.prefab using Guid(dffeb3bb2670229438301ec367c83471) Importer(2089858483,d624ce77472d68a35037170ec1d2d27e) (ScriptedImporter) -> (artifact id: '77c6cab90b0bd55c99354d274eb8f845') in 0.0127314 seconds
Number of updated asset objects reloaded before import = 0Number of asset objects unloaded after import = 20

========================================================================
Received Import Request.
  Time since last request: 0.000021 seconds.
  path: Assets/AddOns/MgFPS_Molt/Molt_Animation/Weapon_Molt.controller
  artifactKey: Guid(e54ef79460cd1034697304009eb877d9) Importer(2089858483,d624ce77472d68a35037170ec1d2d27e)
Start importing Assets/AddOns/MgFPS_Molt/Molt_Animation/Weapon_Molt.controller using Guid(e54ef79460cd1034697304009eb877d9) Importer(2089858483,d624ce77472d68a35037170ec1d2d27e) (ScriptedImporter) -> (artifact id: '67f9609217c312df172d2f91da54d0e0') in 0.0140215 seconds
Number of updated asset objects reloaded before import = 0Number of asset objects unloaded after import = 7

========================================================================
Received Import Request.
  Time since last request: 0.000015 seconds.
  path: Assets/AddOns/MgFPS_PlasmaRain/PlasmaRainMeshAndTextures/Weapon_PlasmaRain.fbx
  artifactKey: Guid(6bf5012e15ae2484fbb163e0908761e8) Importer(2089858483,d624ce77472d68a35037170ec1d2d27e)
Start importing Assets/AddOns/MgFPS_PlasmaRain/PlasmaRainMeshAndTextures/Weapon_PlasmaRain.fbx using Guid(6bf5012e15ae2484fbb163e0908761e8) Importer(2089858483,d624ce77472d68a35037170ec1d2d27e) (ScriptedImporter) -> (artifact id: 'e0394444848c5fd2577a3aaf0f4ab6de') in 0.0231862 seconds
Number of updated asset objects reloaded before import = 0Number of asset objects unloaded after import = 40

========================================================================
Received Import Request.
  Time since last request: 0.000015 seconds.
  path: Assets/AddOns/MgFPS_PlasmaRain/PlasmaRainMeshAndTextures/PlasmaRain_Emission.png
  artifactKey: Guid(f29ea2941a0a1f54aa23168ad54b49ce) Importer(2089858483,d624ce77472d68a35037170ec1d2d27e)
Start importing Assets/AddOns/MgFPS_PlasmaRain/PlasmaRainMeshAndTextures/PlasmaRain_Emission.png using Guid(f29ea2941a0a1f54aa23168ad54b49ce) Importer(2089858483,d624ce77472d68a35037170ec1d2d27e) (ScriptedImporter) -> (artifact id: 'c5f39bc1c0492cdb76ce2869c816e20c') in 0.0165359 seconds
Number of updated asset objects reloaded before import = 0Number of asset objects unloaded after import = 1

========================================================================
Received Import Request.
  Time since last request: 0.000023 seconds.
  path: Assets/AddOns/MgFPS_Fireballer/Fireballer_VFX/VFX_MuzzleFlashOrange.prefab
  artifactKey: Guid(7d68a310567b0ab41b0f0ba94f4ae677) Importer(2089858483,d624ce77472d68a35037170ec1d2d27e)
Start importing Assets/AddOns/MgFPS_Fireballer/Fireballer_VFX/VFX_MuzzleFlashOrange.prefab using Guid(7d68a310567b0ab41b0f0ba94f4ae677) Importer(2089858483,d624ce77472d68a35037170ec1d2d27e) (ScriptedImporter) -> (artifact id: 'b3b5183481bd8d5edf443c2ae3cae9eb') in 0.0305557 seconds
Number of updated asset objects reloaded before import = 0Number of asset objects unloaded after import = 6

========================================================================
Received Import Request.
  Time since last request: 0.000020 seconds.
  path: Assets/AddOns/MgFPS_PlasmaRain/PlasmaRainMeshAndTextures/PlasmaRain_AlbedoTransparency.png
  artifactKey: Guid(e10222f26d5ebc8408e5973b4506053b) Importer(2089858483,d624ce77472d68a35037170ec1d2d27e)
Start importing Assets/AddOns/MgFPS_PlasmaRain/PlasmaRainMeshAndTextures/PlasmaRain_AlbedoTransparency.png using Guid(e10222f26d5ebc8408e5973b4506053b) Importer(2089858483,d624ce77472d68a35037170ec1d2d27e) (ScriptedImporter) -> (artifact id: '4088f1084358acd8150f25c122467759') in 0.0176348 seconds
Number of updated asset objects reloaded before import = 0Number of asset objects unloaded after import = 1

========================================================================
Received Import Request.
  Time since last request: 0.000020 seconds.
  path: Assets/AddOns/MgFPS_Fireballer/Fireballer_VFX/VFX_Fireballer_ImpactSmoke.prefab
  artifactKey: Guid(26b29734bf3bebe4fb390f7cb3db7530) Importer(2089858483,d624ce77472d68a35037170ec1d2d27e)
Start importing Assets/AddOns/MgFPS_Fireballer/Fireballer_VFX/VFX_Fireballer_ImpactSmoke.prefab using Guid(26b29734bf3bebe4fb390f7cb3db7530) Importer(2089858483,d624ce77472d68a35037170ec1d2d27e) (ScriptedImporter) -> (artifact id: '0e1fa8c6edb9cf3f6a0c07192c14a4e9') in 0.0132368 seconds
Number of updated asset objects reloaded before import = 0Number of asset objects unloaded after import = 8

========================================================================
Received Import Request.
  Time since last request: 0.000016 seconds.
  path: Assets/AddOns/MgFPS_Enemy_Boss_Skins/Textures/Weapon_Module_RocketLauncher_Royal_AlbedoTransparency.png
  artifactKey: Guid(149f6611e41bb5b41b475904f2079bfa) Importer(2089858483,d624ce77472d68a35037170ec1d2d27e)
Start importing Assets/AddOns/MgFPS_Enemy_Boss_Skins/Textures/Weapon_Module_RocketLauncher_Royal_AlbedoTransparency.png using Guid(149f6611e41bb5b41b475904f2079bfa) Importer(2089858483,d624ce77472d68a35037170ec1d2d27e) (ScriptedImporter) -> (artifact id: '3e3c35f084079e4e3ce0727b890bbb3d') in 0.0162562 seconds
Number of updated asset objects reloaded before import = 0Number of asset objects unloaded after import = 1

========================================================================
Received Import Request.
  Time since last request: 0.000020 seconds.
  path: Assets/AddOns/MgFPS_Enemy_Boss_Skins/Textures/Weapon_Module_Railgun_Royal_Normal.png
  artifactKey: Guid(a6f023e39a6e7794bb245676e432626d) Importer(2089858483,d624ce77472d68a35037170ec1d2d27e)
Start importing Assets/AddOns/MgFPS_Enemy_Boss_Skins/Textures/Weapon_Module_Railgun_Royal_Normal.png using Guid(a6f023e39a6e7794bb245676e432626d) Importer(2089858483,d624ce77472d68a35037170ec1d2d27e) (ScriptedImporter) -> (artifact id: 'efadde28fe0e2b2f2f09f0a97a4aab55') in 0.016834 seconds
Number of updated asset objects reloaded before import = 0Number of asset objects unloaded after import = 1

========================================================================
Received Import Request.
  Time since last request: 0.000019 seconds.
  path: Assets/AddOns/MgFPS_PlasmaRain/PlasmaRainMeshAndTextures/PlasmaRain_Emission_2.png
  artifactKey: Guid(678f8735564ca9d469c71a9c6577e92a) Importer(2089858483,d624ce77472d68a35037170ec1d2d27e)
Start importing Assets/AddOns/MgFPS_PlasmaRain/PlasmaRainMeshAndTextures/PlasmaRain_Emission_2.png using Guid(678f8735564ca9d469c71a9c6577e92a) Importer(2089858483,d624ce77472d68a35037170ec1d2d27e) (ScriptedImporter) -> (artifact id: '07fc3df99112bb996aa41f7a74dfe391') in 0.0165902 seconds
Number of updated asset objects reloaded before import = 0Number of asset objects unloaded after import = 1

========================================================================
Received Import Request.
  Time since last request: 0.000017 seconds.
  path: Assets/AddOns/MgFPS_PlasmaRain/PlasmaRainMeshAndTextures/PlasmaRain_Material_TransparentCanister.mat
  artifactKey: Guid(291e68244080dc748a95e33cf6ab8a76) Importer(2089858483,d624ce77472d68a35037170ec1d2d27e)
Start importing Assets/AddOns/MgFPS_PlasmaRain/PlasmaRainMeshAndTextures/PlasmaRain_Material_TransparentCanister.mat using Guid(291e68244080dc748a95e33cf6ab8a76) Importer(2089858483,d624ce77472d68a35037170ec1d2d27e) (ScriptedImporter) -> (artifact id: '181e88f9e2c69645405be6eb23911026') in 0.0256274 seconds
Number of updated asset objects reloaded before import = 0Number of asset objects unloaded after import = 6

========================================================================
Received Import Request.
  Time since last request: 0.000016 seconds.
  path: Assets/AddOns/Mg_Scifi_Music/Mixers&Tracks/AnalogBells.ogg
  artifactKey: Guid(c3f2a3aeacdcdb643ba5fb376475caf8) Importer(2089858483,d624ce77472d68a35037170ec1d2d27e)
Start importing Assets/AddOns/Mg_Scifi_Music/Mixers&Tracks/AnalogBells.ogg using Guid(c3f2a3aeacdcdb643ba5fb376475caf8) Importer(2089858483,d624ce77472d68a35037170ec1d2d27e) (ScriptedImporter) -> (artifact id: 'fb6f625f671baf7a217584c99f96b132') in 0.0710551 seconds
Number of updated asset objects reloaded before import = 0Number of asset objects unloaded after import = 1

========================================================================
Received Import Request.
  Time since last request: 0.000022 seconds.
  path: Assets/AddOns/MgFPS_RemixSFX/Pickups/FPSRmx_Pickups_Health.wav
  artifactKey: Guid(30006f020c56e95499558fbb56963114) Importer(2089858483,d624ce77472d68a35037170ec1d2d27e)
Start importing Assets/AddOns/MgFPS_RemixSFX/Pickups/FPSRmx_Pickups_Health.wav using Guid(30006f020c56e95499558fbb56963114) Importer(2089858483,d624ce77472d68a35037170ec1d2d27e) (ScriptedImporter) -> (artifact id: 'c4d63ae79f2eae0bec375f2cbd0cc71f') in 0.0239572 seconds
Number of updated asset objects reloaded before import = 0Number of asset objects unloaded after import = 1

========================================================================
Received Import Request.
  Time since last request: 0.000029 seconds.
  path: Assets/AddOns/MgFPS_RemixSFX/Music/FPSRmx_Ambience_Wind.wav
  artifactKey: Guid(7aa9a536396cff2459f7d56130c48925) Importer(2089858483,d624ce77472d68a35037170ec1d2d27e)
Start importing Assets/AddOns/MgFPS_RemixSFX/Music/FPSRmx_Ambience_Wind.wav using Guid(7aa9a536396cff2459f7d56130c48925) Importer(2089858483,d624ce77472d68a35037170ec1d2d27e) (ScriptedImporter) -> (artifact id: 'cd1f3688345fb133f47bcc06a572d36a') in 0.1803669 seconds
Number of updated asset objects reloaded before import = 0Number of asset objects unloaded after import = 1

========================================================================
Received Import Request.
  Time since last request: 0.000020 seconds.
  path: Assets/AddOns/MgFPS_Thunderlight/Thunderlight_VFX/Thunderlight_BlobSparks.prefab
  artifactKey: Guid(81aa945dcafaa414a994715de3260ae9) Importer(2089858483,d624ce77472d68a35037170ec1d2d27e)
Start importing Assets/AddOns/MgFPS_Thunderlight/Thunderlight_VFX/Thunderlight_BlobSparks.prefab using Guid(81aa945dcafaa414a994715de3260ae9) Importer(2089858483,d624ce77472d68a35037170ec1d2d27e) (ScriptedImporter) -> (artifact id: '4012f358274739196a23dc6bbfdfef7e') in 0.0257104 seconds
Number of updated asset objects reloaded before import = 0Number of asset objects unloaded after import = 6

========================================================================
Received Import Request.
  Time since last request: 0.000030 seconds.
  path: Assets/AddOns/MgFPS_RemixSFX/Player/FPSRmx_Land_Damage.wav
  artifactKey: Guid(258d592f52300854c88bc3b3b2f5bdfb) Importer(2089858483,d624ce77472d68a35037170ec1d2d27e)
Start importing Assets/AddOns/MgFPS_RemixSFX/Player/FPSRmx_Land_Damage.wav using Guid(258d592f52300854c88bc3b3b2f5bdfb) Importer(2089858483,d624ce77472d68a35037170ec1d2d27e) (ScriptedImporter) -> (artifact id: '3f703888a209292d351bad5ed21c6237') in 0.0242575 seconds
Number of updated asset objects reloaded before import = 0Number of asset objects unloaded after import = 1

========================================================================
Received Import Request.
  Time since last request: 0.000016 seconds.
  path: Assets/AddOns/MgFPS_SniperRifle/SniperRifle_MeshesAndTextures/Crosshair_SniperRifle_02.png
  artifactKey: Guid(7ed7349a85eb4404fbbe8ec2e8a11c2d) Importer(2089858483,d624ce77472d68a35037170ec1d2d27e)
Start importing Assets/AddOns/MgFPS_SniperRifle/SniperRifle_MeshesAndTextures/Crosshair_SniperRifle_02.png using Guid(7ed7349a85eb4404fbbe8ec2e8a11c2d) Importer(2089858483,d624ce77472d68a35037170ec1d2d27e) (ScriptedImporter) -> (artifact id: 'a8da6ff583719ef37fd8e99f7774c0bd') in 0.0151972 seconds
Number of updated asset objects reloaded before import = 0Number of asset objects unloaded after import = 3

========================================================================
Received Import Request.
  Time since last request: 0.000018 seconds.
  path: Assets/AddOns/MgFPS_RemixSFX/Pickups/FPSRmx_Pickups_Weapon_Small.wav
  artifactKey: Guid(4157b3dff9c013d47a086d0f3d573aa7) Importer(2089858483,d624ce77472d68a35037170ec1d2d27e)
Start importing Assets/AddOns/MgFPS_RemixSFX/Pickups/FPSRmx_Pickups_Weapon_Small.wav using Guid(4157b3dff9c013d47a086d0f3d573aa7) Importer(2089858483,d624ce77472d68a35037170ec1d2d27e) (ScriptedImporter) -> (artifact id: 'e742125015eb04eb1fcfae2bb1afd587') in 0.0220887 seconds
Number of updated asset objects reloaded before import = 0Number of asset objects unloaded after import = 1

========================================================================
Received Import Request.
  Time since last request: 0.000017 seconds.
  path: Assets/AddOns/MgFPS_Vaporizer/Vaporizer_VFX/Vaporizer_GunCylinder.prefab
  artifactKey: Guid(4d1868953ab920e4b9010c3d5aeeb221) Importer(2089858483,d624ce77472d68a35037170ec1d2d27e)
Start importing Assets/AddOns/MgFPS_Vaporizer/Vaporizer_VFX/Vaporizer_GunCylinder.prefab using Guid(4d1868953ab920e4b9010c3d5aeeb221) Importer(2089858483,d624ce77472d68a35037170ec1d2d27e) (ScriptedImporter) -> (artifact id: '66beb74129a410a7c41c5a775ecbeaca') in 0.0263159 seconds
Number of updated asset objects reloaded before import = 0Number of asset objects unloaded after import = 6

========================================================================
Received Import Request.
  Time since last request: 0.000023 seconds.
  path: Assets/CodeMonkey/KeyDoorSystem/Animations/DoorLockClose.anim
  artifactKey: Guid(947dbd304df536041a32f73a2879a5b9) Importer(2089858483,d624ce77472d68a35037170ec1d2d27e)
Start importing Assets/CodeMonkey/KeyDoorSystem/Animations/DoorLockClose.anim using Guid(947dbd304df536041a32f73a2879a5b9) Importer(2089858483,d624ce77472d68a35037170ec1d2d27e) (ScriptedImporter) -> (artifact id: '9a0cf5dc8b8dfa2a909071a8dbdc0b78') in 0.0181165 seconds
Number of updated asset objects reloaded before import = 0Number of asset objects unloaded after import = 1

========================================================================
Received Import Request.
  Time since last request: 0.000016 seconds.
  path: Assets/AddOns/Mg_Scifi_Music/Mixers&Tracks/KickDrumOnly.ogg
  artifactKey: Guid(d1a11dc1d26438e4eaa9efdefab49adc) Importer(2089858483,d624ce77472d68a35037170ec1d2d27e)
Start importing Assets/AddOns/Mg_Scifi_Music/Mixers&Tracks/KickDrumOnly.ogg using Guid(d1a11dc1d26438e4eaa9efdefab49adc) Importer(2089858483,d624ce77472d68a35037170ec1d2d27e) (ScriptedImporter) -> (artifact id: 'f407e2fac054d2462ed00409f2614a01') in 0.067871 seconds
Number of updated asset objects reloaded before import = 0Number of asset objects unloaded after import = 1

========================================================================
Received Import Request.
  Time since last request: 0.000020 seconds.
  path: Assets/AddOns/Mg_Scifi_Music/Mixers&Tracks/ClosedHatsOnly.ogg
  artifactKey: Guid(318f4269635b86149b93cdd1b2cc12a3) Importer(2089858483,d624ce77472d68a35037170ec1d2d27e)
Start importing Assets/AddOns/Mg_Scifi_Music/Mixers&Tracks/ClosedHatsOnly.ogg using Guid(318f4269635b86149b93cdd1b2cc12a3) Importer(2089858483,d624ce77472d68a35037170ec1d2d27e) (ScriptedImporter) -> (artifact id: 'd9a465a4a590c940d5612d76931ceebf') in 0.0764887 seconds
Number of updated asset objects reloaded before import = 0Number of asset objects unloaded after import = 1

========================================================================
Received Import Request.
  Time since last request: 0.000026 seconds.
  path: Assets/AddOns/Mg_Scifi_Music/Mixers&Tracks/MS20LeadA.ogg
  artifactKey: Guid(51aa3b0d91209e646a4a818ffec501aa) Importer(2089858483,d624ce77472d68a35037170ec1d2d27e)
Start importing Assets/AddOns/Mg_Scifi_Music/Mixers&Tracks/MS20LeadA.ogg using Guid(51aa3b0d91209e646a4a818ffec501aa) Importer(2089858483,d624ce77472d68a35037170ec1d2d27e) (ScriptedImporter) -> (artifact id: '906b2e8a35c59f143488b8acce49ab37') in 0.0730187 seconds
Number of updated asset objects reloaded before import = 0Number of asset objects unloaded after import = 1

========================================================================
Received Import Request.
  Time since last request: 0.000014 seconds.
  path: Assets/AddOns/Mg_Scifi_Music/Mixers&Tracks/FloatySpaceChords.ogg
  artifactKey: Guid(2035a0f71e8583846b47644de847edfe) Importer(2089858483,d624ce77472d68a35037170ec1d2d27e)
Start importing Assets/AddOns/Mg_Scifi_Music/Mixers&Tracks/FloatySpaceChords.ogg using Guid(2035a0f71e8583846b47644de847edfe) Importer(2089858483,d624ce77472d68a35037170ec1d2d27e) (ScriptedImporter) -> (artifact id: '9bfb3318642d9aabe5e22f85b96f97ee') in 0.0654947 seconds
Number of updated asset objects reloaded before import = 0Number of asset objects unloaded after import = 1

========================================================================
Received Import Request.
  Time since last request: 0.000020 seconds.
  path: Assets/CodeMonkey/KeyDoorSystem/Scripts/DoorKeyHolder.cs
  artifactKey: Guid(37ddb3c7948698b419030192faaba1dd) Importer(2089858483,d624ce77472d68a35037170ec1d2d27e)
Start importing Assets/CodeMonkey/KeyDoorSystem/Scripts/DoorKeyHolder.cs using Guid(37ddb3c7948698b419030192faaba1dd) Importer(2089858483,d624ce77472d68a35037170ec1d2d27e) (ScriptedImporter) -> (artifact id: '66fa694116277e2703ea85f39f620ef4') in 0.0126818 seconds
Number of updated asset objects reloaded before import = 0Number of asset objects unloaded after import = 0

========================================================================
Received Import Request.
  Time since last request: 0.000028 seconds.
  path: Assets/CodeMonkey/KeyDoorSystem/Objects/DoorKeyUI.prefab
  artifactKey: Guid(6971116e2dd12e848a33b6663e8ae71d) Importer(2089858483,d624ce77472d68a35037170ec1d2d27e)
Start importing Assets/CodeMonkey/KeyDoorSystem/Objects/DoorKeyUI.prefab using Guid(6971116e2dd12e848a33b6663e8ae71d) Importer(2089858483,d624ce77472d68a35037170ec1d2d27e) (ScriptedImporter) -> (artifact id: 'e5201e8d4cd59dbcbfa970621eadc8cd') in 0.0218717 seconds
Number of updated asset objects reloaded before import = 0Number of asset objects unloaded after import = 24

========================================================================
Received Import Request.
  Time since last request: 0.000019 seconds.
  path: Assets/AddOns/Mg_Scifi_Music/Mixes/SFMix_AllTracks.ogg
  artifactKey: Guid(dfd3574752c332246b1307e548a740f2) Importer(2089858483,d624ce77472d68a35037170ec1d2d27e)
Start importing Assets/AddOns/Mg_Scifi_Music/Mixes/SFMix_AllTracks.ogg using Guid(dfd3574752c332246b1307e548a740f2) Importer(2089858483,d624ce77472d68a35037170ec1d2d27e) (ScriptedImporter) -> (artifact id: '46375a352a5cd380d52161c713b9af13') in 0.6345833 seconds
Number of updated asset objects reloaded before import = 0Number of asset objects unloaded after import = 1

========================================================================
Received Import Request.
  Time since last request: 0.000021 seconds.
  path: Assets/CodeMonkey/KeyDoorSystem/Objects/DoorSingleSide.prefab
  artifactKey: Guid(064259b0d2b7a394fb15f88197f3e02a) Importer(2089858483,d624ce77472d68a35037170ec1d2d27e)
Start importing Assets/CodeMonkey/KeyDoorSystem/Objects/DoorSingleSide.prefab using Guid(064259b0d2b7a394fb15f88197f3e02a) Importer(2089858483,d624ce77472d68a35037170ec1d2d27e) (ScriptedImporter) -> (artifact id: '2e794a9dfd802741d8386dc53733fce4') in 0.0147232 seconds
Number of updated asset objects reloaded before import = 0Number of asset objects unloaded after import = 9

========================================================================
Received Import Request.
  Time since last request: 0.000028 seconds.
  path: Assets/AddOns/Mg_Scifi_Music/Mixers&Tracks/DrumBus.ogg
  artifactKey: Guid(e14b835d37eb77041923db77de72f0fa) Importer(2089858483,d624ce77472d68a35037170ec1d2d27e)
Start importing Assets/AddOns/Mg_Scifi_Music/Mixers&Tracks/DrumBus.ogg using Guid(e14b835d37eb77041923db77de72f0fa) Importer(2089858483,d624ce77472d68a35037170ec1d2d27e) (ScriptedImporter) -> (artifact id: 'eeb5cdd7b0413f0c9332c6602fb877a1') in 0.068076 seconds
Number of updated asset objects reloaded before import = 0Number of asset objects unloaded after import = 1

========================================================================
Received Import Request.
  Time since last request: 0.000020 seconds.
  path: Assets/AddOns/Mg_Scifi_Music/Mixers&Tracks/SecondaryMelodies.ogg
  artifactKey: Guid(286938ccbcd9349489c403bc6d7d645d) Importer(2089858483,d624ce77472d68a35037170ec1d2d27e)
Start importing Assets/AddOns/Mg_Scifi_Music/Mixers&Tracks/SecondaryMelodies.ogg using Guid(286938ccbcd9349489c403bc6d7d645d) Importer(2089858483,d624ce77472d68a35037170ec1d2d27e) (ScriptedImporter) -> (artifact id: '2745a45676fccef527af927c4e2d9337') in 0.0706524 seconds
Number of updated asset objects reloaded before import = 0Number of asset objects unloaded after import = 1

========================================================================
Received Import Request.
  Time since last request: 0.000021 seconds.
  path: Assets/AddOns/MgFPS_Haku/Haku_SFX/Haku_ReloadPart1.ogg
  artifactKey: Guid(140aa6982df675a41bffda8fcc017f04) Importer(2089858483,d624ce77472d68a35037170ec1d2d27e)
Start importing Assets/AddOns/MgFPS_Haku/Haku_SFX/Haku_ReloadPart1.ogg using Guid(140aa6982df675a41bffda8fcc017f04) Importer(2089858483,d624ce77472d68a35037170ec1d2d27e) (ScriptedImporter) -> (artifact id: '34aa5274c567fd2da2270394cd816dee') in 0.0337194 seconds
Number of updated asset objects reloaded before import = 0Number of asset objects unloaded after import = 1

========================================================================
Received Import Request.
  Time since last request: 0.000026 seconds.
  path: Assets/AddOns/MgFPS_Enemy_Boss/Materials/Detection_Module_Searchlight.mat
  artifactKey: Guid(b4fc62a14801166418f5851353b4d907) Importer(2089858483,d624ce77472d68a35037170ec1d2d27e)
Start importing Assets/AddOns/MgFPS_Enemy_Boss/Materials/Detection_Module_Searchlight.mat using Guid(b4fc62a14801166418f5851353b4d907) Importer(2089858483,d624ce77472d68a35037170ec1d2d27e) (ScriptedImporter) -> (artifact id: '2582f7522ab3486580a4302068fe10a2') in 0.018557 seconds
Number of updated asset objects reloaded before import = 0Number of asset objects unloaded after import = 2

========================================================================
Received Import Request.
  Time since last request: 0.000022 seconds.
  path: Assets/AddOns/MgFPS_Fireballer/Fireballer_ReadMe.txt
  artifactKey: Guid(54b8552a0b818d4479a7baf0542d49ba) Importer(2089858483,d624ce77472d68a35037170ec1d2d27e)
Start importing Assets/AddOns/MgFPS_Fireballer/Fireballer_ReadMe.txt using Guid(54b8552a0b818d4479a7baf0542d49ba) Importer(2089858483,d624ce77472d68a35037170ec1d2d27e) (ScriptedImporter) -> (artifact id: 'b7c178e17921e98a58b690a1947512cd') in 0.0150579 seconds
Number of updated asset objects reloaded before import = 0Number of asset objects unloaded after import = 1

========================================================================
Received Import Request.
  Time since last request: 0.384150 seconds.
  path: Assets/CodeMonkey/KeyDoorSystem/Textures/DoorLockTumblerUV.psd
  artifactKey: Guid(501ec583f1c23be45b84e797af8c600d) Importer(2089858483,d624ce77472d68a35037170ec1d2d27e)
Start importing Assets/CodeMonkey/KeyDoorSystem/Textures/DoorLockTumblerUV.psd using Guid(501ec583f1c23be45b84e797af8c600d) Importer(2089858483,d624ce77472d68a35037170ec1d2d27e) (ScriptedImporter) -> (artifact id: '07d5552c30dd6aaa7b885c501352142c') in 0.02599 seconds
Number of updated asset objects reloaded before import = 0Number of asset objects unloaded after import = 1

========================================================================
Received Import Request.
  Time since last request: 0.000018 seconds.
  path: Assets/FPS/Animation/Turret/Turret@Idle.fbx
  artifactKey: Guid(a1467423825391d4d80d3a58af08b09d) Importer(2089858483,d624ce77472d68a35037170ec1d2d27e)
Start importing Assets/FPS/Animation/Turret/Turret@Idle.fbx using Guid(a1467423825391d4d80d3a58af08b09d) Importer(2089858483,d624ce77472d68a35037170ec1d2d27e) (ScriptedImporter) -> (artifact id: '2395121f53bee6ec2ee92e7c4fd7a2f7') in 0.0158589 seconds
Number of updated asset objects reloaded before import = 0Number of asset objects unloaded after import = 20

========================================================================
Received Import Request.
  Time since last request: 0.000032 seconds.
  path: Assets/FPS/Art/Models/Mesh_ExplosionDisk.fbx
  artifactKey: Guid(0b19a2ad6ee6e8444919efa02deb1db2) Importer(2089858483,d624ce77472d68a35037170ec1d2d27e)
Start importing Assets/FPS/Art/Models/Mesh_ExplosionDisk.fbx using Guid(0b19a2ad6ee6e8444919efa02deb1db2) Importer(2089858483,d624ce77472d68a35037170ec1d2d27e) (ScriptedImporter) -> (artifact id: 'ca580da5cf4503c5fbe0ef3586205883') in 0.0266013 seconds
Number of updated asset objects reloaded before import = 0Number of asset objects unloaded after import = 7

========================================================================
Received Import Request.
  Time since last request: 0.000016 seconds.
  path: Assets/FPS/Prefabs/RootObjects/Ramp_3m.mtl
  artifactKey: Guid(f70dbcb89315b4045985f554086d23a5) Importer(2089858483,d624ce77472d68a35037170ec1d2d27e)
Start importing Assets/FPS/Prefabs/RootObjects/Ramp_3m.mtl using Guid(f70dbcb89315b4045985f554086d23a5) Importer(2089858483,d624ce77472d68a35037170ec1d2d27e) (ScriptedImporter) -> (artifact id: 'd6611bd4082d6d27d3312dfa9451afd5') in 0.02375 seconds
Number of updated asset objects reloaded before import = 0Number of asset objects unloaded after import = 1

========================================================================
Received Import Request.
  Time since last request: 0.000016 seconds.
  path: Assets/FPS/Prefabs/UI/CompassMarkerObjective.prefab
  artifactKey: Guid(17f7957746eb62b4fa1ebe22ad280c34) Importer(2089858483,d624ce77472d68a35037170ec1d2d27e)
Start importing Assets/FPS/Prefabs/UI/CompassMarkerObjective.prefab using Guid(17f7957746eb62b4fa1ebe22ad280c34) Importer(2089858483,d624ce77472d68a35037170ec1d2d27e) (ScriptedImporter) -> (artifact id: '84f49113807bc6a954ffad707add6a6a') in 0.035247 seconds
Number of updated asset objects reloaded before import = 0Number of asset objects unloaded after import = 9

========================================================================
Received Import Request.
  Time since last request: 0.000019 seconds.
  path: Assets/FPS/Prefabs/RootObjects/Ramp_4m.mtl
  artifactKey: Guid(9b6d41b2b08792245a06ac9160949a45) Importer(2089858483,d624ce77472d68a35037170ec1d2d27e)
Start importing Assets/FPS/Prefabs/RootObjects/Ramp_4m.mtl using Guid(9b6d41b2b08792245a06ac9160949a45) Importer(2089858483,d624ce77472d68a35037170ec1d2d27e) (ScriptedImporter) -> (artifact id: '17a8a014661a80b974641dc8d61c52f8') in 0.0202921 seconds
Number of updated asset objects reloaded before import = 0Number of asset objects unloaded after import = 1

========================================================================
Received Import Request.
  Time since last request: 0.000024 seconds.
  path: Assets/FPS/Art/Models/Mesh_Jetpack.fbx
  artifactKey: Guid(8a8f77597c6be5e429a0dde1309ab87d) Importer(2089858483,d624ce77472d68a35037170ec1d2d27e)
Start importing Assets/FPS/Art/Models/Mesh_Jetpack.fbx using Guid(8a8f77597c6be5e429a0dde1309ab87d) Importer(2089858483,d624ce77472d68a35037170ec1d2d27e) (ScriptedImporter) -> (artifact id: 'b044530faefeed3e0468b30b1801417d') in 0.0477006 seconds
Number of updated asset objects reloaded before import = 0Number of asset objects unloaded after import = 7

========================================================================
Received Import Request.
  Time since last request: 0.000017 seconds.
  path: Assets/FPS/Animation/Controllers/HoverBot_AnimationController.controller
  artifactKey: Guid(e029e430e913b374387843833ab0b593) Importer(2089858483,d624ce77472d68a35037170ec1d2d27e)
Start importing Assets/FPS/Animation/Controllers/HoverBot_AnimationController.controller using Guid(e029e430e913b374387843833ab0b593) Importer(2089858483,d624ce77472d68a35037170ec1d2d27e) (ScriptedImporter) -> (artifact id: 'be79aa8bf9b36929e464fa6b94a053d1') in 0.0386439 seconds
Number of updated asset objects reloaded before import = 0Number of asset objects unloaded after import = 41

========================================================================
Received Import Request.
  Time since last request: 0.000016 seconds.
  path: Assets/FPS/Prefabs/RootObjects/OBJBasic_Floor.obj
  artifactKey: Guid(b509642794356c148aba47d93d0e517f) Importer(2089858483,d624ce77472d68a35037170ec1d2d27e)
Start importing Assets/FPS/Prefabs/RootObjects/OBJBasic_Floor.obj using Guid(b509642794356c148aba47d93d0e517f) Importer(2089858483,d624ce77472d68a35037170ec1d2d27e) (ScriptedImporter) -> (artifact id: 'ff5b48e2609761d6ea62d911e56ca543') in 0.0167775 seconds
Number of updated asset objects reloaded before import = 0Number of asset objects unloaded after import = 10

========================================================================
Received Import Request.
  Time since last request: 0.000024 seconds.
  path: Assets/FPS/Art/Materials/TrailDeath.mat
  artifactKey: Guid(a74eef6270cec6b4c9dfed0e7aa93cf6) Importer(2089858483,d624ce77472d68a35037170ec1d2d27e)
Start importing Assets/FPS/Art/Materials/TrailDeath.mat using Guid(a74eef6270cec6b4c9dfed0e7aa93cf6) Importer(2089858483,d624ce77472d68a35037170ec1d2d27e) (ScriptedImporter) -> (artifact id: '4a09b25cdfa2a70f4db0c3f8e2359e67') in 0.0156734 seconds
Number of updated asset objects reloaded before import = 0Number of asset objects unloaded after import = 1

========================================================================
Received Import Request.
  Time since last request: 0.000015 seconds.
  path: Assets/FPS/Scripts/Game/MinMaxParameters.cs
  artifactKey: Guid(9861723f7fe90784fa94a969e322fcd2) Importer(2089858483,d624ce77472d68a35037170ec1d2d27e)
Start importing Assets/FPS/Scripts/Game/MinMaxParameters.cs using Guid(9861723f7fe90784fa94a969e322fcd2) Importer(2089858483,d624ce77472d68a35037170ec1d2d27e) (ScriptedImporter) -> (artifact id: '0f8f1af96d9fdab4bded00a3f1b1cb7b') in 0.0233496 seconds
Number of updated asset objects reloaded before import = 0Number of asset objects unloaded after import = 0

========================================================================
Received Import Request.
  Time since last request: 0.000018 seconds.
  path: Assets/FPS/Prefabs/UI/ObjectiveToastSecondary.prefab
  artifactKey: Guid(418abff609b9b754ba25e34faf58edf4) Importer(2089858483,d624ce77472d68a35037170ec1d2d27e)
Start importing Assets/FPS/Prefabs/UI/ObjectiveToastSecondary.prefab using Guid(418abff609b9b754ba25e34faf58edf4) Importer(2089858483,d624ce77472d68a35037170ec1d2d27e) (ScriptedImporter) -> (artifact id: '155387e3b5b14fb950ae4d44fefce6bf') in 0.032902 seconds
Number of updated asset objects reloaded before import = 0Number of asset objects unloaded after import = 42

========================================================================
Received Import Request.
  Time since last request: 0.000018 seconds.
  path: Assets/FPS/Prefabs/VFX/VFX_AngrySteamTurret.prefab
  artifactKey: Guid(80a1c11596afc5b4e99fcd0cc136f3ed) Importer(2089858483,d624ce77472d68a35037170ec1d2d27e)
Start importing Assets/FPS/Prefabs/VFX/VFX_AngrySteamTurret.prefab using Guid(80a1c11596afc5b4e99fcd0cc136f3ed) Importer(2089858483,d624ce77472d68a35037170ec1d2d27e) (ScriptedImporter) -> (artifact id: '13a53c6e5af50dfc0487fdb31053acba') in 0.0369296 seconds
Number of updated asset objects reloaded before import = 0Number of asset objects unloaded after import = 6

========================================================================
Received Import Request.
  Time since last request: 0.000023 seconds.
  path: Assets/FPS/Scripts/Game/DebugUtility.cs
  artifactKey: Guid(47c7fd761b0457944805cf20ac23649d) Importer(2089858483,d624ce77472d68a35037170ec1d2d27e)
Start importing Assets/FPS/Scripts/Game/DebugUtility.cs using Guid(47c7fd761b0457944805cf20ac23649d) Importer(2089858483,d624ce77472d68a35037170ec1d2d27e) (ScriptedImporter) -> (artifact id: '6d226620bbba24974a2fdb0811b47e03') in 0.0216333 seconds
Number of updated asset objects reloaded before import = 0Number of asset objects unloaded after import = 0

========================================================================
Received Import Request.
  Time since last request: 0.000011 seconds.
  path: Assets/FPS/Scripts/Gameplay/AmmoPickup.cs
  artifactKey: Guid(4bb683ec2991b784fa1d1fea214ca53b) Importer(2089858483,d624ce77472d68a35037170ec1d2d27e)
Start importing Assets/FPS/Scripts/Gameplay/AmmoPickup.cs using Guid(4bb683ec2991b784fa1d1fea214ca53b) Importer(2089858483,d624ce77472d68a35037170ec1d2d27e) (ScriptedImporter) -> (artifact id: '5b111fc472a324fbd7a890f7c3731f2b') in 0.6971935 seconds
Number of updated asset objects reloaded before import = 0Number of asset objects unloaded after import = 0

========================================================================
Received Import Request.
  Time since last request: 0.000019 seconds.
  path: Assets/FPS/Scripts/UI/TakeScreenshot.cs
  artifactKey: Guid(91538b0281dc4aa4fbe5784a7e562751) Importer(2089858483,d624ce77472d68a35037170ec1d2d27e)
Start importing Assets/FPS/Scripts/UI/TakeScreenshot.cs using Guid(91538b0281dc4aa4fbe5784a7e562751) Importer(2089858483,d624ce77472d68a35037170ec1d2d27e) (ScriptedImporter) -> (artifact id: '8b69486cd3457d045ae333fdafc8e125') in 0.0129538 seconds
Number of updated asset objects reloaded before import = 0Number of asset objects unloaded after import = 0

========================================================================
Received Import Request.
  Time since last request: 0.000026 seconds.
  path: Assets/FPS/Tutorials/AddARoom/071-Select-Object.asset
  artifactKey: Guid(0a6c7076c7acf404bb939f4e7e80d646) Importer(2089858483,d624ce77472d68a35037170ec1d2d27e)
Start importing Assets/FPS/Tutorials/AddARoom/071-Select-Object.asset using Guid(0a6c7076c7acf404bb939f4e7e80d646) Importer(2089858483,d624ce77472d68a35037170ec1d2d27e) (ScriptedImporter) -> (artifact id: 'b2e2efc0d6fc6b270a64510a8b354718') in 0.0161848 seconds
Number of updated asset objects reloaded before import = 0Number of asset objects unloaded after import = 4

========================================================================
Received Import Request.
  Time since last request: 0.000021 seconds.
  path: Assets/FPS/Tutorials/AddARoom/13-Spawn-Room.asset
  artifactKey: Guid(f6daaf2178facf14f92f3e4447cc10fb) Importer(2089858483,d624ce77472d68a35037170ec1d2d27e)
Start importing Assets/FPS/Tutorials/AddARoom/13-Spawn-Room.asset using Guid(f6daaf2178facf14f92f3e4447cc10fb) Importer(2089858483,d624ce77472d68a35037170ec1d2d27e) (ScriptedImporter) -> (artifact id: '4adc5816f34d09da2e487572228c30f6') in 0.024097 seconds
Number of updated asset objects reloaded before import = 0Number of asset objects unloaded after import = 517

========================================================================
Received Import Request.
  Time since last request: 0.000017 seconds.
  path: Assets/FPS/Prefabs/VFX/VFX_OverheatPrimary.prefab
  artifactKey: Guid(21c8bd050f24da54285f8a3987ee6253) Importer(2089858483,d624ce77472d68a35037170ec1d2d27e)
Start importing Assets/FPS/Prefabs/VFX/VFX_OverheatPrimary.prefab using Guid(21c8bd050f24da54285f8a3987ee6253) Importer(2089858483,d624ce77472d68a35037170ec1d2d27e) (ScriptedImporter) -> (artifact id: '606ca26731b02b85aeba455ef4bc1ce6') in 0.0259113 seconds
Number of updated asset objects reloaded before import = 0Number of asset objects unloaded after import = 6

========================================================================
Received Import Request.
  Time since last request: 0.000021 seconds.
  path: Assets/FPS/Tutorials/AddARoom/072-Frame-Object.asset
  artifactKey: Guid(f803fb494aa6d4a9c84a6c9a07569d6a) Importer(2089858483,d624ce77472d68a35037170ec1d2d27e)
Start importing Assets/FPS/Tutorials/AddARoom/072-Frame-Object.asset using Guid(f803fb494aa6d4a9c84a6c9a07569d6a) Importer(2089858483,d624ce77472d68a35037170ec1d2d27e) (ScriptedImporter) -> (artifact id: 'f300608149f9906303cd362b42442fb6') in 0.0159187 seconds
Number of updated asset objects reloaded before import = 0Number of asset objects unloaded after import = 4

========================================================================
Received Import Request.
  Time since last request: 0.000028 seconds.
  path: Assets/FPS/Prefabs/VFX/VFX_DiskOrbitParticles.prefab
  artifactKey: Guid(b9cf7bff98404174d83a37d58c543aa5) Importer(2089858483,d624ce77472d68a35037170ec1d2d27e)
Start importing Assets/FPS/Prefabs/VFX/VFX_DiskOrbitParticles.prefab using Guid(b9cf7bff98404174d83a37d58c543aa5) Importer(2089858483,d624ce77472d68a35037170ec1d2d27e) (ScriptedImporter) -> (artifact id: 'b8d6d5decb6e74e669fcf8ad6b1c267f') in 0.0283912 seconds
Number of updated asset objects reloaded before import = 0Number of asset objects unloaded after import = 6

========================================================================
Received Import Request.
  Time since last request: 0.000015 seconds.
  path: Assets/FPS/Scripts/Gameplay/fps.Gameplay.asmdef
  artifactKey: Guid(27b7e9efd224f064990a97ed99e4456f) Importer(2089858483,d624ce77472d68a35037170ec1d2d27e)
Start importing Assets/FPS/Scripts/Gameplay/fps.Gameplay.asmdef using Guid(27b7e9efd224f064990a97ed99e4456f) Importer(2089858483,d624ce77472d68a35037170ec1d2d27e) (ScriptedImporter) -> (artifact id: '3a4cfd73a964c2ab5ababe1e949ccb15') in 0.0272093 seconds
Number of updated asset objects reloaded before import = 0Number of asset objects unloaded after import = 1

========================================================================
Received Import Request.
  Time since last request: 0.000013 seconds.
  path: Assets/FPS/Prefabs/VFX/VFX_Explosion.prefab
  artifactKey: Guid(45ce85b82008be84287f2c7e5bf07647) Importer(2089858483,d624ce77472d68a35037170ec1d2d27e)
Start importing Assets/FPS/Prefabs/VFX/VFX_Explosion.prefab using Guid(45ce85b82008be84287f2c7e5bf07647) Importer(2089858483,d624ce77472d68a35037170ec1d2d27e) (ScriptedImporter) -> (artifact id: '30c7b2402c68ec4a50df860d702d1253') in 0.0289324 seconds
Number of updated asset objects reloaded before import = 0Number of asset objects unloaded after import = 22

========================================================================
Received Import Request.
  Time since last request: 0.000027 seconds.
  path: Assets/FPS/Scripts/Game/IgnoreHeatMap.cs
  artifactKey: Guid(853b31967a79acb49808dd17790b1c49) Importer(2089858483,d624ce77472d68a35037170ec1d2d27e)
Start importing Assets/FPS/Scripts/Game/IgnoreHeatMap.cs using Guid(853b31967a79acb49808dd17790b1c49) Importer(2089858483,d624ce77472d68a35037170ec1d2d27e) (ScriptedImporter) -> (artifact id: '8b6eda8e06f4236d9b582ca2ca0c377b') in 0.0251813 seconds
Number of updated asset objects reloaded before import = 0Number of asset objects unloaded after import = 0

========================================================================
Received Import Request.
  Time since last request: 0.000027 seconds.
  path: Assets/FPS/Prefabs/UI/WinGameMessage.prefab
  artifactKey: Guid(f981094eb6c2a6f4f8a56f85c606e3d1) Importer(2089858483,d624ce77472d68a35037170ec1d2d27e)
Start importing Assets/FPS/Prefabs/UI/WinGameMessage.prefab using Guid(f981094eb6c2a6f4f8a56f85c606e3d1) Importer(2089858483,d624ce77472d68a35037170ec1d2d27e) (ScriptedImporter) -> (artifact id: 'e6f0d70e28cb063cccc7cfb6a647ee6e') in 0.0418744 seconds
Number of updated asset objects reloaded before import = 0Number of asset objects unloaded after import = 5

========================================================================
Received Import Request.
  Time since last request: 0.000021 seconds.
  path: Assets/FPS/Tutorials/BuildAndPublish/WT-Sign-In.png
  artifactKey: Guid(d8622fca6b1897a4282325fd961b7f23) Importer(2089858483,d624ce77472d68a35037170ec1d2d27e)
Start importing Assets/FPS/Tutorials/BuildAndPublish/WT-Sign-In.png using Guid(d8622fca6b1897a4282325fd961b7f23) Importer(2089858483,d624ce77472d68a35037170ec1d2d27e) (ScriptedImporter) -> (artifact id: '787607d04ef4a8ebe77c6dc71a2e412e') in 0.3790113 seconds
Number of updated asset objects reloaded before import = 0Number of asset objects unloaded after import = 1

========================================================================
Received Import Request.
  Time since last request: 0.000015 seconds.
  path: Assets/FPS/Tutorials/Playtest/03-Exit-Play.asset
  artifactKey: Guid(9d8534870475e4fa9b66e42843a86a19) Importer(2089858483,d624ce77472d68a35037170ec1d2d27e)
Start importing Assets/FPS/Tutorials/Playtest/03-Exit-Play.asset using Guid(9d8534870475e4fa9b66e42843a86a19) Importer(2089858483,d624ce77472d68a35037170ec1d2d27e) (ScriptedImporter) -> (artifact id: 'b730792236e608d9947a9ac5b69bab83') in 0.0429863 seconds
Number of updated asset objects reloaded before import = 0Number of asset objects unloaded after import = 4

========================================================================
Received Import Request.
  Time since last request: 0.000025 seconds.
  path: Assets/FPS/Tutorials/AddEnemyBot/040.asset
  artifactKey: Guid(46684c162973f4cffa567151334e2457) Importer(2089858483,d624ce77472d68a35037170ec1d2d27e)
Start importing Assets/FPS/Tutorials/AddEnemyBot/040.asset using Guid(46684c162973f4cffa567151334e2457) Importer(2089858483,d624ce77472d68a35037170ec1d2d27e) (ScriptedImporter) -> (artifact id: 'f06ba933a88db0adccca8f16cf86f790') in 0.2459784 seconds
Number of updated asset objects reloaded before import = 0Number of asset objects unloaded after import = 879

========================================================================
Received Import Request.
  Time since last request: 0.000032 seconds.
  path: Assets/FPS/Tutorials/Playtest/07-Edit-Gravity.asset
  artifactKey: Guid(b267d6b3c001640d784ad8d090418968) Importer(2089858483,d624ce77472d68a35037170ec1d2d27e)
Start importing Assets/FPS/Tutorials/Playtest/07-Edit-Gravity.asset using Guid(b267d6b3c001640d784ad8d090418968) Importer(2089858483,d624ce77472d68a35037170ec1d2d27e) (ScriptedImporter) -> (artifact id: 'a4dea909f8e08bff5d7a478cec8a2999') in 0.0179867 seconds
Number of updated asset objects reloaded before import = 0Number of asset objects unloaded after import = 4

========================================================================
Received Import Request.
  Time since last request: 0.000030 seconds.
  path: Assets/FPS/Tutorials/BuildAndPublish/Walkthrough7-010.asset
  artifactKey: Guid(fcca6e4cbcfd27e49bf16a7c3a6eb019) Importer(2089858483,d624ce77472d68a35037170ec1d2d27e)
Start importing Assets/FPS/Tutorials/BuildAndPublish/Walkthrough7-010.asset using Guid(fcca6e4cbcfd27e49bf16a7c3a6eb019) Importer(2089858483,d624ce77472d68a35037170ec1d2d27e) (ScriptedImporter) -> (artifact id: '3cf2a7b56afbbbc3b3794a7bd095d5a9') in 0.0561511 seconds
Number of updated asset objects reloaded before import = 0Number of asset objects unloaded after import = 5

========================================================================
Received Import Request.
  Time since last request: 0.000024 seconds.
  path: Assets/FPS/Scripts/Game/Events.cs
  artifactKey: Guid(b1ebb8b94dd6b9f4292a7a4a2996fed1) Importer(2089858483,d624ce77472d68a35037170ec1d2d27e)
Start importing Assets/FPS/Scripts/Game/Events.cs using Guid(b1ebb8b94dd6b9f4292a7a4a2996fed1) Importer(2089858483,d624ce77472d68a35037170ec1d2d27e) (ScriptedImporter) -> (artifact id: 'dd71a4f2579333f2f6cdd83cf55d1fc3') in 0.0189171 seconds
Number of updated asset objects reloaded before import = 0Number of asset objects unloaded after import = 0

========================================================================
Received Import Request.
  Time since last request: 0.000025 seconds.
  path: Assets/FPS/Art/Fonts/Roboto-Black.ttf
  artifactKey: Guid(43631e0e91b686e4fbffb897db7ca8f5) Importer(2089858483,d624ce77472d68a35037170ec1d2d27e)
Start importing Assets/FPS/Art/Fonts/Roboto-Black.ttf using Guid(43631e0e91b686e4fbffb897db7ca8f5) Importer(2089858483,d624ce77472d68a35037170ec1d2d27e) (ScriptedImporter) -> (artifact id: '718da156bcf4007d6892fbbb077118cd') in 0.0237812 seconds
Number of updated asset objects reloaded before import = 0Number of asset objects unloaded after import = 3

========================================================================
Received Import Request.
  Time since last request: 0.000030 seconds.
  path: Assets/FPS/Tutorials/BuildAndPublish/Walkthrough7-015.asset
  artifactKey: Guid(daafa2d048ca372498d84eb1ff8a9a31) Importer(2089858483,d624ce77472d68a35037170ec1d2d27e)
Start importing Assets/FPS/Tutorials/BuildAndPublish/Walkthrough7-015.asset using Guid(daafa2d048ca372498d84eb1ff8a9a31) Importer(2089858483,d624ce77472d68a35037170ec1d2d27e) (ScriptedImporter) -> (artifact id: '637312ffe5f2f3b8b85a1cdf51eb3cb4') in 0.0260856 seconds
Number of updated asset objects reloaded before import = 0Number of asset objects unloaded after import = 7

========================================================================
Received Import Request.
  Time since last request: 0.000031 seconds.
  path: Assets/ModAssets/Materials/Custom Materials/Neon Green.mat
  artifactKey: Guid(0030b1f081f074ea79e4c8398f97fc08) Importer(2089858483,d624ce77472d68a35037170ec1d2d27e)
Start importing Assets/ModAssets/Materials/Custom Materials/Neon Green.mat using Guid(0030b1f081f074ea79e4c8398f97fc08) Importer(2089858483,d624ce77472d68a35037170ec1d2d27e) (ScriptedImporter) -> (artifact id: '3957d5ad060074d866cd51ec1cbf342f') in 0.0200176 seconds
Number of updated asset objects reloaded before import = 0Number of asset objects unloaded after import = 1

========================================================================
Received Import Request.
  Time since last request: 0.000024 seconds.
  path: Assets/ModAssets/Materials/HatMaterials/WizardHatMaterial.mat
  artifactKey: Guid(620d51c84c6b5432e8cad9adb5edfc64) Importer(2089858483,d624ce77472d68a35037170ec1d2d27e)
Start importing Assets/ModAssets/Materials/HatMaterials/WizardHatMaterial.mat using Guid(620d51c84c6b5432e8cad9adb5edfc64) Importer(2089858483,d624ce77472d68a35037170ec1d2d27e) (ScriptedImporter) -> (artifact id: '69f3af898646bae7afebef7a43d903fb') in 0.0216998 seconds
Number of updated asset objects reloaded before import = 0Number of asset objects unloaded after import = 1

========================================================================
Received Import Request.
  Time since last request: 0.000046 seconds.
  path: Assets/FPS/Prefabs/UI/CompassMarkerEnemy.prefab
  artifactKey: Guid(513785daf84f2a243b0cda079e6835cd) Importer(2089858483,d624ce77472d68a35037170ec1d2d27e)
Start importing Assets/FPS/Prefabs/UI/CompassMarkerEnemy.prefab using Guid(513785daf84f2a243b0cda079e6835cd) Importer(2089858483,d624ce77472d68a35037170ec1d2d27e) (ScriptedImporter) -> (artifact id: 'eb032cbe9e8c3ae9f0131e58a78c023a') in 0.0216541 seconds
Number of updated asset objects reloaded before import = 0Number of asset objects unloaded after import = 14

========================================================================
Received Import Request.
  Time since last request: 0.000026 seconds.
  path: Assets/FPS/Tutorials/Playtest/WT-Select-Gameobject.mov
  artifactKey: Guid(79dadb0d7a0c143db8700a2c64e462c8) Importer(2089858483,d624ce77472d68a35037170ec1d2d27e)
Start importing Assets/FPS/Tutorials/Playtest/WT-Select-Gameobject.mov using Guid(79dadb0d7a0c143db8700a2c64e462c8) Importer(2089858483,d624ce77472d68a35037170ec1d2d27e) (ScriptedImporter) -> (artifact id: '38f79af939f60734bb86d1d39ab39494') in 0.0212414 seconds
Number of updated asset objects reloaded before import = 0Number of asset objects unloaded after import = 1

========================================================================
Received Import Request.
  Time since last request: 0.000030 seconds.
  path: Assets/FPS/Art/Materials/ObjectiveReachPoint.mat
  artifactKey: Guid(f7ca4b4869bf6e34c82313b54df6d8d4) Importer(2089858483,d624ce77472d68a35037170ec1d2d27e)
Start importing Assets/FPS/Art/Materials/ObjectiveReachPoint.mat using Guid(f7ca4b4869bf6e34c82313b54df6d8d4) Importer(2089858483,d624ce77472d68a35037170ec1d2d27e) (ScriptedImporter) -> (artifact id: '2e090b0d3f2436b6b9586c7e24f4a982') in 0.047557 seconds
Number of updated asset objects reloaded before import = 0Number of asset objects unloaded after import = 2

========================================================================
Received Import Request.
  Time since last request: 0.000031 seconds.
  path: Assets/FPS/Prefabs/VFX/VFX_JetpackTrail.prefab
  artifactKey: Guid(7468cd18030a0204ab08baf7ac36ff1e) Importer(2089858483,d624ce77472d68a35037170ec1d2d27e)
Start importing Assets/FPS/Prefabs/VFX/VFX_JetpackTrail.prefab using Guid(7468cd18030a0204ab08baf7ac36ff1e) Importer(2089858483,d624ce77472d68a35037170ec1d2d27e) (ScriptedImporter) -> (artifact id: '8b07f5a02ec4bc3e8123399f00a04442') in 0.0281637 seconds
Number of updated asset objects reloaded before import = 0Number of asset objects unloaded after import = 6

========================================================================
Received Import Request.
  Time since last request: 0.000019 seconds.
  path: Assets/ModAssets/Models/HatMeshes/WizardHatMesh.fbx
  artifactKey: Guid(41fa7087e84034b719aeb52d1260a81b) Importer(2089858483,d624ce77472d68a35037170ec1d2d27e)
Start importing Assets/ModAssets/Models/HatMeshes/WizardHatMesh.fbx using Guid(41fa7087e84034b719aeb52d1260a81b) Importer(2089858483,d624ce77472d68a35037170ec1d2d27e) (ScriptedImporter) -> (artifact id: 'd016475172feff999a5cd454386584e7') in 0.0156067 seconds
Number of updated asset objects reloaded before import = 0Number of asset objects unloaded after import = 8

========================================================================
Received Import Request.
  Time since last request: 0.000017 seconds.
  path: Assets/ModAssets/Prefabs/Hat Prefabs/WizardHat.prefab
  artifactKey: Guid(942c2c1bb4e544cb09d3494e89bb8041) Importer(2089858483,d624ce77472d68a35037170ec1d2d27e)
Start importing Assets/ModAssets/Prefabs/Hat Prefabs/WizardHat.prefab using Guid(942c2c1bb4e544cb09d3494e89bb8041) Importer(2089858483,d624ce77472d68a35037170ec1d2d27e) (ScriptedImporter) -> (artifact id: 'b683211ab02e74c544a9ce24743706fa') in 0.0328696 seconds
Number of updated asset objects reloaded before import = 0Number of asset objects unloaded after import = 9

========================================================================
Received Import Request.
  Time since last request: 0.000019 seconds.
  path: Assets/ModAssets/Models/NatureProps/FallenTree.fbx
  artifactKey: Guid(eaf3edd0ef88ac84c970b62f673ed6b0) Importer(2089858483,d624ce77472d68a35037170ec1d2d27e)
Start importing Assets/ModAssets/Models/NatureProps/FallenTree.fbx using Guid(eaf3edd0ef88ac84c970b62f673ed6b0) Importer(2089858483,d624ce77472d68a35037170ec1d2d27e) (ScriptedImporter) -> (artifact id: 'afc93492e3ed75e4694b0329b76efae5') in 0.0737623 seconds
Number of updated asset objects reloaded before import = 0Number of asset objects unloaded after import = 8

========================================================================
Received Import Request.
  Time since last request: 0.000024 seconds.
  path: Assets/FPS/Tutorials/AddARoom/WT-Move-Object.mov
  artifactKey: Guid(92f8eeda406144c4080f5a1e1d0c7ccd) Importer(2089858483,d624ce77472d68a35037170ec1d2d27e)
Start importing Assets/FPS/Tutorials/AddARoom/WT-Move-Object.mov using Guid(92f8eeda406144c4080f5a1e1d0c7ccd) Importer(2089858483,d624ce77472d68a35037170ec1d2d27e) (ScriptedImporter) -> (artifact id: '7eeff428df6a39871beaeae0f82a842a') in 0.1408523 seconds
Number of updated asset objects reloaded before import = 0Number of asset objects unloaded after import = 1

========================================================================
Received Import Request.
  Time since last request: 0.000013 seconds.
  path: Assets/FPS/Tutorials/EditColors/05-Other-Materials - delete.asset
  artifactKey: Guid(67d9d6c17c5fb482692a74924d1be11e) Importer(2089858483,d624ce77472d68a35037170ec1d2d27e)
Start importing Assets/FPS/Tutorials/EditColors/05-Other-Materials - delete.asset using Guid(67d9d6c17c5fb482692a74924d1be11e) Importer(2089858483,d624ce77472d68a35037170ec1d2d27e) (ScriptedImporter) -> (artifact id: '810cabdc740521f11d1769c61a880049') in 0.0357638 seconds
Number of updated asset objects reloaded before import = 0Number of asset objects unloaded after import = 3

========================================================================
Received Import Request.
  Time since last request: 0.000020 seconds.
  path: Assets/FPS/Prefabs/RootObjects/Ramp_8m.mtl
  artifactKey: Guid(26523c41e860d2a4cb887bdc5d1d336f) Importer(2089858483,d624ce77472d68a35037170ec1d2d27e)
Start importing Assets/FPS/Prefabs/RootObjects/Ramp_8m.mtl using Guid(26523c41e860d2a4cb887bdc5d1d336f) Importer(2089858483,d624ce77472d68a35037170ec1d2d27e) (ScriptedImporter) -> (artifact id: 'ee4bac3e6b277f051e944012bbeb9113') in 0.0130776 seconds
Number of updated asset objects reloaded before import = 0Number of asset objects unloaded after import = 1

========================================================================
Received Import Request.
  Time since last request: 0.000019 seconds.
  path: Assets/TextMesh Pro/Resources/Style Sheets/Default Style Sheet.asset
  artifactKey: Guid(f952c082cb03451daed3ee968ac6c63e) Importer(2089858483,d624ce77472d68a35037170ec1d2d27e)
Start importing Assets/TextMesh Pro/Resources/Style Sheets/Default Style Sheet.asset using Guid(f952c082cb03451daed3ee968ac6c63e) Importer(2089858483,d624ce77472d68a35037170ec1d2d27e) (ScriptedImporter) -> (artifact id: '362ff4d6059567becbf24ccbd56bbbcc') in 0.0155544 seconds
Number of updated asset objects reloaded before import = 0Number of asset objects unloaded after import = 1

========================================================================
Received Import Request.
  Time since last request: 0.000019 seconds.
  path: Assets/TextMesh Pro/Resources/Shaders/TMP_Sprite.shader
  artifactKey: Guid(32cf787e4047a28478c22fd0c955f06a) Importer(2089858483,d624ce77472d68a35037170ec1d2d27e)
Start importing Assets/TextMesh Pro/Resources/Shaders/TMP_Sprite.shader using Guid(32cf787e4047a28478c22fd0c955f06a) Importer(2089858483,d624ce77472d68a35037170ec1d2d27e) (ScriptedImporter) -> (artifact id: '79d6918468d5776ac517c993ff8c8422') in 0.0161965 seconds
Number of updated asset objects reloaded before import = 0Number of asset objects unloaded after import = 1

========================================================================
Received Import Request.
  Time since last request: 0.000021 seconds.
  path: Assets/TextMesh Pro/Resources/Shaders/TMP_SDF Overlay.shader
  artifactKey: Guid(c9b0f1c921c9963498bd7f274dec88f7) Importer(2089858483,d624ce77472d68a35037170ec1d2d27e)
Start importing Assets/TextMesh Pro/Resources/Shaders/TMP_SDF Overlay.shader using Guid(c9b0f1c921c9963498bd7f274dec88f7) Importer(2089858483,d624ce77472d68a35037170ec1d2d27e) (ScriptedImporter) -> (artifact id: '2982238cd7492f5c2952edfb145da97b') in 0.0137019 seconds
Number of updated asset objects reloaded before import = 0Number of asset objects unloaded after import = 1

========================================================================
Received Import Request.
  Time since last request: 0.000026 seconds.
  path: Assets/ModAssets/Materials/BillboardMaterials/Billboard Frame.mat
  artifactKey: Guid(190c04ee61aaa410e8650f7fc1ce7f41) Importer(2089858483,d624ce77472d68a35037170ec1d2d27e)
Start importing Assets/ModAssets/Materials/BillboardMaterials/Billboard Frame.mat using Guid(190c04ee61aaa410e8650f7fc1ce7f41) Importer(2089858483,d624ce77472d68a35037170ec1d2d27e) (ScriptedImporter) -> (artifact id: 'd6ae2acd83b850c2d58de4a4da197fe0') in 0.0158148 seconds
Number of updated asset objects reloaded before import = 0Number of asset objects unloaded after import = 1

========================================================================
Received Import Request.
  Time since last request: 0.000020 seconds.
  path: Assets/FPS/Tutorials/Playtest/05-Select-Object.asset
  artifactKey: Guid(2d1257a40bff04ff7b1c691749feedbb) Importer(2089858483,d624ce77472d68a35037170ec1d2d27e)
Start importing Assets/FPS/Tutorials/Playtest/05-Select-Object.asset using Guid(2d1257a40bff04ff7b1c691749feedbb) Importer(2089858483,d624ce77472d68a35037170ec1d2d27e) (ScriptedImporter) -> (artifact id: 'dc196db269c037b646263d0aa792461d') in 0.0205398 seconds
Number of updated asset objects reloaded before import = 0Number of asset objects unloaded after import = 4

========================================================================
Received Import Request.
  Time since last request: 0.000020 seconds.
  path: Assets/ModAssets/Materials/Custom Materials/Neon Blue.mat
  artifactKey: Guid(720149e63952b457590122b90ee86b07) Importer(2089858483,d624ce77472d68a35037170ec1d2d27e)
Start importing Assets/ModAssets/Materials/Custom Materials/Neon Blue.mat using Guid(720149e63952b457590122b90ee86b07) Importer(2089858483,d624ce77472d68a35037170ec1d2d27e) (ScriptedImporter) -> (artifact id: '084a2a4190f7fd38e65e92382f5b64c6') in 0.0180403 seconds
Number of updated asset objects reloaded before import = 0Number of asset objects unloaded after import = 1

========================================================================
Received Import Request.
  Time since last request: 0.000025 seconds.
  path: Assets/ModAssets/Materials/Custom Materials/Basic White.mat
  artifactKey: Guid(80aca137a2109463fb6c86f09a521374) Importer(2089858483,d624ce77472d68a35037170ec1d2d27e)
Start importing Assets/ModAssets/Materials/Custom Materials/Basic White.mat using Guid(80aca137a2109463fb6c86f09a521374) Importer(2089858483,d624ce77472d68a35037170ec1d2d27e) (ScriptedImporter) -> (artifact id: 'ad04444bc78cd0acecf9d362d3e7bfb5') in 0.0203152 seconds
Number of updated asset objects reloaded before import = 0Number of asset objects unloaded after import = 1

========================================================================
Received Import Request.
  Time since last request: 0.000027 seconds.
  path: Assets/AddOns/MgFPS_Enemy_Boss/Animations/Animation/Detection_Module@Searchlight_L.fbx
  artifactKey: Guid(46f8dac9c89dfeb43b3fad5525549701) Importer(2089858483,d624ce77472d68a35037170ec1d2d27e)
Start importing Assets/AddOns/MgFPS_Enemy_Boss/Animations/Animation/Detection_Module@Searchlight_L.fbx using Guid(46f8dac9c89dfeb43b3fad5525549701) Importer(2089858483,d624ce77472d68a35037170ec1d2d27e) (ScriptedImporter) -> (artifact id: 'e113ce03877be362b6a0e11b33402eae') in 0.0236807 seconds
Number of updated asset objects reloaded before import = 0Number of asset objects unloaded after import = 12

========================================================================
Received Import Request.
  Time since last request: 0.000017 seconds.
  path: Assets/AddOns/MgFPS_Enemy_Boss/Animations/Animation/Detection_Module@Laser03_L.fbx
  artifactKey: Guid(bc92ad7d3499bb34db57781bbaf4d3bd) Importer(2089858483,d624ce77472d68a35037170ec1d2d27e)
Start importing Assets/AddOns/MgFPS_Enemy_Boss/Animations/Animation/Detection_Module@Laser03_L.fbx using Guid(bc92ad7d3499bb34db57781bbaf4d3bd) Importer(2089858483,d624ce77472d68a35037170ec1d2d27e) (ScriptedImporter) -> (artifact id: 'd8d57d269833ba1832b38635352dab16') in 0.0196369 seconds
Number of updated asset objects reloaded before import = 0Number of asset objects unloaded after import = 12

========================================================================
Received Import Request.
  Time since last request: 0.000015 seconds.
  path: Assets/AddOns/MgFPS_Boomshot/BoomShotMeshesandTextures/Textures/BoomShot_MaskMap.png
  artifactKey: Guid(028503223d51c334dafc82678ba9ba48) Importer(2089858483,d624ce77472d68a35037170ec1d2d27e)
Start importing Assets/AddOns/MgFPS_Boomshot/BoomShotMeshesandTextures/Textures/BoomShot_MaskMap.png using Guid(028503223d51c334dafc82678ba9ba48) Importer(2089858483,d624ce77472d68a35037170ec1d2d27e) (ScriptedImporter) -> (artifact id: '3be48fde20c495a6955057a5b5afec4e') in 0.0176191 seconds
Number of updated asset objects reloaded before import = 0Number of asset objects unloaded after import = 1

========================================================================
Received Import Request.
  Time since last request: 0.000027 seconds.
  path: Assets/AddOns/MgFPS_Aurous/AurousMeshandTextures/Textures/HUD_Aurous.png
  artifactKey: Guid(b593f2da3a01d46469217f2da4a0d0ad) Importer(2089858483,d624ce77472d68a35037170ec1d2d27e)
Start importing Assets/AddOns/MgFPS_Aurous/AurousMeshandTextures/Textures/HUD_Aurous.png using Guid(b593f2da3a01d46469217f2da4a0d0ad) Importer(2089858483,d624ce77472d68a35037170ec1d2d27e) (ScriptedImporter) -> (artifact id: '5e1629966fed61fb2b96539229de481d') in 0.0187771 seconds
Number of updated asset objects reloaded before import = 0Number of asset objects unloaded after import = 3

========================================================================
Received Import Request.
  Time since last request: 0.000031 seconds.
  path: Assets/AddOns/MgFPS_Enemy_Boss/Animations/Animation/Detection_Module@Laser01_L.fbx
  artifactKey: Guid(5f21f7eea63d342419e5e855e63a7b0a) Importer(2089858483,d624ce77472d68a35037170ec1d2d27e)
Start importing Assets/AddOns/MgFPS_Enemy_Boss/Animations/Animation/Detection_Module@Laser01_L.fbx using Guid(5f21f7eea63d342419e5e855e63a7b0a) Importer(2089858483,d624ce77472d68a35037170ec1d2d27e) (ScriptedImporter) -> (artifact id: 'b74063b7d874fc47172119d377815978') in 0.0709923 seconds
Number of updated asset objects reloaded before import = 0Number of asset objects unloaded after import = 10

========================================================================
Received Import Request.
  Time since last request: 0.000017 seconds.
  path: Assets/FPS/Tutorials/Playtest/WT-Select-Property.mov
  artifactKey: Guid(87d213d9011a74f4790e16e70e97351b) Importer(2089858483,d624ce77472d68a35037170ec1d2d27e)
Start importing Assets/FPS/Tutorials/Playtest/WT-Select-Property.mov using Guid(87d213d9011a74f4790e16e70e97351b) Importer(2089858483,d624ce77472d68a35037170ec1d2d27e) (ScriptedImporter) -> (artifact id: 'a443c4244002b2c19c1e9c062f57d13c') in 0.0472214 seconds
Number of updated asset objects reloaded before import = 0Number of asset objects unloaded after import = 1

========================================================================
Received Import Request.
  Time since last request: 0.000016 seconds.
  path: Assets/ModAssets/Models/AncientProps/MoaiHead.fbx
  artifactKey: Guid(3ce0ea2030a24458eb9e3ec8fbae0a88) Importer(2089858483,d624ce77472d68a35037170ec1d2d27e)
Start importing Assets/ModAssets/Models/AncientProps/MoaiHead.fbx using Guid(3ce0ea2030a24458eb9e3ec8fbae0a88) Importer(2089858483,d624ce77472d68a35037170ec1d2d27e) (ScriptedImporter) -> (artifact id: '2821dc9f760828adff71415c59328832') in 0.0191756 seconds
Number of updated asset objects reloaded before import = 0Number of asset objects unloaded after import = 8

========================================================================
Received Import Request.
  Time since last request: 0.000018 seconds.
  path: Assets/AddOns/MgFPS_Boomshot/BoomShot_VFX/Models/BoomShot_ProjectileMesh.fbx
  artifactKey: Guid(db06327e55aa82741aaf52574510f855) Importer(2089858483,d624ce77472d68a35037170ec1d2d27e)
Start importing Assets/AddOns/MgFPS_Boomshot/BoomShot_VFX/Models/BoomShot_ProjectileMesh.fbx using Guid(db06327e55aa82741aaf52574510f855) Importer(2089858483,d624ce77472d68a35037170ec1d2d27e) (ScriptedImporter) -> (artifact id: '0becbef01d79a805caac5e3b8ad71d20') in 0.0599704 seconds
Number of updated asset objects reloaded before import = 0Number of asset objects unloaded after import = 8

========================================================================
Received Import Request.
  Time since last request: 0.000012 seconds.
  path: Assets/AddOns/MgFPS_Boomshot/BoomShot_VFX/Materials/BoomShot_Mf_Scatter.mat
  artifactKey: Guid(00dbbfe40d469064097f4f8105bdab7a) Importer(2089858483,d624ce77472d68a35037170ec1d2d27e)
Start importing Assets/AddOns/MgFPS_Boomshot/BoomShot_VFX/Materials/BoomShot_Mf_Scatter.mat using Guid(00dbbfe40d469064097f4f8105bdab7a) Importer(2089858483,d624ce77472d68a35037170ec1d2d27e) (ScriptedImporter) -> (artifact id: 'ea72575f055c506a7c1ce911a7090ff7') in 0.0569812 seconds
Number of updated asset objects reloaded before import = 0Number of asset objects unloaded after import = 2

========================================================================
Received Import Request.
  Time since last request: 0.000016 seconds.
  path: Assets/TextMesh Pro/Resources/Fonts & Materials/LiberationSans SDF - Outline.mat
  artifactKey: Guid(79459efec17a4d00a321bdcc27bbc385) Importer(2089858483,d624ce77472d68a35037170ec1d2d27e)
Start importing Assets/TextMesh Pro/Resources/Fonts & Materials/LiberationSans SDF - Outline.mat using Guid(79459efec17a4d00a321bdcc27bbc385) Importer(2089858483,d624ce77472d68a35037170ec1d2d27e) (ScriptedImporter) -> (artifact id: '561b6241d23b7947e53636e274f80e50') in 0.1862481 seconds
Number of updated asset objects reloaded before import = 0Number of asset objects unloaded after import = 2

========================================================================
Received Import Request.
  Time since last request: 0.000018 seconds.
  path: Assets/AddOns/MgFPS_Enemy_Boss/Animations/Controllers/RocketLauncher_R_AnimationController.controller
  artifactKey: Guid(4f53e88f529174743bbf76d630c45a45) Importer(2089858483,d624ce77472d68a35037170ec1d2d27e)
Start importing Assets/AddOns/MgFPS_Enemy_Boss/Animations/Controllers/RocketLauncher_R_AnimationController.controller using Guid(4f53e88f529174743bbf76d630c45a45) Importer(2089858483,d624ce77472d68a35037170ec1d2d27e) (ScriptedImporter) -> (artifact id: '3a74f7bcfb05c77e7b957bce69cd1ce3') in 0.0982723 seconds
Number of updated asset objects reloaded before import = 0Number of asset objects unloaded after import = 22

========================================================================
Received Import Request.
  Time since last request: 0.000015 seconds.
  path: Assets/AddOns/MgFPS_Enemy_Boss/Animations/Animation/Weapon_Module@Searchlight_R_Hurt.fbx
  artifactKey: Guid(78de6288f2a8ddf42a3b016cf69496c5) Importer(2089858483,d624ce77472d68a35037170ec1d2d27e)
Start importing Assets/AddOns/MgFPS_Enemy_Boss/Animations/Animation/Weapon_Module@Searchlight_R_Hurt.fbx using Guid(78de6288f2a8ddf42a3b016cf69496c5) Importer(2089858483,d624ce77472d68a35037170ec1d2d27e) (ScriptedImporter) -> (artifact id: 'f3654b726569959593434cd8524a337d') in 0.0169069 seconds
Number of updated asset objects reloaded before import = 0Number of asset objects unloaded after import = 12

========================================================================
Received Import Request.
  Time since last request: 0.000018 seconds.
  path: Assets/AddOns/MgFPS_Enemy_Boss/Animations/Controllers/TwinJet_AnimationController.controller
  artifactKey: Guid(1419f54fa4280de4a8a8eaf9a276d9c9) Importer(2089858483,d624ce77472d68a35037170ec1d2d27e)
Start importing Assets/AddOns/MgFPS_Enemy_Boss/Animations/Controllers/TwinJet_AnimationController.controller using Guid(1419f54fa4280de4a8a8eaf9a276d9c9) Importer(2089858483,d624ce77472d68a35037170ec1d2d27e) (ScriptedImporter) -> (artifact id: '0ba47d91c6096ee99b26379c3e1c446b') in 0.0166931 seconds
Number of updated asset objects reloaded before import = 0Number of asset objects unloaded after import = 4

========================================================================
Received Import Request.
  Time since last request: 0.000032 seconds.
  path: Assets/AddOns/MgFPS_Enemy_Boss/Animations/Controllers/TwinBladeJet_AnimationController.controller
  artifactKey: Guid(4ddb798c83b1c9743ae7fba1f9f1a3de) Importer(2089858483,d624ce77472d68a35037170ec1d2d27e)
Start importing Assets/AddOns/MgFPS_Enemy_Boss/Animations/Controllers/TwinBladeJet_AnimationController.controller using Guid(4ddb798c83b1c9743ae7fba1f9f1a3de) Importer(2089858483,d624ce77472d68a35037170ec1d2d27e) (ScriptedImporter) -> (artifact id: 'ded6c25234c3c35d52f452f98b7911c2') in 0.0153216 seconds
Number of updated asset objects reloaded before import = 0Number of asset objects unloaded after import = 4

========================================================================
Received Import Request.
  Time since last request: 0.000017 seconds.
  path: Assets/AddOns/MgFPS_Molt/MoltMeshandTextures/Materials/MoltProjectileMat.mat
  artifactKey: Guid(d209fc7a2da720e4bb909c4eeb509882) Importer(2089858483,d624ce77472d68a35037170ec1d2d27e)
Start importing Assets/AddOns/MgFPS_Molt/MoltMeshandTextures/Materials/MoltProjectileMat.mat using Guid(d209fc7a2da720e4bb909c4eeb509882) Importer(2089858483,d624ce77472d68a35037170ec1d2d27e) (ScriptedImporter) -> (artifact id: 'fb0a9881562119de04a094f22e97798c') in 0.0160068 seconds
Number of updated asset objects reloaded before import = 0Number of asset objects unloaded after import = 1

========================================================================
Received Import Request.
  Time since last request: 0.000025 seconds.
  path: Assets/AddOns/MgFPS_Haku/HakuMeshesAndTextures/Textures/Haku_Main_Normal.png
  artifactKey: Guid(8e69e75958cdd624f877221e38868c5d) Importer(2089858483,d624ce77472d68a35037170ec1d2d27e)
Start importing Assets/AddOns/MgFPS_Haku/HakuMeshesAndTextures/Textures/Haku_Main_Normal.png using Guid(8e69e75958cdd624f877221e38868c5d) Importer(2089858483,d624ce77472d68a35037170ec1d2d27e) (ScriptedImporter) -> (artifact id: 'd8ca786745a3310278d2f9a1d1f8deb1') in 0.0269463 seconds
Number of updated asset objects reloaded before import = 0Number of asset objects unloaded after import = 1

========================================================================
Received Import Request.
  Time since last request: 0.000016 seconds.
  path: Assets/AddOns/MgFPS_Enemy_Boss/Animations/Animation/Weapon_Module@Railgun_L.fbx
  artifactKey: Guid(254dd7f77a28595479b3933b4813833d) Importer(2089858483,d624ce77472d68a35037170ec1d2d27e)
Start importing Assets/AddOns/MgFPS_Enemy_Boss/Animations/Animation/Weapon_Module@Railgun_L.fbx using Guid(254dd7f77a28595479b3933b4813833d) Importer(2089858483,d624ce77472d68a35037170ec1d2d27e) (ScriptedImporter) -> (artifact id: '8a18ffeebf7c471293acc9184ddf0cc0') in 0.0184311 seconds
Number of updated asset objects reloaded before import = 0Number of asset objects unloaded after import = 14

========================================================================
Received Import Request.
  Time since last request: 0.000030 seconds.
  path: Assets/AddOns/MgFPS_Enemy_Boss/Animations/Animation/Weapon_Module@Searchlight_L_Hurt.fbx
  artifactKey: Guid(c775e5284d585fa4f9843c48e6675a7b) Importer(2089858483,d624ce77472d68a35037170ec1d2d27e)
Start importing Assets/AddOns/MgFPS_Enemy_Boss/Animations/Animation/Weapon_Module@Searchlight_L_Hurt.fbx using Guid(c775e5284d585fa4f9843c48e6675a7b) Importer(2089858483,d624ce77472d68a35037170ec1d2d27e) (ScriptedImporter) -> (artifact id: '73ceed905a7c32e393a7fede72943ba3') in 0.0216439 seconds
Number of updated asset objects reloaded before import = 0Number of asset objects unloaded after import = 12

========================================================================
Received Import Request.
  Time since last request: 0.000013 seconds.
  path: Assets/AddOns/MgFPS_Fireballer/Fireballer_VFX/Materials/ImpactSmoke.mat
  artifactKey: Guid(5d4b5e7690c779d41ad5eb102a6bbf6f) Importer(2089858483,d624ce77472d68a35037170ec1d2d27e)
Start importing Assets/AddOns/MgFPS_Fireballer/Fireballer_VFX/Materials/ImpactSmoke.mat using Guid(5d4b5e7690c779d41ad5eb102a6bbf6f) Importer(2089858483,d624ce77472d68a35037170ec1d2d27e) (ScriptedImporter) -> (artifact id: '814d7f6dbc2a3717dc3400718b3c1b58') in 0.0177007 seconds
Number of updated asset objects reloaded before import = 0Number of asset objects unloaded after import = 2

========================================================================
Received Import Request.
  Time since last request: 0.000017 seconds.
  path: Assets/AddOns/MgFPS_Enemy_Boss/Animations/Controllers/Laser03_R_AnimationController.controller
  artifactKey: Guid(7ea00a355dad6c440b0f53866767540d) Importer(2089858483,d624ce77472d68a35037170ec1d2d27e)
Start importing Assets/AddOns/MgFPS_Enemy_Boss/Animations/Controllers/Laser03_R_AnimationController.controller using Guid(7ea00a355dad6c440b0f53866767540d) Importer(2089858483,d624ce77472d68a35037170ec1d2d27e) (ScriptedImporter) -> (artifact id: 'cccf0cfe746c7c061e591547346a9ef6') in 0.5377313 seconds
Number of updated asset objects reloaded before import = 0Number of asset objects unloaded after import = 7

========================================================================
Received Import Request.
  Time since last request: 0.000017 seconds.
  path: Assets/AddOns/MgFPS_Quasar/Quasar_MeshAndTexture/Textures/Quasar_Main_MaskMap.png
  artifactKey: Guid(4b6f19137fd10e64bbb1a08e6dd07812) Importer(2089858483,d624ce77472d68a35037170ec1d2d27e)
Start importing Assets/AddOns/MgFPS_Quasar/Quasar_MeshAndTexture/Textures/Quasar_Main_MaskMap.png using Guid(4b6f19137fd10e64bbb1a08e6dd07812) Importer(2089858483,d624ce77472d68a35037170ec1d2d27e) (ScriptedImporter) -> (artifact id: '42be6eba1d6e4631bf879f1fd6e827f9') in 0.0509527 seconds
Number of updated asset objects reloaded before import = 0Number of asset objects unloaded after import = 1

========================================================================
Received Import Request.
  Time since last request: 0.000021 seconds.
  path: Assets/AddOns/MgFPS_Molt/MoltMeshandTextures/Models/Projectile_Molt.fbx
  artifactKey: Guid(3f45454862d614b44a5bc4b5fee96d8d) Importer(2089858483,d624ce77472d68a35037170ec1d2d27e)
Start importing Assets/AddOns/MgFPS_Molt/MoltMeshandTextures/Models/Projectile_Molt.fbx using Guid(3f45454862d614b44a5bc4b5fee96d8d) Importer(2089858483,d624ce77472d68a35037170ec1d2d27e) (ScriptedImporter) -> (artifact id: '7042db6881aa1faaa49f7fcf2a3b9df9') in 0.0497489 seconds
Number of updated asset objects reloaded before import = 0Number of asset objects unloaded after import = 8

========================================================================
Received Import Request.
  Time since last request: 0.000017 seconds.
  path: Assets/AddOns/MgFPS_Quasar/Quasar_MeshAndTexture/Textures/Quasar_Main_AlbedoTransparency.png
  artifactKey: Guid(d5f9c4dc2896a1f4ca5c935232c13c34) Importer(2089858483,d624ce77472d68a35037170ec1d2d27e)
Start importing Assets/AddOns/MgFPS_Quasar/Quasar_MeshAndTexture/Textures/Quasar_Main_AlbedoTransparency.png using Guid(d5f9c4dc2896a1f4ca5c935232c13c34) Importer(2089858483,d624ce77472d68a35037170ec1d2d27e) (ScriptedImporter) -> (artifact id: '616d019bf9b91c928182507ac7279a4c') in 0.0211687 seconds
Number of updated asset objects reloaded before import = 0Number of asset objects unloaded after import = 1

========================================================================
Received Import Request.
  Time since last request: 0.000014 seconds.
  path: Assets/AddOns/MgFPS_Molt/MoltMeshandTextures/Textures/Molt_MaskMap.png
  artifactKey: Guid(52affd05662e72d4ba51404c3ad7f82c) Importer(2089858483,d624ce77472d68a35037170ec1d2d27e)
Start importing Assets/AddOns/MgFPS_Molt/MoltMeshandTextures/Textures/Molt_MaskMap.png using Guid(52affd05662e72d4ba51404c3ad7f82c) Importer(2089858483,d624ce77472d68a35037170ec1d2d27e) (ScriptedImporter) -> (artifact id: '2ba9fe27598d8eda9b23af97c4960745') in 0.0571941 seconds
Number of updated asset objects reloaded before import = 0Number of asset objects unloaded after import = 1

========================================================================
Received Import Request.
  Time since last request: 0.000014 seconds.
  path: Assets/AddOns/MgFPS_Enemy_Boss/Animations/Animation/Weapon_Module@RocketLauncher_R_Shoot4.fbx
  artifactKey: Guid(ed01823eaf60b3846aa69d532780dd31) Importer(2089858483,d624ce77472d68a35037170ec1d2d27e)
Start importing Assets/AddOns/MgFPS_Enemy_Boss/Animations/Animation/Weapon_Module@RocketLauncher_R_Shoot4.fbx using Guid(ed01823eaf60b3846aa69d532780dd31) Importer(2089858483,d624ce77472d68a35037170ec1d2d27e) (ScriptedImporter) -> (artifact id: '4afe20ac540001fca67361e3642d90dd') in 0.0308132 seconds
Number of updated asset objects reloaded before import = 0Number of asset objects unloaded after import = 22

========================================================================
Received Import Request.
  Time since last request: 0.000022 seconds.
  path: Assets/AddOns/MgFPS_Quasar/Quasar_MeshAndTexture/Textures/Quasar_Main_Normal.png
  artifactKey: Guid(c088f163fcdcc3844b1a0e873a7b778f) Importer(2089858483,d624ce77472d68a35037170ec1d2d27e)
Start importing Assets/AddOns/MgFPS_Quasar/Quasar_MeshAndTexture/Textures/Quasar_Main_Normal.png using Guid(c088f163fcdcc3844b1a0e873a7b778f) Importer(2089858483,d624ce77472d68a35037170ec1d2d27e) (ScriptedImporter) -> (artifact id: 'a7369252674d88486ba295e573110b74') in 0.0185614 seconds
Number of updated asset objects reloaded before import = 0Number of asset objects unloaded after import = 1

========================================================================
Received Import Request.
  Time since last request: 0.000013 seconds.
  path: Assets/FPS/Tutorials/AddEnemyBot/031.asset
  artifactKey: Guid(189edae67694549d7a713a5feffd1094) Importer(2089858483,d624ce77472d68a35037170ec1d2d27e)
Start importing Assets/FPS/Tutorials/AddEnemyBot/031.asset using Guid(189edae67694549d7a713a5feffd1094) Importer(2089858483,d624ce77472d68a35037170ec1d2d27e) (ScriptedImporter) -> (artifact id: 'a5496d8d3b9ee8726f8f9b2eb12dc1fe') in 0.0251881 seconds
Number of updated asset objects reloaded before import = 0Number of asset objects unloaded after import = 4

========================================================================
Received Import Request.
  Time since last request: 0.000017 seconds.
  path: Assets/FPS/Prefabs/VFX/VFX_GunCylinder_Secondary Variant.prefab
  artifactKey: Guid(40252b3901782c347a990f90ce729706) Importer(2089858483,d624ce77472d68a35037170ec1d2d27e)
Start importing Assets/FPS/Prefabs/VFX/VFX_GunCylinder_Secondary Variant.prefab using Guid(40252b3901782c347a990f90ce729706) Importer(2089858483,d624ce77472d68a35037170ec1d2d27e) (ScriptedImporter) -> (artifact id: 'fdbf63d070c7c6885ae1ce592e9ad3d1') in 0.0353774 seconds
Number of updated asset objects reloaded before import = 0Number of asset objects unloaded after import = 12

========================================================================
Received Import Request.
  Time since last request: 0.000015 seconds.
  path: Assets/FPS/Prefabs/RootObjects/Wall_4m.mtl
  artifactKey: Guid(8592508b5cee0bf45b37390f7d26fc25) Importer(2089858483,d624ce77472d68a35037170ec1d2d27e)
Start importing Assets/FPS/Prefabs/RootObjects/Wall_4m.mtl using Guid(8592508b5cee0bf45b37390f7d26fc25) Importer(2089858483,d624ce77472d68a35037170ec1d2d27e) (ScriptedImporter) -> (artifact id: 'cbab6101e5764b99d48e1d60d59b9073') in 0.0291818 seconds
Number of updated asset objects reloaded before import = 0Number of asset objects unloaded after import = 1

========================================================================
Received Import Request.
  Time since last request: 0.000022 seconds.
  path: Assets/FPS/Tutorials/AddARoom/06-Zoom-Scene.asset
  artifactKey: Guid(a2e36b4c574d748b99f00191d18a7deb) Importer(2089858483,d624ce77472d68a35037170ec1d2d27e)
Start importing Assets/FPS/Tutorials/AddARoom/06-Zoom-Scene.asset using Guid(a2e36b4c574d748b99f00191d18a7deb) Importer(2089858483,d624ce77472d68a35037170ec1d2d27e) (ScriptedImporter) -> (artifact id: '705dbaefe78d5ca8d953dfe228bed85b') in 0.0286021 seconds
Number of updated asset objects reloaded before import = 0Number of asset objects unloaded after import = 4

========================================================================
Received Import Request.
  Time since last request: 0.000016 seconds.
  path: Assets/AddOns/MgFPS_Haku/HakuMeshesAndTextures/Textures/Haku_Main_AlbedoTransparency.png
  artifactKey: Guid(6f1d812fd2b4cab4e92e951b3ac3a604) Importer(2089858483,d624ce77472d68a35037170ec1d2d27e)
Start importing Assets/AddOns/MgFPS_Haku/HakuMeshesAndTextures/Textures/Haku_Main_AlbedoTransparency.png using Guid(6f1d812fd2b4cab4e92e951b3ac3a604) Importer(2089858483,d624ce77472d68a35037170ec1d2d27e) (ScriptedImporter) -> (artifact id: '64e7e539df15b82368c27b5d39197305') in 0.0184248 seconds
Number of updated asset objects reloaded before import = 0Number of asset objects unloaded after import = 1

========================================================================
Received Import Request.
  Time since last request: 0.000014 seconds.
  path: Assets/ModAssets/Models/FoodProps/Lollipop.fbx
  artifactKey: Guid(4ae0a8e21fe944960ae7238feeda49f1) Importer(2089858483,d624ce77472d68a35037170ec1d2d27e)
Start importing Assets/ModAssets/Models/FoodProps/Lollipop.fbx using Guid(4ae0a8e21fe944960ae7238feeda49f1) Importer(2089858483,d624ce77472d68a35037170ec1d2d27e) (ScriptedImporter) -> (artifact id: 'dd0026290e169a61b19cf1b4d22af36d') in 0.0180224 seconds
Number of updated asset objects reloaded before import = 0Number of asset objects unloaded after import = 10

========================================================================
Received Import Request.
  Time since last request: 0.000019 seconds.
  path: Assets/ModAssets/Materials/Custom Materials/Metal Copper.mat
  artifactKey: Guid(e7c453d829e9a4662a456d2da16a7e42) Importer(2089858483,d624ce77472d68a35037170ec1d2d27e)
Start importing Assets/ModAssets/Materials/Custom Materials/Metal Copper.mat using Guid(e7c453d829e9a4662a456d2da16a7e42) Importer(2089858483,d624ce77472d68a35037170ec1d2d27e) (ScriptedImporter) -> (artifact id: '66febdcb7cbad3e1286203a246628383') in 0.0155329 seconds
Number of updated asset objects reloaded before import = 0Number of asset objects unloaded after import = 1

========================================================================
Received Import Request.
  Time since last request: 0.000027 seconds.
  path: Assets/FPS/Prefabs/VFX/VFX_HealthPickup.prefab
  artifactKey: Guid(e44fc97440f45e946a0bdbdd460acfb9) Importer(2089858483,d624ce77472d68a35037170ec1d2d27e)
Start importing Assets/FPS/Prefabs/VFX/VFX_HealthPickup.prefab using Guid(e44fc97440f45e946a0bdbdd460acfb9) Importer(2089858483,d624ce77472d68a35037170ec1d2d27e) (ScriptedImporter) -> (artifact id: '94239908b39c473df865871bccafc091') in 0.0260605 seconds
Number of updated asset objects reloaded before import = 0Number of asset objects unloaded after import = 7

========================================================================
Received Import Request.
  Time since last request: 0.000013 seconds.
  path: Assets/FPS/Prefabs/RootObjects/PBRamp_4m.mtl
  artifactKey: Guid(2b3281d18aca5eb45a67d68cae3a7adc) Importer(2089858483,d624ce77472d68a35037170ec1d2d27e)
Start importing Assets/FPS/Prefabs/RootObjects/PBRamp_4m.mtl using Guid(2b3281d18aca5eb45a67d68cae3a7adc) Importer(2089858483,d624ce77472d68a35037170ec1d2d27e) (ScriptedImporter) -> (artifact id: 'dca180ffcb734b48d870c3699081993f') in 0.012934 seconds
Number of updated asset objects reloaded before import = 0Number of asset objects unloaded after import = 1

========================================================================
Received Import Request.
  Time since last request: 0.000015 seconds.
  path: Assets/AddOns/MgFPS_Enemy_Boss/Animations/Animation/Weapon_Module@RocketLauncher_R_Shoot2.fbx
  artifactKey: Guid(be3675076a2147c42a19ccb99b39da65) Importer(2089858483,d624ce77472d68a35037170ec1d2d27e)
Start importing Assets/AddOns/MgFPS_Enemy_Boss/Animations/Animation/Weapon_Module@RocketLauncher_R_Shoot2.fbx using Guid(be3675076a2147c42a19ccb99b39da65) Importer(2089858483,d624ce77472d68a35037170ec1d2d27e) (ScriptedImporter) -> (artifact id: '4fcd9fc04526d7edf63607212cfe56f8') in 0.0181299 seconds
Number of updated asset objects reloaded before import = 0Number of asset objects unloaded after import = 22

========================================================================
Received Import Request.
  Time since last request: 0.000017 seconds.
  path: Assets/TextMesh Pro/Resources/Shaders/TMP_Bitmap-Custom-Atlas.shader
  artifactKey: Guid(563fac83acb5e3f4483bdd8b66d36882) Importer(2089858483,d624ce77472d68a35037170ec1d2d27e)
Start importing Assets/TextMesh Pro/Resources/Shaders/TMP_Bitmap-Custom-Atlas.shader using Guid(563fac83acb5e3f4483bdd8b66d36882) Importer(2089858483,d624ce77472d68a35037170ec1d2d27e) (ScriptedImporter) -> (artifact id: '7f2e6613821628ac46bf2ff0eefda5b7') in 0.0155847 seconds
Number of updated asset objects reloaded before import = 0Number of asset objects unloaded after import = 1

========================================================================
Received Import Request.
  Time since last request: 0.000026 seconds.
  path: Assets/AddOns/MgFPS_Haku/HakuMeshesAndTextures/Materials/Haku_Projectile.mat
  artifactKey: Guid(a1a1d033f0981b34fb9e8a0ec61438b0) Importer(2089858483,d624ce77472d68a35037170ec1d2d27e)
Start importing Assets/AddOns/MgFPS_Haku/HakuMeshesAndTextures/Materials/Haku_Projectile.mat using Guid(a1a1d033f0981b34fb9e8a0ec61438b0) Importer(2089858483,d624ce77472d68a35037170ec1d2d27e) (ScriptedImporter) -> (artifact id: 'cd2e58918c0b44bca48d4bc394bc2c5c') in 0.0472239 seconds
Number of updated asset objects reloaded before import = 0Number of asset objects unloaded after import = 1

========================================================================
Received Import Request.
  Time since last request: 0.000015 seconds.
  path: Assets/AddOns/MgFPS_Molt/Molt_VFX/Materials/MoltTrailAdditive.mat
  artifactKey: Guid(171307e20eda5c34d9c1428102dbe4d3) Importer(2089858483,d624ce77472d68a35037170ec1d2d27e)
Start importing Assets/AddOns/MgFPS_Molt/Molt_VFX/Materials/MoltTrailAdditive.mat using Guid(171307e20eda5c34d9c1428102dbe4d3) Importer(2089858483,d624ce77472d68a35037170ec1d2d27e) (ScriptedImporter) -> (artifact id: '50c89178dfe727096b11011d3bd7a61f') in 0.0447635 seconds
Number of updated asset objects reloaded before import = 0Number of asset objects unloaded after import = 2

========================================================================
Received Import Request.
  Time since last request: 0.000020 seconds.
  path: Assets/FPS/Scripts/Gameplay/WeaponPickup.cs
  artifactKey: Guid(4bffb1311779ed346a19fef7c9fa65ea) Importer(2089858483,d624ce77472d68a35037170ec1d2d27e)
Start importing Assets/FPS/Scripts/Gameplay/WeaponPickup.cs using Guid(4bffb1311779ed346a19fef7c9fa65ea) Importer(2089858483,d624ce77472d68a35037170ec1d2d27e) (ScriptedImporter) -> (artifact id: '076ca772ae1a37cbca529d366544f49a') in 0.0150609 seconds
Number of updated asset objects reloaded before import = 0Number of asset objects unloaded after import = 0

========================================================================
Received Import Request.
  Time since last request: 0.000019 seconds.
  path: Assets/FPS/Prefabs/Projectiles/Projectile_Disc.prefab
  artifactKey: Guid(0e23901b938cf4f4eb86850d912715eb) Importer(2089858483,d624ce77472d68a35037170ec1d2d27e)
Start importing Assets/FPS/Prefabs/Projectiles/Projectile_Disc.prefab using Guid(0e23901b938cf4f4eb86850d912715eb) Importer(2089858483,d624ce77472d68a35037170ec1d2d27e) (ScriptedImporter) -> (artifact id: '0e40bcb100b5c8de58e91fc3de408ff2') in 0.022548 seconds
Number of updated asset objects reloaded before import = 0Number of asset objects unloaded after import = 37

========================================================================
Received Import Request.
  Time since last request: 0.000017 seconds.
  path: Assets/FPS/Scripts/Gameplay/ChargedWeaponEffectsHandler.cs
  artifactKey: Guid(b92ab16a4151e294a9e6f5a025221be2) Importer(2089858483,d624ce77472d68a35037170ec1d2d27e)
Start importing Assets/FPS/Scripts/Gameplay/ChargedWeaponEffectsHandler.cs using Guid(b92ab16a4151e294a9e6f5a025221be2) Importer(2089858483,d624ce77472d68a35037170ec1d2d27e) (ScriptedImporter) -> (artifact id: '51b76c100614251989da5a6fdf77d6a5') in 0.0576661 seconds
Number of updated asset objects reloaded before import = 0Number of asset objects unloaded after import = 0

========================================================================
Received Import Request.
  Time since last request: 0.000013 seconds.
  path: Assets/FPS/Scripts/Gameplay/Pickup.cs
  artifactKey: Guid(c72a2c2e0f8c9194f9ab3b97752e8fec) Importer(2089858483,d624ce77472d68a35037170ec1d2d27e)
Start importing Assets/FPS/Scripts/Gameplay/Pickup.cs using Guid(c72a2c2e0f8c9194f9ab3b97752e8fec) Importer(2089858483,d624ce77472d68a35037170ec1d2d27e) (ScriptedImporter) -> (artifact id: 'fb50bd60c080042b4a18970422c4ab0e') in 0.0120206 seconds
Number of updated asset objects reloaded before import = 0Number of asset objects unloaded after import = 0

========================================================================
Received Import Request.
  Time since last request: 0.000013 seconds.
  path: Assets/AddOns/MgFPS_Enemy_Boss/Animations/Animation/Weapon_Module@Railgun_R.fbx
  artifactKey: Guid(b55bf8c94a27e574b9c53f90b725a305) Importer(2089858483,d624ce77472d68a35037170ec1d2d27e)
Start importing Assets/AddOns/MgFPS_Enemy_Boss/Animations/Animation/Weapon_Module@Railgun_R.fbx using Guid(b55bf8c94a27e574b9c53f90b725a305) Importer(2089858483,d624ce77472d68a35037170ec1d2d27e) (ScriptedImporter) -> (artifact id: '340162aa23b4227c014dfb9b3fcaf9d5') in 0.0376949 seconds
Number of updated asset objects reloaded before import = 0Number of asset objects unloaded after import = 14

========================================================================
Received Import Request.
  Time since last request: 1.666626 seconds.
  path: Assets/AddOns/MgFPS_Quasar/Quasar_VFX/Textures/Quasar_Circle.png
  artifactKey: Guid(9aaa5d45c03fb86499c6ab1a5b71f508) Importer(2089858483,d624ce77472d68a35037170ec1d2d27e)
Start importing Assets/AddOns/MgFPS_Quasar/Quasar_VFX/Textures/Quasar_Circle.png using Guid(9aaa5d45c03fb86499c6ab1a5b71f508) Importer(2089858483,d624ce77472d68a35037170ec1d2d27e) (ScriptedImporter) -> (artifact id: 'd8dc1e57b8d1b468114a5e81b28364b2') in 0.0611342 seconds
Number of updated asset objects reloaded before import = 0Number of asset objects unloaded after import = 1

========================================================================
Received Import Request.
  Time since last request: 0.000016 seconds.
  path: Assets/CodeMonkey/KeyDoorSystem/Readme/Editor/ReadmeEditor_KeyDoorSystem.cs
  artifactKey: Guid(1edaf448b625a9049803ff76e97bd3d7) Importer(2089858483,d624ce77472d68a35037170ec1d2d27e)
Start importing Assets/CodeMonkey/KeyDoorSystem/Readme/Editor/ReadmeEditor_KeyDoorSystem.cs using Guid(1edaf448b625a9049803ff76e97bd3d7) Importer(2089858483,d624ce77472d68a35037170ec1d2d27e) (ScriptedImporter) -> (artifact id: 'e52404c7b03df26dad3a74036875ec19') in 0.0135097 seconds
Number of updated asset objects reloaded before import = 0Number of asset objects unloaded after import = 0

========================================================================
Received Import Request.
  Time since last request: 0.000019 seconds.
  path: Assets/FPS/Art/Materials/Level/Floor_Grey.mat
  artifactKey: Guid(993b4056d6b0f8441bc26fe63f4babd5) Importer(2089858483,d624ce77472d68a35037170ec1d2d27e)
Start importing Assets/FPS/Art/Materials/Level/Floor_Grey.mat using Guid(993b4056d6b0f8441bc26fe63f4babd5) Importer(2089858483,d624ce77472d68a35037170ec1d2d27e) (ScriptedImporter) -> (artifact id: '2473e9f9597ce6f63ba0650a6674dfc2') in 0.018136 seconds
Number of updated asset objects reloaded before import = 0Number of asset objects unloaded after import = 1

========================================================================
Received Import Request.
  Time since last request: 0.000027 seconds.
  path: Assets/FPS/Art/Materials/VFX/ExclamationMark.mat
  artifactKey: Guid(a0c4a8e5c3d13f04e8e43d7cb33d1ea4) Importer(2089858483,d624ce77472d68a35037170ec1d2d27e)
Start importing Assets/FPS/Art/Materials/VFX/ExclamationMark.mat using Guid(a0c4a8e5c3d13f04e8e43d7cb33d1ea4) Importer(2089858483,d624ce77472d68a35037170ec1d2d27e) (ScriptedImporter) -> (artifact id: '5ad83995d7407ce3768f5f952f67bd71') in 0.0132198 seconds
Number of updated asset objects reloaded before import = 0Number of asset objects unloaded after import = 2

========================================================================
Received Import Request.
  Time since last request: 0.000015 seconds.
  path: Assets/CodeMonkey/KeyDoorSystem/Readme/Editor/CodeMonkey_KeyDoorSystem_Editor.asmdef
  artifactKey: Guid(76d895b328ffcae4dafcb16678830290) Importer(2089858483,d624ce77472d68a35037170ec1d2d27e)
Start importing Assets/CodeMonkey/KeyDoorSystem/Readme/Editor/CodeMonkey_KeyDoorSystem_Editor.asmdef using Guid(76d895b328ffcae4dafcb16678830290) Importer(2089858483,d624ce77472d68a35037170ec1d2d27e) (ScriptedImporter) -> (artifact id: '5f2e409c00c8ef706026589af9c497a2') in 0.011189 seconds
Number of updated asset objects reloaded before import = 0Number of asset objects unloaded after import = 1

========================================================================
Received Import Request.
  Time since last request: 0.000012 seconds.
  path: Assets/FPS/Art/Materials/Enemies/Turret_Body.mat
  artifactKey: Guid(bc52f7878b77b454787353158253aa1a) Importer(2089858483,d624ce77472d68a35037170ec1d2d27e)
Start importing Assets/FPS/Art/Materials/Enemies/Turret_Body.mat using Guid(bc52f7878b77b454787353158253aa1a) Importer(2089858483,d624ce77472d68a35037170ec1d2d27e) (ScriptedImporter) -> (artifact id: '44cd0137be160373f955beec5a36cd1a') in 0.0681043 seconds
Number of updated asset objects reloaded before import = 0Number of asset objects unloaded after import = 4

========================================================================
Received Import Request.
  Time since last request: 0.000016 seconds.
  path: Assets/FPS/Art/Textures/UI/TEX_Black_16x16.png
  artifactKey: Guid(3e7d439637d58744ba13be1b4b74413b) Importer(2089858483,d624ce77472d68a35037170ec1d2d27e)
Start importing Assets/FPS/Art/Textures/UI/TEX_Black_16x16.png using Guid(3e7d439637d58744ba13be1b4b74413b) Importer(2089858483,d624ce77472d68a35037170ec1d2d27e) (ScriptedImporter) -> (artifact id: '8a2caec6771527452d431b346db20b70') in 0.0974826 seconds
Number of updated asset objects reloaded before import = 0Number of asset objects unloaded after import = 3

========================================================================
Received Import Request.
  Time since last request: 0.000028 seconds.
  path: Assets/FPS/Art/Textures/Characters/Turret_Glass_Albedo.png
  artifactKey: Guid(999498a7bbaf0ac4c9a87187d9154a02) Importer(2089858483,d624ce77472d68a35037170ec1d2d27e)
Start importing Assets/FPS/Art/Textures/Characters/Turret_Glass_Albedo.png using Guid(999498a7bbaf0ac4c9a87187d9154a02) Importer(2089858483,d624ce77472d68a35037170ec1d2d27e) (ScriptedImporter) -> (artifact id: 'f06c5ab7d666db7bad3a204af1a6b5e0') in 0.0287749 seconds
Number of updated asset objects reloaded before import = 0Number of asset objects unloaded after import = 1

========================================================================
Received Import Request.
  Time since last request: 0.000017 seconds.
  path: Assets/FPS/Art/Materials/VFX/Sun.mat
  artifactKey: Guid(8da422a2fd1750842899fc4b5d7f9161) Importer(2089858483,d624ce77472d68a35037170ec1d2d27e)
Start importing Assets/FPS/Art/Materials/VFX/Sun.mat using Guid(8da422a2fd1750842899fc4b5d7f9161) Importer(2089858483,d624ce77472d68a35037170ec1d2d27e) (ScriptedImporter) -> (artifact id: 'ae1ec4e1c3c5a299b02f2a0e890bc5a6') in 0.0124496 seconds
Number of updated asset objects reloaded before import = 0Number of asset objects unloaded after import = 1

========================================================================
Received Import Request.
  Time since last request: 0.000016 seconds.
  path: Assets/FPS/Prefabs/Level/Catwalk/Cat_Hall_Window.prefab
  artifactKey: Guid(746c7d274c4ae2244a99432c3be5212a) Importer(2089858483,d624ce77472d68a35037170ec1d2d27e)
Start importing Assets/FPS/Prefabs/Level/Catwalk/Cat_Hall_Window.prefab using Guid(746c7d274c4ae2244a99432c3be5212a) Importer(2089858483,d624ce77472d68a35037170ec1d2d27e) (ScriptedImporter) -> (artifact id: '6eae3e349f937c125f2a702b7f657270') in 0.0327649 seconds
Number of updated asset objects reloaded before import = 0Number of asset objects unloaded after import = 34

========================================================================
Received Import Request.
  Time since last request: 0.000021 seconds.
  path: Assets/FPS/Audio/SFX/UI/Notification_End.wav
  artifactKey: Guid(a533219934975884e81c1add37af9930) Importer(2089858483,d624ce77472d68a35037170ec1d2d27e)
Start importing Assets/FPS/Audio/SFX/UI/Notification_End.wav using Guid(a533219934975884e81c1add37af9930) Importer(2089858483,d624ce77472d68a35037170ec1d2d27e) (ScriptedImporter) -> (artifact id: 'b2f0624322e02f03065df212b235f01f') in 0.0788735 seconds
Number of updated asset objects reloaded before import = 0Number of asset objects unloaded after import = 1

========================================================================
Received Import Request.
  Time since last request: 0.000029 seconds.
  path: Assets/FPS/Prefabs/Level/Ramps/Ramp_3m.prefab
  artifactKey: Guid(37ff5dafe824cb045a19f983787808dd) Importer(2089858483,d624ce77472d68a35037170ec1d2d27e)
Start importing Assets/FPS/Prefabs/Level/Ramps/Ramp_3m.prefab using Guid(37ff5dafe824cb045a19f983787808dd) Importer(2089858483,d624ce77472d68a35037170ec1d2d27e) (ScriptedImporter) -> (artifact id: 'a218ae9f79b7c255bf4218da06d38dcb') in 0.0121498 seconds
Number of updated asset objects reloaded before import = 0Number of asset objects unloaded after import = 10

========================================================================
Received Import Request.
  Time since last request: 0.000019 seconds.
  path: Assets/FPS/Art/Materials/VFX/MuzzleFlash.mat
  artifactKey: Guid(eb52fb0b8eb988248aac01ce3d48f122) Importer(2089858483,d624ce77472d68a35037170ec1d2d27e)
Start importing Assets/FPS/Art/Materials/VFX/MuzzleFlash.mat using Guid(eb52fb0b8eb988248aac01ce3d48f122) Importer(2089858483,d624ce77472d68a35037170ec1d2d27e) (ScriptedImporter) -> (artifact id: '95b23ea51423b2f33e1caee948b5a714') in 0.0152333 seconds
Number of updated asset objects reloaded before import = 0Number of asset objects unloaded after import = 2

========================================================================
Received Import Request.
  Time since last request: 0.000017 seconds.
  path: Assets/FPS/Art/Textures/Props/StatueBig_Normal.png
  artifactKey: Guid(1b8c2b2d5be41d84cb0f6f3acffaba19) Importer(2089858483,d624ce77472d68a35037170ec1d2d27e)
Start importing Assets/FPS/Art/Textures/Props/StatueBig_Normal.png using Guid(1b8c2b2d5be41d84cb0f6f3acffaba19) Importer(2089858483,d624ce77472d68a35037170ec1d2d27e) (ScriptedImporter) -> (artifact id: '651a8879401c87b6f82d41d20a1d396e') in 0.0231997 seconds
Number of updated asset objects reloaded before import = 0Number of asset objects unloaded after import = 1

========================================================================
Received Import Request.
  Time since last request: 0.000019 seconds.
  path: Assets/AddOns/MgFPS_Quasar/Quasar_VFX/Textures/Quasar_PointLight.png
  artifactKey: Guid(655ae24a197a777428c37222fa14e949) Importer(2089858483,d624ce77472d68a35037170ec1d2d27e)
Start importing Assets/AddOns/MgFPS_Quasar/Quasar_VFX/Textures/Quasar_PointLight.png using Guid(655ae24a197a777428c37222fa14e949) Importer(2089858483,d624ce77472d68a35037170ec1d2d27e) (ScriptedImporter) -> (artifact id: 'f0ee6d810ac6d06a4b224ca145a6e90c') in 0.0170548 seconds
Number of updated asset objects reloaded before import = 0Number of asset objects unloaded after import = 1

========================================================================
Received Import Request.
  Time since last request: 0.000024 seconds.
  path: Assets/FPS/Prefabs/Level/Walls/Wall_Corner.prefab
  artifactKey: Guid(8a7b575196771b94e931b1a43820d2a5) Importer(2089858483,d624ce77472d68a35037170ec1d2d27e)
Start importing Assets/FPS/Prefabs/Level/Walls/Wall_Corner.prefab using Guid(8a7b575196771b94e931b1a43820d2a5) Importer(2089858483,d624ce77472d68a35037170ec1d2d27e) (ScriptedImporter) -> (artifact id: '594b29f86a27d994737a2ac7adbc4bde') in 0.0222531 seconds
Number of updated asset objects reloaded before import = 0Number of asset objects unloaded after import = 19

========================================================================
Received Import Request.
  Time since last request: 0.000013 seconds.
  path: Assets/FPS/Art/Textures/UI/HUD_KeyScroll_Icon.png
  artifactKey: Guid(de218ea61675c9d4b9e7685a9b77398d) Importer(2089858483,d624ce77472d68a35037170ec1d2d27e)
Start importing Assets/FPS/Art/Textures/UI/HUD_KeyScroll_Icon.png using Guid(de218ea61675c9d4b9e7685a9b77398d) Importer(2089858483,d624ce77472d68a35037170ec1d2d27e) (ScriptedImporter) -> (artifact id: '8f9bc65ad63b064526999396bacb5121') in 0.0734053 seconds
Number of updated asset objects reloaded before import = 0Number of asset objects unloaded after import = 3

========================================================================
Received Import Request.
  Time since last request: 0.000015 seconds.
  path: Assets/FPS/Art/Materials/VFX/ShrapnelTriangle.mat
  artifactKey: Guid(01da79e0e5f33824fa9d48c9577b241b) Importer(2089858483,d624ce77472d68a35037170ec1d2d27e)
Start importing Assets/FPS/Art/Materials/VFX/ShrapnelTriangle.mat using Guid(01da79e0e5f33824fa9d48c9577b241b) Importer(2089858483,d624ce77472d68a35037170ec1d2d27e) (ScriptedImporter) -> (artifact id: '54080cbd9c4a8fb5230edaf8a7e586c5') in 0.3609013 seconds
Number of updated asset objects reloaded before import = 0Number of asset objects unloaded after import = 2

========================================================================
Received Import Request.
  Time since last request: 0.000027 seconds.
  path: Assets/FPS/Scripts/Game/Shared/Destructable.cs
  artifactKey: Guid(6f0914267284bd7468f8ac89253e1557) Importer(2089858483,d624ce77472d68a35037170ec1d2d27e)
Start importing Assets/FPS/Scripts/Game/Shared/Destructable.cs using Guid(6f0914267284bd7468f8ac89253e1557) Importer(2089858483,d624ce77472d68a35037170ec1d2d27e) (ScriptedImporter) -> (artifact id: '6d92b52795c6a1a3b8e48354ce4e8b8a') in 0.042735 seconds
Number of updated asset objects reloaded before import = 0Number of asset objects unloaded after import = 0

========================================================================
Received Import Request.
  Time since last request: 0.000017 seconds.
  path: Assets/FPS/Scripts/Game/Managers/EventManager.cs
  artifactKey: Guid(30e5751c33b241646926d24ab481e1f3) Importer(2089858483,d624ce77472d68a35037170ec1d2d27e)
Start importing Assets/FPS/Scripts/Game/Managers/EventManager.cs using Guid(30e5751c33b241646926d24ab481e1f3) Importer(2089858483,d624ce77472d68a35037170ec1d2d27e) (ScriptedImporter) -> (artifact id: '10667e422d03b5bdd2363be248d72266') in 0.0109714 seconds
Number of updated asset objects reloaded before import = 0Number of asset objects unloaded after import = 0

========================================================================
Received Import Request.
  Time since last request: 0.000016 seconds.
  path: Assets/FPS/Art/Textures/Pickups/Jetpack__MetallicSmooth.png
  artifactKey: Guid(e22e0a904feca9f4e8314f9ba5dc57e6) Importer(2089858483,d624ce77472d68a35037170ec1d2d27e)
Start importing Assets/FPS/Art/Textures/Pickups/Jetpack__MetallicSmooth.png using Guid(e22e0a904feca9f4e8314f9ba5dc57e6) Importer(2089858483,d624ce77472d68a35037170ec1d2d27e) (ScriptedImporter) -> (artifact id: 'bfcac0dcdf77d190a5eaaaacb0cb7e0f') in 0.0716098 seconds
Number of updated asset objects reloaded before import = 0Number of asset objects unloaded after import = 1

========================================================================
Received Import Request.
  Time since last request: 0.000016 seconds.
  path: Assets/FPS/Prefabs/Level/MainLvl/Section1/Observatory_Pit.prefab
  artifactKey: Guid(5af68970c2b97a343b406f11c91cc4fd) Importer(2089858483,d624ce77472d68a35037170ec1d2d27e)
Start importing Assets/FPS/Prefabs/Level/MainLvl/Section1/Observatory_Pit.prefab using Guid(5af68970c2b97a343b406f11c91cc4fd) Importer(2089858483,d624ce77472d68a35037170ec1d2d27e) (ScriptedImporter) -> (artifact id: '5cb5788b3fada223a5523bd6bf930585') in 0.0517377 seconds
Number of updated asset objects reloaded before import = 0Number of asset objects unloaded after import = 844

========================================================================
Received Import Request.
  Time since last request: 0.000036 seconds.
  path: Assets/FPS/Prefabs/Level/Walls/Wall_Door.prefab
  artifactKey: Guid(6a26c84054df0e641b1d0f7c96d366e4) Importer(2089858483,d624ce77472d68a35037170ec1d2d27e)
Start importing Assets/FPS/Prefabs/Level/Walls/Wall_Door.prefab using Guid(6a26c84054df0e641b1d0f7c96d366e4) Importer(2089858483,d624ce77472d68a35037170ec1d2d27e) (ScriptedImporter) -> (artifact id: '9565fd3c00df7f0931b191b135da77d6') in 0.0145997 seconds
Number of updated asset objects reloaded before import = 0Number of asset objects unloaded after import = 10

========================================================================
Received Import Request.
  Time since last request: 0.000014 seconds.
  path: Assets/CodeMonkey/KeyDoorSystem/Objects/Keys/KeyRed.asset
  artifactKey: Guid(323d9359d9afd2a41bae33b8f886ac7c) Importer(2089858483,d624ce77472d68a35037170ec1d2d27e)
Start importing Assets/CodeMonkey/KeyDoorSystem/Objects/Keys/KeyRed.asset using Guid(323d9359d9afd2a41bae33b8f886ac7c) Importer(2089858483,d624ce77472d68a35037170ec1d2d27e) (ScriptedImporter) -> (artifact id: '0912ea2fab0596cd4b536345f3c5f3c2') in 0.0241866 seconds
Number of updated asset objects reloaded before import = 0Number of asset objects unloaded after import = 1

========================================================================
Received Import Request.
  Time since last request: 0.000014 seconds.
  path: Assets/FPS/Art/Materials/Level/Sign_Orange.mat
  artifactKey: Guid(1151f4057e77ab5429143caedba0a672) Importer(2089858483,d624ce77472d68a35037170ec1d2d27e)
Start importing Assets/FPS/Art/Materials/Level/Sign_Orange.mat using Guid(1151f4057e77ab5429143caedba0a672) Importer(2089858483,d624ce77472d68a35037170ec1d2d27e) (ScriptedImporter) -> (artifact id: '69867ab14032f5054997edcacfd7a24b') in 0.0144681 seconds
Number of updated asset objects reloaded before import = 0Number of asset objects unloaded after import = 1

========================================================================
Received Import Request.
  Time since last request: 0.000021 seconds.
  path: Assets/AddOns/MgFPS_Enemy_Boss/Audio/SFX/Boss/Detection/SearchLight.wav
  artifactKey: Guid(74c719ac3c8f4df4e80a62b2d749ca54) Importer(2089858483,d624ce77472d68a35037170ec1d2d27e)
Start importing Assets/AddOns/MgFPS_Enemy_Boss/Audio/SFX/Boss/Detection/SearchLight.wav using Guid(74c719ac3c8f4df4e80a62b2d749ca54) Importer(2089858483,d624ce77472d68a35037170ec1d2d27e) (ScriptedImporter) -> (artifact id: '81d9745f583488537b816320bc40a13b') in 0.0278447 seconds
Number of updated asset objects reloaded before import = 0Number of asset objects unloaded after import = 1

========================================================================
Received Import Request.
  Time since last request: 0.000028 seconds.
  path: Assets/FPS/Audio/SFX/Weapons/Launcher_Explosion.wav
  artifactKey: Guid(cba089de3eef16d46baeda4077140a74) Importer(2089858483,d624ce77472d68a35037170ec1d2d27e)
Start importing Assets/FPS/Audio/SFX/Weapons/Launcher_Explosion.wav using Guid(cba089de3eef16d46baeda4077140a74) Importer(2089858483,d624ce77472d68a35037170ec1d2d27e) (ScriptedImporter) -> (artifact id: '41aec602f12af102a5e8494de16d406b') in 0.0842482 seconds
Number of updated asset objects reloaded before import = 0Number of asset objects unloaded after import = 1

========================================================================
Received Import Request.
  Time since last request: 0.000015 seconds.
  path: Assets/FPS/Prefabs/PBObjects/Walls/PBWall_Door.prefab
  artifactKey: Guid(b7c7b6c607e55b347bdb24a084808fb7) Importer(2089858483,d624ce77472d68a35037170ec1d2d27e)
Start importing Assets/FPS/Prefabs/PBObjects/Walls/PBWall_Door.prefab using Guid(b7c7b6c607e55b347bdb24a084808fb7) Importer(2089858483,d624ce77472d68a35037170ec1d2d27e) (ScriptedImporter) -> (artifact id: 'fbade139230ba682095e4f58005290c6') in 0.0473231 seconds
Number of updated asset objects reloaded before import = 0Number of asset objects unloaded after import = 11

========================================================================
Received Import Request.
  Time since last request: 0.000017 seconds.
  path: Assets/FPS/Art/Textures/Pickups/HealthPickup_Emissive.png
  artifactKey: Guid(4558c3ebd7b7e9640a0fc519b2820838) Importer(2089858483,d624ce77472d68a35037170ec1d2d27e)
Start importing Assets/FPS/Art/Textures/Pickups/HealthPickup_Emissive.png using Guid(4558c3ebd7b7e9640a0fc519b2820838) Importer(2089858483,d624ce77472d68a35037170ec1d2d27e) (ScriptedImporter) -> (artifact id: '819e10aff59064de8ffef9044652cf3d') in 0.0237781 seconds
Number of updated asset objects reloaded before import = 0Number of asset objects unloaded after import = 1

========================================================================
Received Import Request.
  Time since last request: 0.000024 seconds.
  path: Assets/AddOns/MgFPS_Enemy_Boss/Audio/SFX/Boss/Detection/Boss_Movement.wav
  artifactKey: Guid(ce0d324e9d9a88341a35efed2e31997c) Importer(2089858483,d624ce77472d68a35037170ec1d2d27e)
Start importing Assets/AddOns/MgFPS_Enemy_Boss/Audio/SFX/Boss/Detection/Boss_Movement.wav using Guid(ce0d324e9d9a88341a35efed2e31997c) Importer(2089858483,d624ce77472d68a35037170ec1d2d27e) (ScriptedImporter) -> (artifact id: 'b21cae7eab646d17e9e99d4e174b8ee8') in 0.0389142 seconds
Number of updated asset objects reloaded before import = 0Number of asset objects unloaded after import = 1

========================================================================
Received Import Request.
  Time since last request: 0.000015 seconds.
  path: Assets/FPS/Prefabs/Level/Signs/Sign_Triangle.prefab
  artifactKey: Guid(406361925eb618a49b3e29d64b5b734d) Importer(2089858483,d624ce77472d68a35037170ec1d2d27e)
Start importing Assets/FPS/Prefabs/Level/Signs/Sign_Triangle.prefab using Guid(406361925eb618a49b3e29d64b5b734d) Importer(2089858483,d624ce77472d68a35037170ec1d2d27e) (ScriptedImporter) -> (artifact id: 'e9ae6471907a718743aa60b27eab041f') in 0.016512 seconds
Number of updated asset objects reloaded before import = 0Number of asset objects unloaded after import = 8

========================================================================
Received Import Request.
  Time since last request: 0.000020 seconds.
  path: Assets/FPS/Prefabs/Level/Walls/Wall_Window.prefab
  artifactKey: Guid(726c5e13e3c5f3144bf1cabe65f5a638) Importer(2089858483,d624ce77472d68a35037170ec1d2d27e)
Start importing Assets/FPS/Prefabs/Level/Walls/Wall_Window.prefab using Guid(726c5e13e3c5f3144bf1cabe65f5a638) Importer(2089858483,d624ce77472d68a35037170ec1d2d27e) (ScriptedImporter) -> (artifact id: 'ca7ec52c8f72d3079488f8fd26615f4c') in 0.0130886 seconds
Number of updated asset objects reloaded before import = 0Number of asset objects unloaded after import = 10

========================================================================
Received Import Request.
  Time since last request: 0.000029 seconds.
  path: Assets/AddOns/MgFPS_Thunderlight/Thunderlight_MeshandTextures/Textures/Thunderlight_Emission.png
  artifactKey: Guid(0abc18c4c674d5b42b80f7f788419761) Importer(2089858483,d624ce77472d68a35037170ec1d2d27e)
Start importing Assets/AddOns/MgFPS_Thunderlight/Thunderlight_MeshandTextures/Textures/Thunderlight_Emission.png using Guid(0abc18c4c674d5b42b80f7f788419761) Importer(2089858483,d624ce77472d68a35037170ec1d2d27e) (ScriptedImporter) -> (artifact id: '0fd855e41b39b234a236d5ccaf69f9e0') in 0.0266367 seconds
Number of updated asset objects reloaded before import = 0Number of asset objects unloaded after import = 1

========================================================================
Received Import Request.
  Time since last request: 0.000014 seconds.
  path: Assets/FPS/Art/Textures/UI/Stance_Stand_Icon.png
  artifactKey: Guid(52709b32aa114154aa3f42f22d4d225c) Importer(2089858483,d624ce77472d68a35037170ec1d2d27e)
Start importing Assets/FPS/Art/Textures/UI/Stance_Stand_Icon.png using Guid(52709b32aa114154aa3f42f22d4d225c) Importer(2089858483,d624ce77472d68a35037170ec1d2d27e) (ScriptedImporter) -> (artifact id: 'b8cd7e0ec806bbb9668529ab48b95364') in 0.0507593 seconds
Number of updated asset objects reloaded before import = 0Number of asset objects unloaded after import = 3

========================================================================
Received Import Request.
  Time since last request: 0.000020 seconds.
  path: Assets/FPS/Prefabs/Level/BaseObjects/_ReadMe_BaseObjects.txt
  artifactKey: Guid(976e6d34f891e38488eb8ed8a2290007) Importer(2089858483,d624ce77472d68a35037170ec1d2d27e)
Start importing Assets/FPS/Prefabs/Level/BaseObjects/_ReadMe_BaseObjects.txt using Guid(976e6d34f891e38488eb8ed8a2290007) Importer(2089858483,d624ce77472d68a35037170ec1d2d27e) (ScriptedImporter) -> (artifact id: '6987f44d0108a8f0066dc58928141714') in 0.0112075 seconds
Number of updated asset objects reloaded before import = 0Number of asset objects unloaded after import = 1

========================================================================
Received Import Request.
  Time since last request: 0.000022 seconds.
  path: Assets/FPS/Prefabs/PBObjects/Floors/PBBasic_Floor.prefab
  artifactKey: Guid(355094681dd488e4bb13ff49bbcee919) Importer(2089858483,d624ce77472d68a35037170ec1d2d27e)
Start importing Assets/FPS/Prefabs/PBObjects/Floors/PBBasic_Floor.prefab using Guid(355094681dd488e4bb13ff49bbcee919) Importer(2089858483,d624ce77472d68a35037170ec1d2d27e) (ScriptedImporter) -> (artifact id: 'cf9edea48292b179ac845a18b1c48eff') in 0.0129796 seconds
Number of updated asset objects reloaded before import = 0Number of asset objects unloaded after import = 28

========================================================================
Received Import Request.
  Time since last request: 0.000016 seconds.
  path: Assets/AddOns/MgFPS_Thunderlight/Thunderlight_MeshandTextures/Materials/Thunderlight.mat
  artifactKey: Guid(67877a04f22e3fe459ad6afe47ac71b8) Importer(2089858483,d624ce77472d68a35037170ec1d2d27e)
Start importing Assets/AddOns/MgFPS_Thunderlight/Thunderlight_MeshandTextures/Materials/Thunderlight.mat using Guid(67877a04f22e3fe459ad6afe47ac71b8) Importer(2089858483,d624ce77472d68a35037170ec1d2d27e) (ScriptedImporter) -> (artifact id: 'c0315f31661c63e1b6f00edf4865c690') in 0.0190251 seconds
Number of updated asset objects reloaded before import = 0Number of asset objects unloaded after import = 5

========================================================================
Received Import Request.
  Time since last request: 0.000014 seconds.
  path: Assets/FPS/Prefabs/Level/Signs/Sign_Pyramid_Orange.prefab
  artifactKey: Guid(aa08b41b35f44f14b88700116e6ecff3) Importer(2089858483,d624ce77472d68a35037170ec1d2d27e)
Start importing Assets/FPS/Prefabs/Level/Signs/Sign_Pyramid_Orange.prefab using Guid(aa08b41b35f44f14b88700116e6ecff3) Importer(2089858483,d624ce77472d68a35037170ec1d2d27e) (ScriptedImporter) -> (artifact id: 'ec64611afa5546aa49c7dd0a02b2e74d') in 0.0137074 seconds
Number of updated asset objects reloaded before import = 0Number of asset objects unloaded after import = 9

========================================================================
Received Import Request.
  Time since last request: 0.000021 seconds.
  path: Assets/AddOns/MgFPS_Vaporizer/VaporizerMeshAndTexture/Textures/Vaporizer_MetallicSmoothness.png
  artifactKey: Guid(c9c02636bba52754487512bf63999c1d) Importer(2089858483,d624ce77472d68a35037170ec1d2d27e)
Start importing Assets/AddOns/MgFPS_Vaporizer/VaporizerMeshAndTexture/Textures/Vaporizer_MetallicSmoothness.png using Guid(c9c02636bba52754487512bf63999c1d) Importer(2089858483,d624ce77472d68a35037170ec1d2d27e) (ScriptedImporter) -> (artifact id: '174e3ef0e5e86bc818ece315af0788c2') in 0.0151491 seconds
Number of updated asset objects reloaded before import = 0Number of asset objects unloaded after import = 1

========================================================================
Received Import Request.
  Time since last request: 0.000019 seconds.
  path: Assets/FPS/Prefabs/Level/MainLvl/Section1/Observatory.prefab
  artifactKey: Guid(659fddafec3ba284aaa98efbc1d55aed) Importer(2089858483,d624ce77472d68a35037170ec1d2d27e)
Start importing Assets/FPS/Prefabs/Level/MainLvl/Section1/Observatory.prefab using Guid(659fddafec3ba284aaa98efbc1d55aed) Importer(2089858483,d624ce77472d68a35037170ec1d2d27e) (ScriptedImporter) -> (artifact id: '300302abb5b9411a837bee3dc8e181b3') in 0.0164185 seconds
Number of updated asset objects reloaded before import = 0Number of asset objects unloaded after import = 322

========================================================================
Received Import Request.
  Time since last request: 0.000015 seconds.
  path: Assets/FPS/Art/Textures/VFX/JetPackPulse.png
  artifactKey: Guid(f622e91314538074b87bd3e3cf8e1dbd) Importer(2089858483,d624ce77472d68a35037170ec1d2d27e)
Start importing Assets/FPS/Art/Textures/VFX/JetPackPulse.png using Guid(f622e91314538074b87bd3e3cf8e1dbd) Importer(2089858483,d624ce77472d68a35037170ec1d2d27e) (ScriptedImporter) -> (artifact id: '7c2917c6a8ebf40d527639a1d6b40e7e') in 0.1630795 seconds
Number of updated asset objects reloaded before import = 0Number of asset objects unloaded after import = 1

========================================================================
Received Import Request.
  Time since last request: 0.000019 seconds.
  path: Assets/FPS/Art/Textures/Weapons/Launcher_Normal.png
  artifactKey: Guid(86f145854ac56cc4e81378d20cc8dc5c) Importer(2089858483,d624ce77472d68a35037170ec1d2d27e)
Start importing Assets/FPS/Art/Textures/Weapons/Launcher_Normal.png using Guid(86f145854ac56cc4e81378d20cc8dc5c) Importer(2089858483,d624ce77472d68a35037170ec1d2d27e) (ScriptedImporter) -> (artifact id: '9d9aef075a4a79b5289bb777d90c9727') in 0.015093 seconds
Number of updated asset objects reloaded before import = 0Number of asset objects unloaded after import = 1

========================================================================
Received Import Request.
  Time since last request: 0.000019 seconds.
  path: Assets/FPS/Prefabs/Level/MainLvl/Section2/Steps.prefab
  artifactKey: Guid(07eb2806dae146240b327bbd547410b9) Importer(2089858483,d624ce77472d68a35037170ec1d2d27e)
Start importing Assets/FPS/Prefabs/Level/MainLvl/Section2/Steps.prefab using Guid(07eb2806dae146240b327bbd547410b9) Importer(2089858483,d624ce77472d68a35037170ec1d2d27e) (ScriptedImporter) -> (artifact id: 'b0f4a6d4a6bb4a0e0b74123d65ea5ba9') in 0.0146768 seconds
Number of updated asset objects reloaded before import = 0Number of asset objects unloaded after import = 557

========================================================================
Received Import Request.
  Time since last request: 0.000014 seconds.
  path: Assets/FPS/Audio/SFX/Player/Land_Damage.wav
  artifactKey: Guid(ef980d09b569380459e609fe90ef1db2) Importer(2089858483,d624ce77472d68a35037170ec1d2d27e)
Start importing Assets/FPS/Audio/SFX/Player/Land_Damage.wav using Guid(ef980d09b569380459e609fe90ef1db2) Importer(2089858483,d624ce77472d68a35037170ec1d2d27e) (ScriptedImporter) -> (artifact id: '12bd112cc1245fe9a9958008f27b9af3') in 0.0522595 seconds
Number of updated asset objects reloaded before import = 0Number of asset objects unloaded after import = 1

========================================================================
Received Import Request.
  Time since last request: 0.000017 seconds.
  path: Assets/FPS/Prefabs/Level/Walls/Wall_DoorLarge.prefab
  artifactKey: Guid(91732847dbb8d924185dc7bf4516509c) Importer(2089858483,d624ce77472d68a35037170ec1d2d27e)
Start importing Assets/FPS/Prefabs/Level/Walls/Wall_DoorLarge.prefab using Guid(91732847dbb8d924185dc7bf4516509c) Importer(2089858483,d624ce77472d68a35037170ec1d2d27e) (ScriptedImporter) -> (artifact id: '32b6ee41cf967a19e5bb24c8b0753faf') in 0.01501 seconds
Number of updated asset objects reloaded before import = 0Number of asset objects unloaded after import = 10

========================================================================
Received Import Request.
  Time since last request: 0.000026 seconds.
  path: Assets/FPS/Prefabs/Level/Rooms/Room_Altar.prefab
  artifactKey: Guid(115dbd335d944e049a14c0345b664cf6) Importer(2089858483,d624ce77472d68a35037170ec1d2d27e)
Start importing Assets/FPS/Prefabs/Level/Rooms/Room_Altar.prefab using Guid(115dbd335d944e049a14c0345b664cf6) Importer(2089858483,d624ce77472d68a35037170ec1d2d27e) (ScriptedImporter) -> (artifact id: 'b4d25304882228dcb3c175aba31b9fc6') in 0.0632105 seconds
Number of updated asset objects reloaded before import = 0Number of asset objects unloaded after import = 510

========================================================================
Received Import Request.
  Time since last request: 0.000013 seconds.
  path: Assets/FPS/Prefabs/Level/Steps/HighStep_Double.prefab
  artifactKey: Guid(31ab3fc1638d09d4f945c081e2cd1f75) Importer(2089858483,d624ce77472d68a35037170ec1d2d27e)
Start importing Assets/FPS/Prefabs/Level/Steps/HighStep_Double.prefab using Guid(31ab3fc1638d09d4f945c081e2cd1f75) Importer(2089858483,d624ce77472d68a35037170ec1d2d27e) (ScriptedImporter) -> (artifact id: 'f3b705105f472d2ba6b9f8baaae380c9') in 0.0661722 seconds
Number of updated asset objects reloaded before import = 0Number of asset objects unloaded after import = 90

========================================================================
Received Import Request.
  Time since last request: 0.000019 seconds.
  path: Assets/FPS/Prefabs/Level/BaseObjects/Wall_Window_Mesh.prefab
  artifactKey: Guid(f40315d44d0aa1744adca0bd971f7293) Importer(2089858483,d624ce77472d68a35037170ec1d2d27e)
Start importing Assets/FPS/Prefabs/Level/BaseObjects/Wall_Window_Mesh.prefab using Guid(f40315d44d0aa1744adca0bd971f7293) Importer(2089858483,d624ce77472d68a35037170ec1d2d27e) (ScriptedImporter) -> (artifact id: '22d690122a68053c93654eeb53e4a51d') in 0.0195476 seconds
Number of updated asset objects reloaded before import = 0Number of asset objects unloaded after import = 9

========================================================================
Received Import Request.
  Time since last request: 0.000028 seconds.
  path: Assets/FPS/Art/Textures/Pickups/Jetpack_Albedo.png
  artifactKey: Guid(3bc42c7469f8a8545990a1ff3e431431) Importer(2089858483,d624ce77472d68a35037170ec1d2d27e)
Start importing Assets/FPS/Art/Textures/Pickups/Jetpack_Albedo.png using Guid(3bc42c7469f8a8545990a1ff3e431431) Importer(2089858483,d624ce77472d68a35037170ec1d2d27e) (ScriptedImporter) -> (artifact id: '5510ef3df506c57b69ed4d94058e8064') in 0.0149035 seconds
Number of updated asset objects reloaded before import = 0Number of asset objects unloaded after import = 1

========================================================================
Received Import Request.
  Time since last request: 0.000015 seconds.
  path: Assets/FPS/Prefabs/Level/Floors/Floor_6x6.prefab
  artifactKey: Guid(e37fa63419b53f34f99d1b98fda16468) Importer(2089858483,d624ce77472d68a35037170ec1d2d27e)
Start importing Assets/FPS/Prefabs/Level/Floors/Floor_6x6.prefab using Guid(e37fa63419b53f34f99d1b98fda16468) Importer(2089858483,d624ce77472d68a35037170ec1d2d27e) (ScriptedImporter) -> (artifact id: 'b710b8fae949e62975b5643c51c2bdb7') in 0.0590697 seconds
Number of updated asset objects reloaded before import = 0Number of asset objects unloaded after import = 265

========================================================================
Received Import Request.
  Time since last request: 0.000022 seconds.
  path: Assets/AddOns/MgFPS_Vaporizer/VaporizerMeshAndTexture/Textures/Vaporizer_Emission.png
  artifactKey: Guid(6d20725e8e369974d84df540d4d6976e) Importer(2089858483,d624ce77472d68a35037170ec1d2d27e)
Start importing Assets/AddOns/MgFPS_Vaporizer/VaporizerMeshAndTexture/Textures/Vaporizer_Emission.png using Guid(6d20725e8e369974d84df540d4d6976e) Importer(2089858483,d624ce77472d68a35037170ec1d2d27e) (ScriptedImporter) -> (artifact id: '8a7e3cf55b1894c5d6499e7e93c139f1') in 0.0157313 seconds
Number of updated asset objects reloaded before import = 0Number of asset objects unloaded after import = 1

========================================================================
Received Import Request.
  Time since last request: 0.000028 seconds.
  path: Assets/FPS/Prefabs/Level/Catwalk/Cat_Hall_Mix.prefab
  artifactKey: Guid(31cd6c201ec4ebd40bb41c07f40be4af) Importer(2089858483,d624ce77472d68a35037170ec1d2d27e)
Start importing Assets/FPS/Prefabs/Level/Catwalk/Cat_Hall_Mix.prefab using Guid(31cd6c201ec4ebd40bb41c07f40be4af) Importer(2089858483,d624ce77472d68a35037170ec1d2d27e) (ScriptedImporter) -> (artifact id: 'd832763ee43d38f4e63b1b279857a354') in 0.0132316 seconds
Number of updated asset objects reloaded before import = 0Number of asset objects unloaded after import = 35

========================================================================
Received Import Request.
  Time since last request: 0.000020 seconds.
  path: Assets/FPS/Scripts/Gameplay/Objectives/ObjectivePickupItem.cs
  artifactKey: Guid(33498356859fc2040b30fc2e60beac7f) Importer(2089858483,d624ce77472d68a35037170ec1d2d27e)
Start importing Assets/FPS/Scripts/Gameplay/Objectives/ObjectivePickupItem.cs using Guid(33498356859fc2040b30fc2e60beac7f) Importer(2089858483,d624ce77472d68a35037170ec1d2d27e) (ScriptedImporter) -> (artifact id: 'a011bb74720d874543a681ae48b5e5f5') in 0.0122304 seconds
Number of updated asset objects reloaded before import = 0Number of asset objects unloaded after import = 0

========================================================================
Received Import Request.
  Time since last request: 0.000017 seconds.
  path: Assets/FPS/Art/Textures/Characters/HoverBot_Body_Albedo.png
  artifactKey: Guid(7963b2bc87c304a4b9f72df26e63f964) Importer(2089858483,d624ce77472d68a35037170ec1d2d27e)
Start importing Assets/FPS/Art/Textures/Characters/HoverBot_Body_Albedo.png using Guid(7963b2bc87c304a4b9f72df26e63f964) Importer(2089858483,d624ce77472d68a35037170ec1d2d27e) (ScriptedImporter) -> (artifact id: '8519af313e14d4363a5348bd56595fd9') in 0.0185327 seconds
Number of updated asset objects reloaded before import = 0Number of asset objects unloaded after import = 1

========================================================================
Received Import Request.
  Time since last request: 0.000017 seconds.
  path: Assets/FPS/Prefabs/Level/Floors/Basic_Floor.prefab
  artifactKey: Guid(2954f5c29859c9d448513c8bd60b3344) Importer(2089858483,d624ce77472d68a35037170ec1d2d27e)
Start importing Assets/FPS/Prefabs/Level/Floors/Basic_Floor.prefab using Guid(2954f5c29859c9d448513c8bd60b3344) Importer(2089858483,d624ce77472d68a35037170ec1d2d27e) (ScriptedImporter) -> (artifact id: '084d9764f3eeb7f43ec89e74081b00fc') in 0.039342 seconds
Number of updated asset objects reloaded before import = 0Number of asset objects unloaded after import = 10

========================================================================
Received Import Request.
  Time since last request: 0.000030 seconds.
  path: Assets/FPS/Prefabs/Level/Dungeon/Dun_Tower_Open.prefab
  artifactKey: Guid(1d5f7af86369d6d49be1dc50227c3be5) Importer(2089858483,d624ce77472d68a35037170ec1d2d27e)
Start importing Assets/FPS/Prefabs/Level/Dungeon/Dun_Tower_Open.prefab using Guid(1d5f7af86369d6d49be1dc50227c3be5) Importer(2089858483,d624ce77472d68a35037170ec1d2d27e) (ScriptedImporter) -> (artifact id: 'bfebe074ab86f376d14f41ee062bebb6') in 0.0140442 seconds
Number of updated asset objects reloaded before import = 0Number of asset objects unloaded after import = 182

========================================================================
Received Import Request.
  Time since last request: 0.000017 seconds.
  path: Assets/FPS/Art/Materials/VFX/ImpactFlare.mat
  artifactKey: Guid(5e98ae3eabd1549449a0ae4409a21eff) Importer(2089858483,d624ce77472d68a35037170ec1d2d27e)
Start importing Assets/FPS/Art/Materials/VFX/ImpactFlare.mat using Guid(5e98ae3eabd1549449a0ae4409a21eff) Importer(2089858483,d624ce77472d68a35037170ec1d2d27e) (ScriptedImporter) -> (artifact id: 'c27559a080406246b48b0309927f8eac') in 0.0124685 seconds
Number of updated asset objects reloaded before import = 0Number of asset objects unloaded after import = 2

========================================================================
Received Import Request.
  Time since last request: 0.000018 seconds.
  path: Assets/FPS/Audio/SFX/Pickups/Pickup_Weapon_Small.wav
  artifactKey: Guid(7b83d61917ac1224f942a0609b1221f2) Importer(2089858483,d624ce77472d68a35037170ec1d2d27e)
Start importing Assets/FPS/Audio/SFX/Pickups/Pickup_Weapon_Small.wav using Guid(7b83d61917ac1224f942a0609b1221f2) Importer(2089858483,d624ce77472d68a35037170ec1d2d27e) (ScriptedImporter) -> (artifact id: 'ef6548d1c1832db8f92552d752f42a76') in 0.0370985 seconds
Number of updated asset objects reloaded before import = 0Number of asset objects unloaded after import = 1

========================================================================
Received Import Request.
  Time since last request: 0.000018 seconds.
  path: Assets/FPS/Prefabs/Level/Rooms/Room_Small_T.prefab
  artifactKey: Guid(75bc57e6a3cbdf24fabc12b67cc778e6) Importer(2089858483,d624ce77472d68a35037170ec1d2d27e)
Start importing Assets/FPS/Prefabs/Level/Rooms/Room_Small_T.prefab using Guid(75bc57e6a3cbdf24fabc12b67cc778e6) Importer(2089858483,d624ce77472d68a35037170ec1d2d27e) (ScriptedImporter) -> (artifact id: '377ba67e752c48e71c1871be372a9e75') in 0.0194193 seconds
Number of updated asset objects reloaded before import = 0Number of asset objects unloaded after import = 410

========================================================================
Received Import Request.
  Time since last request: 0.000030 seconds.
  path: Assets/FPS/Art/Textures/Props/WallStatue_Albedo.png
  artifactKey: Guid(52e983557bdd8314abd22a38fb36db9e) Importer(2089858483,d624ce77472d68a35037170ec1d2d27e)
Start importing Assets/FPS/Art/Textures/Props/WallStatue_Albedo.png using Guid(52e983557bdd8314abd22a38fb36db9e) Importer(2089858483,d624ce77472d68a35037170ec1d2d27e) (ScriptedImporter) -> (artifact id: 'a7302c4c680c378cd4c427a4005bd5d8') in 0.0235351 seconds
Number of updated asset objects reloaded before import = 0Number of asset objects unloaded after import = 1

Editor requested this worker to shutdown with reason: Scaling down because of idle timeout
AssetImportWorker is now disconnected from the server
Process exiting
Exiting without the bug reporter. Application will terminate with return code 0