[Licensing::Module] Trying to connect to existing licensing client channel...
Built from '6000.3/staging' branch; Version is '6000.3.8f1 (1c7db571dde0) revision 1867189'; Using compiler version '194234433'; Build Type 'Release'
OS: 'Windows 11  (10.0.26100) Education' Language: 'en' Physical Memory: 65129 MB
BatchMode: 1, IsHumanControllingUs: 0, StartBugReporterOnCrash: 0, Is64bit: 1
System  architecture: x64
Process architecture: x64
Date: 2026-06-19T10:28:17Z
[Licensing::IpcConnector] Successfully connected to: "LicenseClient-nigel.morris" at "2026-06-19T10:28:17.2520512Z"

COMMAND LINE ARGUMENTS:
C:\Program Files\Unity\Hub\Editor\6000.3.8f1\Editor\Unity.exe
-adb2
-batchMode
-noUpm
-name
AssetImportWorker5
-projectPath
C:/Users/nigel.morris/OneDrive - eastsussexcollegegroup/Documents/GitHub/FPS-Microgame-2025
-logFile
Logs/AssetImportWorker5.log
-srvPort
60591
-licensingIpc
LicenseClient-nigel.morris
-job-worker-count
11
-background-job-worker-count
8
-gc-helper-count
1
-name
AssetImport
Successfully changed project path to: C:/Users/nigel.morris/OneDrive - eastsussexcollegegroup/Documents/GitHub/FPS-Microgame-2025
C:/Users/nigel.morris/OneDrive - eastsussexcollegegroup/Documents/GitHub/FPS-Microgame-2025
[UnityMemory] Configuration Parameters - Can be set up in boot.config
    "memorysetup-temp-allocator-size-nav-mesh-worker=65536"
    "memorysetup-temp-allocator-size-audio-worker=65536"
    "memorysetup-temp-allocator-size-gfx=262144"
    "memorysetup-allocator-temp-initial-block-size-main=262144"
    "memorysetup-allocator-temp-initial-block-size-worker=262144"
    "memorysetup-temp-allocator-size-background-worker=32768"
    "memorysetup-temp-allocator-size-job-worker=262144"
    "memorysetup-temp-allocator-size-preload-manager=33554432"
    "memorysetup-temp-allocator-size-gi-baking-worker=262144"
    "memorysetup-temp-allocator-size-gi-baking-worker=262144"
    "memorysetup-temp-allocator-size-gi-baking-worker=262144"
    "memorysetup-temp-allocator-size-gi-baking-worker=262144"
    "memorysetup-temp-allocator-size-gi-baking-worker=262144"
    "memorysetup-bucket-allocator-granularity=16"
    "memorysetup-bucket-allocator-bucket-count=8"
    "memorysetup-bucket-allocator-block-size=33554432"
    "memorysetup-bucket-allocator-block-count=8"
    "memorysetup-main-allocator-block-size=16777216"
    "memorysetup-thread-allocator-block-size=16777216"
    "memorysetup-gfx-main-allocator-block-size=16777216"
    "memorysetup-gfx-thread-allocator-block-size=16777216"
    "memorysetup-cache-allocator-block-size=4194304"
    "memorysetup-typetree-allocator-block-size=2097152"
    "memorysetup-profiler-bucket-allocator-granularity=16"
    "memorysetup-profiler-bucket-allocator-bucket-count=8"
    "memorysetup-profiler-bucket-allocator-block-size=33554432"
    "memorysetup-profiler-bucket-allocator-block-count=8"
    "memorysetup-profiler-allocator-block-size=16777216"
    "memorysetup-profiler-editor-allocator-block-size=1048576"
    "memorysetup-temp-allocator-size-main=16777216"
    "memorysetup-job-temp-allocator-block-size=2097152"
    "memorysetup-job-temp-allocator-block-size-background=1048576"
    "memorysetup-job-temp-allocator-reduction-small-platforms=262144"
    "memorysetup-temp-allocator-size-cloud-worker=32768"
Player connection [28392]  Target information:

Player connection [28392]  * "[IP] 172.27.185.99 [Port] 0 [Flags] 2 [Guid] 712742818 [EditorId] 712742818 [Version] 1048832 [Id] WindowsEditor(7,L-CB346-16422T) [Debug] 1 [PackageName] WindowsEditor [ProjectName] Editor" 

Player connection [28392] Host joined multi-casting on [225.0.0.222:54997]...
Player connection [28392] Host joined alternative multi-casting on [225.0.0.222:34997]...
JobSystem: Creating JobQueue using job-worker-count value 11
Input System module state changed to: Initialized.
[Physics::Module] Initialized fallback backend.
[Physics::Module] Id: 0xdecafbad
Library Redirect Path: Library/
[Physics::Module] Selected backend.
[Physics::Module] Name: PhysX
[Physics::Module] Id: 0xf2b8ea05
[Physics::Module] SDK Version: 4.1.2
[Physics::Module] Integration Version: 1.0.0
[Physics::Module] Threading Mode: Multi-Threaded
Refreshing native plugins compatible for Editor in 1.93 ms, found 2 plugins.
Preloading 0 native plugins for Editor in 0.00 ms.
Initialize engine version: 6000.3.8f1 (1c7db571dde0)
[Subsystems] Discovering subsystems at path C:/Program Files/Unity/Hub/Editor/6000.3.8f1/Editor/Data/Resources/UnitySubsystems
[Subsystems] Discovering subsystems at path C:/Users/nigel.morris/OneDrive - eastsussexcollegegroup/Documents/GitHub/FPS-Microgame-2025/Assets
GfxDevice: creating device client; kGfxThreadingModeNonThreaded
Direct3D:
    Version:  Direct3D 11.0 [level 11.1]
    Renderer: NVIDIA GeForce RTX 4090 (ID=0x2684)
    Vendor:   NVIDIA
    VRAM:     24138 MB
    Driver:   32.0.15.9597
Initialize mono
Mono path[0] = 'C:/Program Files/Unity/Hub/Editor/6000.3.8f1/Editor/Data/Managed'
Mono path[1] = 'C:/Program Files/Unity/Hub/Editor/6000.3.8f1/Editor/Data/MonoBleedingEdge/lib/mono/unityjit-win32'
Mono config path = 'C:/Program Files/Unity/Hub/Editor/6000.3.8f1/Editor/Data/MonoBleedingEdge/etc'
Using monoOptions --debugger-agent=transport=dt_socket,embedding=1,server=y,suspend=n,address=127.0.0.1:56404
Begin MonoManager ReloadAssembly
Registering precompiled unity dll's ...
Register platform support module: C:/Program Files/Unity/Hub/Editor/6000.3.8f1/Editor/Data/PlaybackEngines/WebGLSupport/UnityEditor.WebGL.Extensions.dll
Register platform support module: C:/Program Files/Unity/Hub/Editor/6000.3.8f1/Editor/Data/PlaybackEngines/MacStandaloneSupport/UnityEditor.OSXStandalone.Extensions.dll
Register platform support module: C:/Program Files/Unity/Hub/Editor/6000.3.8f1/Editor/Data/PlaybackEngines/WindowsStandaloneSupport/UnityEditor.WindowsStandalone.Extensions.dll
[Licensing::Module] Licensing is not yet initialized.
[Licensing::Client] Handshaking with LicensingClient:
  Version:                 1.17.4+4293ba1
  Session Id:              a71cf8effc304cbf922a42697f1a8c47
  Correlation Id:          dc980e05017fa1495aec9c92f4574af5
  External correlation Id: 3265500216071711683
  Machine Id:              MDg+barcQ7c7z6KV2Ua+xBe39l8=
[Licensing::Module] Successfully connected to LicensingClient on channel: "LicenseClient-nigel.morris" (connect: 0.00s, validation: 0.00s, handshake: 1.22s)
[Licensing::IpcConnector] Successfully connected to: "LicenseClient-nigel.morris-notifications" at "2026-06-19T10:28:18.4753258Z"
[Licensing::Module] Licensing Background thread has ended after 1.22s
[Licensing::Module] Licensing is initialized (took 0.32s).
[Licensing::Client] Successfully resolved entitlement details
[Licensing::Module] License group:
  Id: E4-5EVD-TUDB-EX42-UW92-XXXX
  Product: Unity Education
  Type: ULF
  Expiration: 2026-11-08T22:20:47Z
Register platform support module: C:/Program Files/Unity/Hub/Editor/6000.3.8f1/Editor/Data/PlaybackEngines/MetroSupport/UnityEditor.UWP.Extensions.dll
[Licensing::Client] Successfully resolved entitlement details
Register platform support module: C:/Program Files/Unity/Hub/Editor/6000.3.8f1/Editor/Data/PlaybackEngines/AndroidPlayer/UnityEditor.Android.Extensions.dll
[Licensing::Client] Successfully resolved entitlement details
Register platform support module: C:/Program Files/Unity/Hub/Editor/6000.3.8f1/Editor/Data/PlaybackEngines/iOSSupport/UnityEditor.iOS.Extensions.dll
Register platform support module: C:/Program Files/Unity/Hub/Editor/6000.3.8f1/Editor/Data/PlaybackEngines/AppleTVSupport/UnityEditor.AppleTV.Extensions.dll
Register platform support module: C:/Program Files/Unity/Hub/Editor/6000.3.8f1/Editor/Data/PlaybackEngines/LinuxStandaloneSupport/UnityEditor.LinuxStandalone.Extensions.dll
Registered in 0.338064 seconds.
- Loaded All Assemblies, in  0.741 seconds
Native extension for LinuxStandalone target not found
[usbmuxd] Start listen thread
[usbmuxd] Listen thread started
Native extension for AppleTV target not found
[usbmuxd] Start listen thread
[usbmuxd] Listen thread started
Native extension for iOS target not found
Native extension for Android target not found
Android Extension - Scanning For ADB Devices 2276 ms
Native extension for UWP target not found
Native extension for WindowsStandalone target not found
Native extension for OSXStandalone target not found
Native extension for WebGL target not found
Package Manager log level set to [2]
[Package Manager] Failed to launch server process. Reason: Unity was launched with the -noUpm command-line argument
[Package Manager] Unable to send message (not connected to server process).
[Package Manager] Cannot connect to Unity Package Manager local server
ScheduleIndexationOnStartup MainProcess:False IndexOnStartup:True
Mono: successfully reloaded assembly
- Finished resetting the current domain, in  2.706 seconds
Domain Reload Profiling: 3443ms
	BeginReloadAssembly (149ms)
		ExecutionOrderSort (0ms)
		DisableScriptedObjects (0ms)
		BackupInstance (0ms)
		ReleaseScriptingObjects (0ms)
		CreateAndSetChildDomain (1ms)
	RebuildCommonClasses (38ms)
	RebuildNativeTypeToScriptingClass (11ms)
	initialDomainReloadingComplete (381ms)
	LoadAllAssembliesAndSetupDomain (157ms)
		LoadAssemblies (147ms)
		RebuildTransferFunctionScriptingTraits (0ms)
		AnalyzeDomain (151ms)
			TypeCache.Refresh (150ms)
				TypeCache.ScanAssembly (138ms)
			BuildScriptInfoCaches (0ms)
			ResolveRequiredComponents (0ms)
	FinalizeReload (2706ms)
		ReleaseScriptCaches (0ms)
		RebuildScriptCaches (0ms)
		SetupLoadedEditorAssemblies (2672ms)
			LogAssemblyErrors (0ms)
			InitializePlatformSupportModulesInManaged (2423ms)
			SetLoadedEditorAssemblies (3ms)
			BeforeProcessingInitializeOnLoad (73ms)
			ProcessInitializeOnLoadAttributes (133ms)
			ProcessInitializeOnLoadMethodAttributes (40ms)
			AfterProcessingInitializeOnLoad (0ms)
			EditorAssembliesLoaded (0ms)
		ExecutionOrderSort2 (0ms)
		AwakeInstancesAfterBackupRestoration (0ms)
========================================================================
Worker process is ready to serve import requests
Import Worker Mode flag is 0x00
Begin MonoManager ReloadAssembly
[Licensing::Client] Successfully resolved entitlement details
- Loaded All Assemblies, in  0.895 seconds
Refreshing native plugins compatible for Editor in 1.57 ms, found 2 plugins.
Native extension for LinuxStandalone target not found
Native extension for AppleTV target not found
Native extension for iOS target not found
Native extension for Android target not found
Native extension for UWP target not found
Native extension for WindowsStandalone target not found
Native extension for OSXStandalone target not found
Native extension for WebGL target not found
[Package Manager] Failed to launch server process. Reason: Unity was launched with the -noUpm command-line argument
[Package Manager] Unable to send message (not connected to server process).
[Package Manager] Cannot connect to Unity Package Manager local server
[MODES] ModeService[none].Initialize
[MODES] ModeService[none].LoadModes
[MODES] Loading mode Default (0) for mode-current-id-fps
ScheduleIndexationOnStartup MainProcess:False IndexOnStartup:True
Mono: successfully reloaded assembly
- Finished resetting the current domain, in  0.840 seconds
Domain Reload Profiling: 1723ms
	BeginReloadAssembly (187ms)
		ExecutionOrderSort (0ms)
		DisableScriptedObjects (5ms)
		BackupInstance (0ms)
		ReleaseScriptingObjects (0ms)
		CreateAndSetChildDomain (44ms)
	RebuildCommonClasses (30ms)
	RebuildNativeTypeToScriptingClass (11ms)
	initialDomainReloadingComplete (40ms)
	LoadAllAssembliesAndSetupDomain (614ms)
		LoadAssemblies (456ms)
		RebuildTransferFunctionScriptingTraits (0ms)
		AnalyzeDomain (259ms)
			TypeCache.Refresh (178ms)
				TypeCache.ScanAssembly (162ms)
			BuildScriptInfoCaches (69ms)
			ResolveRequiredComponents (8ms)
	FinalizeReload (840ms)
		ReleaseScriptCaches (0ms)
		RebuildScriptCaches (0ms)
		SetupLoadedEditorAssemblies (624ms)
			LogAssemblyErrors (0ms)
			InitializePlatformSupportModulesInManaged (29ms)
			SetLoadedEditorAssemblies (5ms)
			BeforeProcessingInitializeOnLoad (171ms)
			ProcessInitializeOnLoadAttributes (316ms)
			ProcessInitializeOnLoadMethodAttributes (95ms)
			AfterProcessingInitializeOnLoad (9ms)
			EditorAssembliesLoaded (0ms)
		ExecutionOrderSort2 (0ms)
		AwakeInstancesAfterBackupRestoration (6ms)
Launched and connected shader compiler UnityShaderCompiler.exe after 0.02 seconds
Refreshing native plugins compatible for Editor in 1.57 ms, found 2 plugins.
Preloading 0 native plugins for Editor in 0.00 ms.
Unloading 17 Unused Serialized files (Serialized files now loaded: 0)
Unloading 5371 unused Assets / (3.7 MB). Loaded Objects now: 6216.
Memory consumption went from 143.5 MB to 139.9 MB.
Total: 9.000700 ms (FindLiveObjects: 0.681800 ms CreateObjectMapping: 0.261400 ms MarkObjects: 6.113800 ms  DeleteObjects: 1.942400 ms)

========================================================================
Received Import Request.
  Time since last request: 165331.517735 seconds.
  path: Assets/AddOns/MgFPS_Fireballer/Weapon_Fireballer.prefab
  artifactKey: Guid(7f3830f66f76b2b49a41ab412cce8f96) Importer(2089858483,d624ce77472d68a35037170ec1d2d27e)
Start importing Assets/AddOns/MgFPS_Fireballer/Weapon_Fireballer.prefab using Guid(7f3830f66f76b2b49a41ab412cce8f96) Importer(2089858483,d624ce77472d68a35037170ec1d2d27e) (ScriptedImporter) -> (artifact id: 'ffce5b4b8cae9e94f07e04dd8b274df8') in 0.1762321 seconds
Number of updated asset objects reloaded before import = 0Number of asset objects unloaded after import = 109

========================================================================
Received Import Request.
  Time since last request: 0.000023 seconds.
  path: Assets/FPS/Prefabs/ObjectiveKillEnemies.prefab
  artifactKey: Guid(012d63212fd1fe646b661cb8446c7bd4) Importer(2089858483,d624ce77472d68a35037170ec1d2d27e)
Start importing Assets/FPS/Prefabs/ObjectiveKillEnemies.prefab using Guid(012d63212fd1fe646b661cb8446c7bd4) Importer(2089858483,d624ce77472d68a35037170ec1d2d27e) (ScriptedImporter) -> (artifact id: '858a20abf94a98048ac13b18c0e12b4b') in 0.018602 seconds
Number of updated asset objects reloaded before import = 0Number of asset objects unloaded after import = 6

========================================================================
Received Import Request.
  Time since last request: 0.000027 seconds.
  path: Assets/AddOns/MgFPS_Haku/Weapon_Haku.prefab
  artifactKey: Guid(3094dbae6d63c104fbb75631320e65c7) Importer(2089858483,d624ce77472d68a35037170ec1d2d27e)
Start importing Assets/AddOns/MgFPS_Haku/Weapon_Haku.prefab using Guid(3094dbae6d63c104fbb75631320e65c7) Importer(2089858483,d624ce77472d68a35037170ec1d2d27e) (ScriptedImporter) -> (artifact id: 'dc91e2607515be3d683019ee259051d7') in 0.0439377 seconds
Number of updated asset objects reloaded before import = 0Number of asset objects unloaded after import = 93

========================================================================
Received Import Request.
  Time since last request: 0.000018 seconds.
  path: Assets/AddOns/MgFPS_SniperRifle/Projectile_SniperRifle.prefab
  artifactKey: Guid(6bcd9b6efe0196243acd73cafc63f5ef) Importer(2089858483,d624ce77472d68a35037170ec1d2d27e)
Start importing Assets/AddOns/MgFPS_SniperRifle/Projectile_SniperRifle.prefab using Guid(6bcd9b6efe0196243acd73cafc63f5ef) Importer(2089858483,d624ce77472d68a35037170ec1d2d27e) (ScriptedImporter) -> (artifact id: '63a2f4a9a3a22f19623f4b89aef505ff') in 0.0195529 seconds
Number of updated asset objects reloaded before import = 0Number of asset objects unloaded after import = 17

========================================================================
Received Import Request.
  Time since last request: 0.000021 seconds.
  path: Assets/AddOns/MgFPS_Haku/Haku_Magazine.prefab
  artifactKey: Guid(8983b94a3dd543a488a996972fc3683b) Importer(2089858483,d624ce77472d68a35037170ec1d2d27e)
Start importing Assets/AddOns/MgFPS_Haku/Haku_Magazine.prefab using Guid(8983b94a3dd543a488a996972fc3683b) Importer(2089858483,d624ce77472d68a35037170ec1d2d27e) (ScriptedImporter) -> (artifact id: '95dc646677c487495bf28cf7e7d6fcb3') in 0.0308501 seconds
Number of updated asset objects reloaded before import = 0Number of asset objects unloaded after import = 8

========================================================================
Received Import Request.
  Time since last request: 0.000026 seconds.
  path: Assets/FPS/Prefabs/DebugTeleportPlayer.prefab
  artifactKey: Guid(fe7e09d3ff741dc4285ddf0ed3ef03ac) Importer(2089858483,d624ce77472d68a35037170ec1d2d27e)
Start importing Assets/FPS/Prefabs/DebugTeleportPlayer.prefab using Guid(fe7e09d3ff741dc4285ddf0ed3ef03ac) Importer(2089858483,d624ce77472d68a35037170ec1d2d27e) (ScriptedImporter) -> (artifact id: '02ff72fde0fc8172573bf32942251362') in 0.0595338 seconds
Number of updated asset objects reloaded before import = 0Number of asset objects unloaded after import = 174

========================================================================
Received Import Request.
  Time since last request: 0.000014 seconds.
  path: Assets/Rendering/Default_PipelineAsset.asset
  artifactKey: Guid(6cbb334173594044d902c240207198f2) Importer(2089858483,d624ce77472d68a35037170ec1d2d27e)
Start importing Assets/Rendering/Default_PipelineAsset.asset using Guid(6cbb334173594044d902c240207198f2) Importer(2089858483,d624ce77472d68a35037170ec1d2d27e) (ScriptedImporter) -> (artifact id: '304cd0c10b9e14523249ff58d628dd88') in 0.049183 seconds
Number of updated asset objects reloaded before import = 0Number of asset objects unloaded after import = 1

========================================================================
Received Import Request.
  Time since last request: 0.000017 seconds.
  path: Assets/AddOns/MgFPS_Quasar/Pickup_Quasar.prefab
  artifactKey: Guid(6a4f1bcd9aa220846895336ff0cb1648) Importer(2089858483,d624ce77472d68a35037170ec1d2d27e)
Start importing Assets/AddOns/MgFPS_Quasar/Pickup_Quasar.prefab using Guid(6a4f1bcd9aa220846895336ff0cb1648) Importer(2089858483,d624ce77472d68a35037170ec1d2d27e) (ScriptedImporter) -> (artifact id: 'a4ec060bbf2a60fac88666dee038c079') in 0.046533 seconds
Number of updated asset objects reloaded before import = 0Number of asset objects unloaded after import = 167

========================================================================
Received Import Request.
  Time since last request: 0.000029 seconds.
  path: Assets/UniversalRenderPipelineGlobalSettings.asset
  artifactKey: Guid(76c98309ae61cd243932c14e893ccd2f) Importer(2089858483,d624ce77472d68a35037170ec1d2d27e)
Start importing Assets/UniversalRenderPipelineGlobalSettings.asset using Guid(76c98309ae61cd243932c14e893ccd2f) Importer(2089858483,d624ce77472d68a35037170ec1d2d27e) (ScriptedImporter) -> (artifact id: '962d8a8492e0a82627c7fa73788518b1') in 0.0520321 seconds
Number of updated asset objects reloaded before import = 0Number of asset objects unloaded after import = 0

========================================================================
Received Import Request.
  Time since last request: 0.000026 seconds.
  path: Assets/AddOns/MgFPS_Thunderlight/Thunderlight_ReadMe.txt
  artifactKey: Guid(f2a805e2c10f8b446848254ee4528809) Importer(2089858483,d624ce77472d68a35037170ec1d2d27e)
Start importing Assets/AddOns/MgFPS_Thunderlight/Thunderlight_ReadMe.txt using Guid(f2a805e2c10f8b446848254ee4528809) Importer(2089858483,d624ce77472d68a35037170ec1d2d27e) (ScriptedImporter) -> (artifact id: '9762e5d93b606c35e65c776c04241f52') in 0.0130644 seconds
Number of updated asset objects reloaded before import = 0Number of asset objects unloaded after import = 1

========================================================================
Received Import Request.
  Time since last request: 0.000019 seconds.
  path: Assets/AddOns/MgFPS_Enemy_Boss_Skins/EnemyBossSkins_ReadMe.txt
  artifactKey: Guid(8cb35f0edb0c15c4a9ab958bb972ed51) Importer(2089858483,d624ce77472d68a35037170ec1d2d27e)
Start importing Assets/AddOns/MgFPS_Enemy_Boss_Skins/EnemyBossSkins_ReadMe.txt using Guid(8cb35f0edb0c15c4a9ab958bb972ed51) Importer(2089858483,d624ce77472d68a35037170ec1d2d27e) (ScriptedImporter) -> (artifact id: '75eee60430f88c4038c968436fc5b21f') in 0.0129853 seconds
Number of updated asset objects reloaded before import = 0Number of asset objects unloaded after import = 1

========================================================================
Received Import Request.
  Time since last request: 0.000034 seconds.
  path: Assets/FPS/Tutorials/DialogHeader_FPS.png
  artifactKey: Guid(6e279173c7e6446bfbf2744726e35598) Importer(2089858483,d624ce77472d68a35037170ec1d2d27e)
Start importing Assets/FPS/Tutorials/DialogHeader_FPS.png using Guid(6e279173c7e6446bfbf2744726e35598) Importer(2089858483,d624ce77472d68a35037170ec1d2d27e) (ScriptedImporter) -> (artifact id: '0120f811d21ebfb4b51fd69fbe5047b4') in 0.0600461 seconds
Number of updated asset objects reloaded before import = 0Number of asset objects unloaded after import = 3

========================================================================
Received Import Request.
  Time since last request: 0.000019 seconds.
  path: Assets/ModAssets/Textures/billboard_2D_tall_mask.png
  artifactKey: Guid(bbe8d33a81a0549ce8ab1cee4aa7db2a) Importer(2089858483,d624ce77472d68a35037170ec1d2d27e)
Start importing Assets/ModAssets/Textures/billboard_2D_tall_mask.png using Guid(bbe8d33a81a0549ce8ab1cee4aa7db2a) Importer(2089858483,d624ce77472d68a35037170ec1d2d27e) (ScriptedImporter) -> (artifact id: '62b3a3dd8550d686254083dc92b1aa40') in 0.0204761 seconds
Number of updated asset objects reloaded before import = 0Number of asset objects unloaded after import = 3

========================================================================
Received Import Request.
  Time since last request: 0.000025 seconds.
  path: Assets/ModAssets/Fonts/ZCOOLKuaiLe-Regular SDF.asset
  artifactKey: Guid(8ebfeea7062344f0c96b8a1d614a92b1) Importer(2089858483,d624ce77472d68a35037170ec1d2d27e)
Start importing Assets/ModAssets/Fonts/ZCOOLKuaiLe-Regular SDF.asset using Guid(8ebfeea7062344f0c96b8a1d614a92b1) Importer(2089858483,d624ce77472d68a35037170ec1d2d27e) (ScriptedImporter) -> (artifact id: 'a6fdecf21dae5342b92e242bbb9ab718') in 0.0413849 seconds
Number of updated asset objects reloaded before import = 0Number of asset objects unloaded after import = 3

========================================================================
Received Import Request.
  Time since last request: 0.000030 seconds.
  path: Assets/FPS/Tutorials/FPSIcon.png
  artifactKey: Guid(82868597b55b3409093b4fe79d24b26c) Importer(2089858483,d624ce77472d68a35037170ec1d2d27e)
Start importing Assets/FPS/Tutorials/FPSIcon.png using Guid(82868597b55b3409093b4fe79d24b26c) Importer(2089858483,d624ce77472d68a35037170ec1d2d27e) (ScriptedImporter) -> (artifact id: '5e878eff35bb5c15cb62a2add44acc26') in 0.0151794 seconds
Number of updated asset objects reloaded before import = 0Number of asset objects unloaded after import = 1

========================================================================
Received Import Request.
  Time since last request: 0.000018 seconds.
  path: Assets/AddOns/Mg3D_Hats/CowboyHat.fbx
  artifactKey: Guid(a0dfaf0497ab5334a99165f16b697e6e) Importer(2089858483,d624ce77472d68a35037170ec1d2d27e)
Start importing Assets/AddOns/Mg3D_Hats/CowboyHat.fbx using Guid(a0dfaf0497ab5334a99165f16b697e6e) Importer(2089858483,d624ce77472d68a35037170ec1d2d27e) (ScriptedImporter) -> (artifact id: '7e00aa142cb2a90f049c6e0b1a6a3ac3') in 0.0424263 seconds
Number of updated asset objects reloaded before import = 0Number of asset objects unloaded after import = 11

========================================================================
Received Import Request.
  Time since last request: 0.000020 seconds.
  path: Assets/AddOns/MgFPS_Molt/Projectile_Molt.prefab
  artifactKey: Guid(0b52628ed8463a442a45df2ab852ad7b) Importer(2089858483,d624ce77472d68a35037170ec1d2d27e)
Start importing Assets/AddOns/MgFPS_Molt/Projectile_Molt.prefab using Guid(0b52628ed8463a442a45df2ab852ad7b) Importer(2089858483,d624ce77472d68a35037170ec1d2d27e) (ScriptedImporter) -> (artifact id: '9ac0e99fe9cea61efe72a952044fbf0f') in 0.0260315 seconds
Number of updated asset objects reloaded before import = 0Number of asset objects unloaded after import = 81

========================================================================
Received Import Request.
  Time since last request: 0.000024 seconds.
  path: Assets/FPS/FPSMicrogame_README.txt
  artifactKey: Guid(5f54affa290a6934dba46507a1a1a370) Importer(2089858483,d624ce77472d68a35037170ec1d2d27e)
Start importing Assets/FPS/FPSMicrogame_README.txt using Guid(5f54affa290a6934dba46507a1a1a370) Importer(2089858483,d624ce77472d68a35037170ec1d2d27e) (ScriptedImporter) -> (artifact id: 'e9a62b4a1e68378e7a71198e7726f0bd') in 0.0270901 seconds
Number of updated asset objects reloaded before import = 0Number of asset objects unloaded after import = 1

========================================================================
Received Import Request.
  Time since last request: 0.000013 seconds.
  path: Assets/FPS/Tutorials/BotIcon.png
  artifactKey: Guid(f6b78880543bf4e91bd85801abd1ab8d) Importer(2089858483,d624ce77472d68a35037170ec1d2d27e)
Start importing Assets/FPS/Tutorials/BotIcon.png using Guid(f6b78880543bf4e91bd85801abd1ab8d) Importer(2089858483,d624ce77472d68a35037170ec1d2d27e) (ScriptedImporter) -> (artifact id: 'dad6a793b0e4064ddb8444a3a8739bbb') in 0.0181145 seconds
Number of updated asset objects reloaded before import = 0Number of asset objects unloaded after import = 1

========================================================================
Received Import Request.
  Time since last request: 0.000020 seconds.
  path: Assets/Settings/Very High_PipelineAsset_ForwardRenderer.asset
  artifactKey: Guid(dd284c414935e4ff995abda5723ae300) Importer(2089858483,d624ce77472d68a35037170ec1d2d27e)
Start importing Assets/Settings/Very High_PipelineAsset_ForwardRenderer.asset using Guid(dd284c414935e4ff995abda5723ae300) Importer(2089858483,d624ce77472d68a35037170ec1d2d27e) (ScriptedImporter) -> (artifact id: '7d5b9eefa0ed0049c4dbc048b18cbf2d') in 0.0354091 seconds
Number of updated asset objects reloaded before import = 0Number of asset objects unloaded after import = 1

========================================================================
Received Import Request.
  Time since last request: 0.000026 seconds.
  path: Assets/FPS/Tutorials/Unity.FPS.Tutorials.asmdef
  artifactKey: Guid(54b90cb525cf7fd4b8440dd760d63ac4) Importer(2089858483,d624ce77472d68a35037170ec1d2d27e)
Start importing Assets/FPS/Tutorials/Unity.FPS.Tutorials.asmdef using Guid(54b90cb525cf7fd4b8440dd760d63ac4) Importer(2089858483,d624ce77472d68a35037170ec1d2d27e) (ScriptedImporter) -> (artifact id: '7dc07c6a754b15207a23ab03b8653b75') in 0.0136422 seconds
Number of updated asset objects reloaded before import = 0Number of asset objects unloaded after import = 1

========================================================================
Received Import Request.
  Time since last request: 0.000019 seconds.
  path: Assets/FPS/Prefabs/GameManager.prefab
  artifactKey: Guid(c996b53e9f849234393d1e90f68d1679) Importer(2089858483,d624ce77472d68a35037170ec1d2d27e)
Start importing Assets/FPS/Prefabs/GameManager.prefab using Guid(c996b53e9f849234393d1e90f68d1679) Importer(2089858483,d624ce77472d68a35037170ec1d2d27e) (ScriptedImporter)Refreshing native plugins compatible for Editor in 1.74 ms, found 2 plugins.
Preloading 0 native plugins for Editor in 0.00 ms.
 -> (artifact id: '94d2e1863a157ad2efc6386cca175cfd') in 0.1375755 seconds
Number of updated asset objects reloaded before import = 0Number of asset objects unloaded after import = 581

========================================================================
Received Import Request.
  Time since last request: 0.000024 seconds.
  path: Assets/Settings/Ultra_PipelineAsset_ForwardRenderer.asset
  artifactKey: Guid(c2110f7e332e74aec841a7de3709997b) Importer(2089858483,d624ce77472d68a35037170ec1d2d27e)
Start importing Assets/Settings/Ultra_PipelineAsset_ForwardRenderer.asset using Guid(c2110f7e332e74aec841a7de3709997b) Importer(2089858483,d624ce77472d68a35037170ec1d2d27e) (ScriptedImporter) -> (artifact id: 'ea05138eb6f0f349a1b20f609eb236eb') in 0.015061 seconds
Number of updated asset objects reloaded before import = 0Number of asset objects unloaded after import = 1

========================================================================
Received Import Request.
  Time since last request: 0.000030 seconds.
  path: Assets/NavMeshComponents/LICENSE
  artifactKey: Guid(3a22fd34ec9ff1c42ac4394fad8eb365) Importer(2089858483,d624ce77472d68a35037170ec1d2d27e)
Start importing Assets/NavMeshComponents/LICENSE using Guid(3a22fd34ec9ff1c42ac4394fad8eb365) Importer(2089858483,d624ce77472d68a35037170ec1d2d27e) (ScriptedImporter) -> (artifact id: '6b9d08603d7111723da1925a6347b970') in 0.0126911 seconds
Number of updated asset objects reloaded before import = 0Number of asset objects unloaded after import = 1

========================================================================
Received Import Request.
  Time since last request: 0.000019 seconds.
  path: Assets/TextMesh Pro/Shaders/TMP_SDF-HDRP UNLIT.shadergraph
  artifactKey: Guid(f63d574838ccfb44f84acc05fed0af48) Importer(2089858483,d624ce77472d68a35037170ec1d2d27e)
Start importing Assets/TextMesh Pro/Shaders/TMP_SDF-HDRP UNLIT.shadergraph using Guid(f63d574838ccfb44f84acc05fed0af48) Importer(2089858483,d624ce77472d68a35037170ec1d2d27e) (ScriptedImporter) -> (artifact id: 'bc069d1a534a1b3a49a2230c16978d9a') in 0.0192785 seconds
Number of updated asset objects reloaded before import = 0Number of asset objects unloaded after import = 3

========================================================================
Received Import Request.
  Time since last request: 0.000018 seconds.
  path: Assets/NavMeshComponents/Scripts/NavMeshLink.cs
  artifactKey: Guid(944aa5b74b8898a40ba726e5da1aeae4) Importer(2089858483,d624ce77472d68a35037170ec1d2d27e)
Start importing Assets/NavMeshComponents/Scripts/NavMeshLink.cs using Guid(944aa5b74b8898a40ba726e5da1aeae4) Importer(2089858483,d624ce77472d68a35037170ec1d2d27e) (ScriptedImporter) -> (artifact id: '7da0a9fb2ba24a75dac2205193702c75') in 0.0130796 seconds
Number of updated asset objects reloaded before import = 0Number of asset objects unloaded after import = 1

========================================================================
Received Import Request.
  Time since last request: 0.000023 seconds.
  path: Assets/TextMesh Pro/Resources/TMP Settings.asset
  artifactKey: Guid(3f5b5dff67a942289a9defa416b206f3) Importer(2089858483,d624ce77472d68a35037170ec1d2d27e)
Start importing Assets/TextMesh Pro/Resources/TMP Settings.asset using Guid(3f5b5dff67a942289a9defa416b206f3) Importer(2089858483,d624ce77472d68a35037170ec1d2d27e) (ScriptedImporter) -> (artifact id: 'c6ef0dd84e69c7ae25eb24213792bd77') in 0.0395756 seconds
Number of updated asset objects reloaded before import = 0Number of asset objects unloaded after import = 15

========================================================================
Received Import Request.
  Time since last request: 0.000029 seconds.
  path: Assets/TextMesh Pro/Shaders/SDFFunctions.hlsl
  artifactKey: Guid(96de908384869cd409c75efa351d5edf) Importer(2089858483,d624ce77472d68a35037170ec1d2d27e)
Start importing Assets/TextMesh Pro/Shaders/SDFFunctions.hlsl using Guid(96de908384869cd409c75efa351d5edf) Importer(2089858483,d624ce77472d68a35037170ec1d2d27e) (ScriptedImporter) -> (artifact id: '26cead4ca553047b1776db0d495939df') in 0.0120365 seconds
Number of updated asset objects reloaded before import = 0Number of asset objects unloaded after import = 1

========================================================================
Received Import Request.
  Time since last request: 0.000014 seconds.
  path: Assets/AddOns/MgFPS_Aurous/Pickup_Aurous.prefab
  artifactKey: Guid(f85df061af5c57b4ca7ed69c180a3cd5) Importer(2089858483,d624ce77472d68a35037170ec1d2d27e)
Start importing Assets/AddOns/MgFPS_Aurous/Pickup_Aurous.prefab using Guid(f85df061af5c57b4ca7ed69c180a3cd5) Importer(2089858483,d624ce77472d68a35037170ec1d2d27e) (ScriptedImporter) -> (artifact id: '858c6fff1965a7d7a90bccd111708a68') in 0.0384468 seconds
Number of updated asset objects reloaded before import = 0Number of asset objects unloaded after import = 109

========================================================================
Received Import Request.
  Time since last request: 0.000021 seconds.
  path: Assets/AddOns/MgFPS_Vaporizer/Weapon_Vaporizer.prefab
  artifactKey: Guid(309c2f522237008469f37d1c741e940c) Importer(2089858483,d624ce77472d68a35037170ec1d2d27e)
Start importing Assets/AddOns/MgFPS_Vaporizer/Weapon_Vaporizer.prefab using Guid(309c2f522237008469f37d1c741e940c) Importer(2089858483,d624ce77472d68a35037170ec1d2d27e) (ScriptedImporter) -> (artifact id: 'bfc2afa527a121c32d093bd74aa0e802') in 0.0372346 seconds
Number of updated asset objects reloaded before import = 0Number of asset objects unloaded after import = 98

========================================================================
Received Import Request.
  Time since last request: 0.000023 seconds.
  path: Assets/FPS/Scenes/IntroMenu.unity
  artifactKey: Guid(56e3faabc5bb30f49a68bb8f1292f988) Importer(2089858483,d624ce77472d68a35037170ec1d2d27e)
Start importing Assets/FPS/Scenes/IntroMenu.unity using Guid(56e3faabc5bb30f49a68bb8f1292f988) Importer(2089858483,d624ce77472d68a35037170ec1d2d27e) (ScriptedImporter) -> (artifact id: '838000928923363ff9b5c88b5c8b734f') in 0.013197 seconds
Number of updated asset objects reloaded before import = 0Number of asset objects unloaded after import = 1

========================================================================
Received Import Request.
  Time since last request: 0.000031 seconds.
  path: Assets/TextMesh Pro/Documentation/TextMesh Pro User Guide 2016.pdf
  artifactKey: Guid(1b8d251f9af63b746bf2f7ffe00ebb9b) Importer(2089858483,d624ce77472d68a35037170ec1d2d27e)
Start importing Assets/TextMesh Pro/Documentation/TextMesh Pro User Guide 2016.pdf using Guid(1b8d251f9af63b746bf2f7ffe00ebb9b) Importer(2089858483,d624ce77472d68a35037170ec1d2d27e) (ScriptedImporter) -> (artifact id: '753f37060c01a888aae80317e10a0be6') in 0.0112703 seconds
Number of updated asset objects reloaded before import = 0Number of asset objects unloaded after import = 1

========================================================================
Received Import Request.
  Time since last request: 0.000015 seconds.
  path: Assets/AddOns/Mg3D_Animated_Sci-fi/Animations/SA_MechanicalArm_Assembled_PickUp.anim
  artifactKey: Guid(0ffaeb0ba7031644aa009b1829d36a76) Importer(2089858483,d624ce77472d68a35037170ec1d2d27e)
Start importing Assets/AddOns/Mg3D_Animated_Sci-fi/Animations/SA_MechanicalArm_Assembled_PickUp.anim using Guid(0ffaeb0ba7031644aa009b1829d36a76) Importer(2089858483,d624ce77472d68a35037170ec1d2d27e) (ScriptedImporter) -> (artifact id: 'f2b4a7ee633c78cb9468c0f75447b5f5') in 0.0176037 seconds
Number of updated asset objects reloaded before import = 0Number of asset objects unloaded after import = 1

========================================================================
Received Import Request.
  Time since last request: 0.000019 seconds.
  path: Assets/TextMesh Pro/Shaders/TMPro_Properties.cginc
  artifactKey: Guid(3997e2241185407d80309a82f9148466) Importer(2089858483,d624ce77472d68a35037170ec1d2d27e)
Start importing Assets/TextMesh Pro/Shaders/TMPro_Properties.cginc using Guid(3997e2241185407d80309a82f9148466) Importer(2089858483,d624ce77472d68a35037170ec1d2d27e) (ScriptedImporter) -> (artifact id: 'b70b0663b3cfc6db3a3421d31201262c') in 0.0129242 seconds
Number of updated asset objects reloaded before import = 0Number of asset objects unloaded after import = 1

========================================================================
Received Import Request.
  Time since last request: 0.000021 seconds.
  path: Assets/TextMesh Pro/Sprites/EmojiOne.png
  artifactKey: Guid(dffef66376be4fa480fb02b19edbe903) Importer(2089858483,d624ce77472d68a35037170ec1d2d27e)
Start importing Assets/TextMesh Pro/Sprites/EmojiOne.png using Guid(dffef66376be4fa480fb02b19edbe903) Importer(2089858483,d624ce77472d68a35037170ec1d2d27e) (ScriptedImporter) -> (artifact id: '2d18a71bde2ceb749c01e698539e7af1') in 0.017741 seconds
Number of updated asset objects reloaded before import = 0Number of asset objects unloaded after import = 1

========================================================================
Received Import Request.
  Time since last request: 0.000030 seconds.
  path: Assets/NavMeshComponents/Editor/NavMeshAssetManager.cs
  artifactKey: Guid(7081cfb45d93f064db511881f87cb0b5) Importer(2089858483,d624ce77472d68a35037170ec1d2d27e)
Start importing Assets/NavMeshComponents/Editor/NavMeshAssetManager.cs using Guid(7081cfb45d93f064db511881f87cb0b5) Importer(2089858483,d624ce77472d68a35037170ec1d2d27e) (ScriptedImporter) -> (artifact id: 'c5cb3f1b3faff23868004580e14d3a13') in 0.0111344 seconds
Number of updated asset objects reloaded before import = 0Number of asset objects unloaded after import = 0

========================================================================
Received Import Request.
  Time since last request: 0.000018 seconds.
  path: Assets/FPS/Tutorials/TutorialCallbacks.cs
  artifactKey: Guid(bd7fa951f6a9bd24c8a04701fd9afa34) Importer(2089858483,d624ce77472d68a35037170ec1d2d27e)
Start importing Assets/FPS/Tutorials/TutorialCallbacks.cs using Guid(bd7fa951f6a9bd24c8a04701fd9afa34) Importer(2089858483,d624ce77472d68a35037170ec1d2d27e) (ScriptedImporter) -> (artifact id: '9225336f3ef2824bab562286ec481f72') in 0.0125958 seconds
Number of updated asset objects reloaded before import = 0Number of asset objects unloaded after import = 0

========================================================================
Received Import Request.
  Time since last request: 0.000015 seconds.
  path: Assets/FPS/Tutorials/TutorialCallbacks.asset
  artifactKey: Guid(98457f12a6e8529488d624978bbbf3eb) Importer(2089858483,d624ce77472d68a35037170ec1d2d27e)
Start importing Assets/FPS/Tutorials/TutorialCallbacks.asset using Guid(98457f12a6e8529488d624978bbbf3eb) Importer(2089858483,d624ce77472d68a35037170ec1d2d27e) (ScriptedImporter) -> (artifact id: '51ac0a5f2ae856ef22e3f49d38f9c34c') in 0.0667999 seconds
Number of updated asset objects reloaded before import = 0Number of asset objects unloaded after import = 741

========================================================================
Received Import Request.
  Time since last request: 0.000023 seconds.
  path: Assets/AddOns/MgFPS_PlasmaRain/PlasmaRain_ReadMe.txt
  artifactKey: Guid(c2697f50fee974d4eb077b5747bf753a) Importer(2089858483,d624ce77472d68a35037170ec1d2d27e)
Start importing Assets/AddOns/MgFPS_PlasmaRain/PlasmaRain_ReadMe.txt using Guid(c2697f50fee974d4eb077b5747bf753a) Importer(2089858483,d624ce77472d68a35037170ec1d2d27e) (ScriptedImporter) -> (artifact id: 'f10ec1a87c0cc49e6af9011ea833a70d') in 0.0141324 seconds
Number of updated asset objects reloaded before import = 0Number of asset objects unloaded after import = 1

========================================================================
Received Import Request.
  Time since last request: 0.000024 seconds.
  path: Assets/AddOns/Mg3D_Animated_Sci-fi/Meshes/SA_MechanicalArm_Claw_02.asset
  artifactKey: Guid(6513c680e1ffb64448fe081d377bd877) Importer(2089858483,d624ce77472d68a35037170ec1d2d27e)
Start importing Assets/AddOns/Mg3D_Animated_Sci-fi/Meshes/SA_MechanicalArm_Claw_02.asset using Guid(6513c680e1ffb64448fe081d377bd877) Importer(2089858483,d624ce77472d68a35037170ec1d2d27e) (ScriptedImporter) -> (artifact id: '406774368f40e86b17b75593f9c1a6c3') in 0.0141096 seconds
Number of updated asset objects reloaded before import = 0Number of asset objects unloaded after import = 1

========================================================================
Received Import Request.
  Time since last request: 0.000016 seconds.
  path: Assets/AddOns/Mg3D_Animated_Sci-fi/Meshes/Generator_A_05.asset
  artifactKey: Guid(e35ce579ce4736347a9afc08d5691e7a) Importer(2089858483,d624ce77472d68a35037170ec1d2d27e)
Start importing Assets/AddOns/Mg3D_Animated_Sci-fi/Meshes/Generator_A_05.asset using Guid(e35ce579ce4736347a9afc08d5691e7a) Importer(2089858483,d624ce77472d68a35037170ec1d2d27e) (ScriptedImporter) -> (artifact id: '6e697126f56c6b27b218029be4a2ea54') in 0.0135621 seconds
Number of updated asset objects reloaded before import = 0Number of asset objects unloaded after import = 1

========================================================================
Received Import Request.
  Time since last request: 0.000017 seconds.
  path: Assets/AddOns/Mg3D_Animated_Sci-fi/Meshes/Artillery_01.asset
  artifactKey: Guid(1b72507554d304e4290e955dbc2768a1) Importer(2089858483,d624ce77472d68a35037170ec1d2d27e)
Start importing Assets/AddOns/Mg3D_Animated_Sci-fi/Meshes/Artillery_01.asset using Guid(1b72507554d304e4290e955dbc2768a1) Importer(2089858483,d624ce77472d68a35037170ec1d2d27e) (ScriptedImporter) -> (artifact id: 'f9a74380750281d07b7cb628da816511') in 0.0121858 seconds
Number of updated asset objects reloaded before import = 0Number of asset objects unloaded after import = 1

========================================================================
Received Import Request.
  Time since last request: 0.000020 seconds.
  path: Assets/AddOns/MgFPS_Boomshot/BoomShot_VFX/Boomshot_GunCylinder_Large.prefab
  artifactKey: Guid(b57125eec73ff284a8fde6997a491e52) Importer(2089858483,d624ce77472d68a35037170ec1d2d27e)
Start importing Assets/AddOns/MgFPS_Boomshot/BoomShot_VFX/Boomshot_GunCylinder_Large.prefab using Guid(b57125eec73ff284a8fde6997a491e52) Importer(2089858483,d624ce77472d68a35037170ec1d2d27e) (ScriptedImporter) -> (artifact id: 'b90516cc8fd5439505ddf8ae788a44c3') in 0.0660184 seconds
Number of updated asset objects reloaded before import = 0Number of asset objects unloaded after import = 6

========================================================================
Received Import Request.
  Time since last request: 0.000027 seconds.
  path: Assets/AddOns/MgFPS_Enemy_Boss/Materials/Navigation_Module_SingleJet.mat
  artifactKey: Guid(dd585b9243c5d08438ecaa4cc76edaf2) Importer(2089858483,d624ce77472d68a35037170ec1d2d27e)
Start importing Assets/AddOns/MgFPS_Enemy_Boss/Materials/Navigation_Module_SingleJet.mat using Guid(dd585b9243c5d08438ecaa4cc76edaf2) Importer(2089858483,d624ce77472d68a35037170ec1d2d27e) (ScriptedImporter) -> (artifact id: '6aca98dd009a5f210bb3931150720bca') in 0.0139864 seconds
Number of updated asset objects reloaded before import = 0Number of asset objects unloaded after import = 2

========================================================================
Received Import Request.
  Time since last request: 0.000020 seconds.
  path: Assets/AddOns/Mg3D_Animated_Sci-fi/Meshes/Generator_A_01.asset
  artifactKey: Guid(ad94117e8bef1154fa9cc1dddbc47ac8) Importer(2089858483,d624ce77472d68a35037170ec1d2d27e)
Start importing Assets/AddOns/Mg3D_Animated_Sci-fi/Meshes/Generator_A_01.asset using Guid(ad94117e8bef1154fa9cc1dddbc47ac8) Importer(2089858483,d624ce77472d68a35037170ec1d2d27e) (ScriptedImporter) -> (artifact id: '47714f297af1e898f488c2ae6ba4b6d6') in 0.0137963 seconds
Number of updated asset objects reloaded before import = 0Number of asset objects unloaded after import = 1

========================================================================
Received Import Request.
  Time since last request: 0.000017 seconds.
  path: Assets/AddOns/MgFPS_Enemy_Boss/Materials/Enemy_Boss_Body.mat
  artifactKey: Guid(ac53f4c9ab97f814b89c2db593eef598) Importer(2089858483,d624ce77472d68a35037170ec1d2d27e)
Start importing Assets/AddOns/MgFPS_Enemy_Boss/Materials/Enemy_Boss_Body.mat using Guid(ac53f4c9ab97f814b89c2db593eef598) Importer(2089858483,d624ce77472d68a35037170ec1d2d27e) (ScriptedImporter) -> (artifact id: 'bb472ed471672fc4e303e001533c68e5') in 0.014656 seconds
Number of updated asset objects reloaded before import = 0Number of asset objects unloaded after import = 2

========================================================================
Received Import Request.
  Time since last request: 0.000022 seconds.
  path: Assets/AddOns/Mg3D_Animated_Sci-fi/Meshes/Pod_Arm_R_01_snaps012.asset
  artifactKey: Guid(a2549706d288bce419c4f267b11c0fe7) Importer(2089858483,d624ce77472d68a35037170ec1d2d27e)
Start importing Assets/AddOns/Mg3D_Animated_Sci-fi/Meshes/Pod_Arm_R_01_snaps012.asset using Guid(a2549706d288bce419c4f267b11c0fe7) Importer(2089858483,d624ce77472d68a35037170ec1d2d27e) (ScriptedImporter) -> (artifact id: '1580108da4f6a3b140f2127140686c77') in 0.0138922 seconds
Number of updated asset objects reloaded before import = 0Number of asset objects unloaded after import = 1

========================================================================
Received Import Request.
  Time since last request: 0.000029 seconds.
  path: Assets/AddOns/Mg3D_Animated_Sci-fi/Meshes/Generator_A_04.asset
  artifactKey: Guid(d14436e5b3048614ea161fcc6b815008) Importer(2089858483,d624ce77472d68a35037170ec1d2d27e)
Start importing Assets/AddOns/Mg3D_Animated_Sci-fi/Meshes/Generator_A_04.asset using Guid(d14436e5b3048614ea161fcc6b815008) Importer(2089858483,d624ce77472d68a35037170ec1d2d27e) (ScriptedImporter) -> (artifact id: '57b6800e4e976de719a33617393cadd0') in 0.0147243 seconds
Number of updated asset objects reloaded before import = 0Number of asset objects unloaded after import = 1

========================================================================
Received Import Request.
  Time since last request: 0.000017 seconds.
  path: Assets/AddOns/MgFPS_Enemy_Boss/Materials/VFX_PhotonCannon_Projectile_MuzzleFlash.mat
  artifactKey: Guid(c29d38b5bc7ccb04f99a49024ebc6b51) Importer(2089858483,d624ce77472d68a35037170ec1d2d27e)
Start importing Assets/AddOns/MgFPS_Enemy_Boss/Materials/VFX_PhotonCannon_Projectile_MuzzleFlash.mat using Guid(c29d38b5bc7ccb04f99a49024ebc6b51) Importer(2089858483,d624ce77472d68a35037170ec1d2d27e) (ScriptedImporter) -> (artifact id: 'c99f4c655cdaec0d461e86578c332950') in 0.0182958 seconds
Number of updated asset objects reloaded before import = 0Number of asset objects unloaded after import = 1

========================================================================
Received Import Request.
  Time since last request: 0.000018 seconds.
  path: Assets/AddOns/Mg3D_Animated_Sci-fi/Meshes/Pod_Arm_L_03_snaps012.asset
  artifactKey: Guid(b54d22f304ee6ef4f84abf24ceb50a68) Importer(2089858483,d624ce77472d68a35037170ec1d2d27e)
Start importing Assets/AddOns/Mg3D_Animated_Sci-fi/Meshes/Pod_Arm_L_03_snaps012.asset using Guid(b54d22f304ee6ef4f84abf24ceb50a68) Importer(2089858483,d624ce77472d68a35037170ec1d2d27e) (ScriptedImporter) -> (artifact id: '42c3187d77283366b43316d2dd5786dc') in 0.0145111 seconds
Number of updated asset objects reloaded before import = 0Number of asset objects unloaded after import = 1

========================================================================
Received Import Request.
  Time since last request: 0.000020 seconds.
  path: Assets/AddOns/Mg3D_Animated_Sci-fi/Meshes/Generator_01.asset
  artifactKey: Guid(f49c8e46d30c6b646a050f38fce2da10) Importer(2089858483,d624ce77472d68a35037170ec1d2d27e)
Start importing Assets/AddOns/Mg3D_Animated_Sci-fi/Meshes/Generator_01.asset using Guid(f49c8e46d30c6b646a050f38fce2da10) Importer(2089858483,d624ce77472d68a35037170ec1d2d27e) (ScriptedImporter) -> (artifact id: '714929bf3dc984030965bd055515555f') in 0.0136136 seconds
Number of updated asset objects reloaded before import = 0Number of asset objects unloaded after import = 1

========================================================================
Received Import Request.
  Time since last request: 0.000023 seconds.
  path: Assets/AddOns/MgFPS_Enemy_Boss/Materials/VFX_PhotonCannon_Projectile.mat
  artifactKey: Guid(f7a009311e3af0e4b8aaf0afc37ac75a) Importer(2089858483,d624ce77472d68a35037170ec1d2d27e)
Start importing Assets/AddOns/MgFPS_Enemy_Boss/Materials/VFX_PhotonCannon_Projectile.mat using Guid(f7a009311e3af0e4b8aaf0afc37ac75a) Importer(2089858483,d624ce77472d68a35037170ec1d2d27e) (ScriptedImporter) -> (artifact id: '07d269a7dd5736dd538380cd55a8e660') in 0.0146807 seconds
Number of updated asset objects reloaded before import = 0Number of asset objects unloaded after import = 1

========================================================================
Received Import Request.
  Time since last request: 0.000017 seconds.
  path: Assets/AddOns/MgFPS_Enemy_Boss/Materials/Detection_Module_TV_Screen.mat
  artifactKey: Guid(d2cd77ea0c82c2347ad778d45713be10) Importer(2089858483,d624ce77472d68a35037170ec1d2d27e)
Start importing Assets/AddOns/MgFPS_Enemy_Boss/Materials/Detection_Module_TV_Screen.mat using Guid(d2cd77ea0c82c2347ad778d45713be10) Importer(2089858483,d624ce77472d68a35037170ec1d2d27e) (ScriptedImporter) -> (artifact id: '2208f68eddd2ce4a53aa19420a0f08b0') in 0.0150214 seconds
Number of updated asset objects reloaded before import = 0Number of asset objects unloaded after import = 3

========================================================================
Received Import Request.
  Time since last request: 0.000018 seconds.
  path: Assets/AddOns/MgFPS_Enemy_Boss/Models/Detection_Module_Laser03_L.fbx
  artifactKey: Guid(526345eff958f04459d0fb17c6fa772a) Importer(2089858483,d624ce77472d68a35037170ec1d2d27e)
Start importing Assets/AddOns/MgFPS_Enemy_Boss/Models/Detection_Module_Laser03_L.fbx using Guid(526345eff958f04459d0fb17c6fa772a) Importer(2089858483,d624ce77472d68a35037170ec1d2d27e) (ScriptedImporter) -> (artifact id: '6c40a84cbaa57af447f531ed0060512c') in 0.0229742 seconds
Number of updated asset objects reloaded before import = 0Number of asset objects unloaded after import = 26

========================================================================
Received Import Request.
  Time since last request: 0.000017 seconds.
  path: Assets/AddOns/MgFPS_Enemy_Boss/Prefabs/Weapon_Module_Railgun_R.prefab
  artifactKey: Guid(fc920f16bd0d23249beb18747354859c) Importer(2089858483,d624ce77472d68a35037170ec1d2d27e)
Start importing Assets/AddOns/MgFPS_Enemy_Boss/Prefabs/Weapon_Module_Railgun_R.prefab using Guid(fc920f16bd0d23249beb18747354859c) Importer(2089858483,d624ce77472d68a35037170ec1d2d27e) (ScriptedImporter) -> (artifact id: '6535a556054503f86cc2caf98fda3692') in 0.037074 seconds
Number of updated asset objects reloaded before import = 0Number of asset objects unloaded after import = 87

========================================================================
Received Import Request.
  Time since last request: 0.000029 seconds.
  path: Assets/AddOns/MgFPS_Enemy_Boss/Models/Weapon_Module_SpinningRadar_L.fbx
  artifactKey: Guid(32153a8dd3d3c2340930dbaf5e9ae169) Importer(2089858483,d624ce77472d68a35037170ec1d2d27e)
Start importing Assets/AddOns/MgFPS_Enemy_Boss/Models/Weapon_Module_SpinningRadar_L.fbx using Guid(32153a8dd3d3c2340930dbaf5e9ae169) Importer(2089858483,d624ce77472d68a35037170ec1d2d27e) (ScriptedImporter) -> (artifact id: 'ee19f6f2791138ea39a9f4e1448988ca') in 0.0194343 seconds
Number of updated asset objects reloaded before import = 0Number of asset objects unloaded after import = 22

========================================================================
Received Import Request.
  Time since last request: 0.000020 seconds.
  path: Assets/AddOns/MgFPS_Enemy_Boss/Models/Detection_Module_SpinningRadar_R.fbx
  artifactKey: Guid(10c51bf7f84a9a9408e775714921fef9) Importer(2089858483,d624ce77472d68a35037170ec1d2d27e)
Start importing Assets/AddOns/MgFPS_Enemy_Boss/Models/Detection_Module_SpinningRadar_R.fbx using Guid(10c51bf7f84a9a9408e775714921fef9) Importer(2089858483,d624ce77472d68a35037170ec1d2d27e) (ScriptedImporter) -> (artifact id: '5df12e5f02c8d0e175ee889491fcc4da') in 0.02094 seconds
Number of updated asset objects reloaded before import = 0Number of asset objects unloaded after import = 20

========================================================================
Received Import Request.
  Time since last request: 0.000017 seconds.
  path: Assets/AddOns/MgFPS_Enemy_Boss/Models/Navigation_Module_TwinJet.fbx
  artifactKey: Guid(6fed268af42affe4796e1171c1df3d37) Importer(2089858483,d624ce77472d68a35037170ec1d2d27e)
Start importing Assets/AddOns/MgFPS_Enemy_Boss/Models/Navigation_Module_TwinJet.fbx using Guid(6fed268af42affe4796e1171c1df3d37) Importer(2089858483,d624ce77472d68a35037170ec1d2d27e) (ScriptedImporter) -> (artifact id: '294b2ac5a1ee8b80c4facd7ba87a3389') in 0.0190559 seconds
Number of updated asset objects reloaded before import = 0Number of asset objects unloaded after import = 16

========================================================================
Received Import Request.
  Time since last request: 0.000018 seconds.
  path: Assets/AddOns/MgFPS_Enemy_Boss/Prefabs/Enemy_Boss_Variant02.prefab
  artifactKey: Guid(340333c285c0686499a16953bdcdee19) Importer(2089858483,d624ce77472d68a35037170ec1d2d27e)
Start importing Assets/AddOns/MgFPS_Enemy_Boss/Prefabs/Enemy_Boss_Variant02.prefab using Guid(340333c285c0686499a16953bdcdee19) Importer(2089858483,d624ce77472d68a35037170ec1d2d27e) (ScriptedImporter) -> (artifact id: '1a43943765b9577a5ad9063b681bd72b') in 0.0646662 seconds
Number of updated asset objects reloaded before import = 0Number of asset objects unloaded after import = 414

========================================================================
Received Import Request.
  Time since last request: 0.000034 seconds.
  path: Assets/AddOns/MgFPS_Enemy_Boss/Materials/VFX_RocketLauncher_MuzzleFlash.mat
  artifactKey: Guid(8370b7757dc63274aa098061b2c9179e) Importer(2089858483,d624ce77472d68a35037170ec1d2d27e)
Start importing Assets/AddOns/MgFPS_Enemy_Boss/Materials/VFX_RocketLauncher_MuzzleFlash.mat using Guid(8370b7757dc63274aa098061b2c9179e) Importer(2089858483,d624ce77472d68a35037170ec1d2d27e) (ScriptedImporter) -> (artifact id: '55e6555b4645f4b2d49ea52d4205f0c2') in 0.0150186 seconds
Number of updated asset objects reloaded before import = 0Number of asset objects unloaded after import = 2

========================================================================
Received Import Request.
  Time since last request: 0.000015 seconds.
  path: Assets/AddOns/MgFPS_Enemy_Boss/Prefabs/VFX_RocketLauncher_MuzzleFlash.prefab
  artifactKey: Guid(7ffa0c0d65e94b242993b67a6959bd82) Importer(2089858483,d624ce77472d68a35037170ec1d2d27e)
Start importing Assets/AddOns/MgFPS_Enemy_Boss/Prefabs/VFX_RocketLauncher_MuzzleFlash.prefab using Guid(7ffa0c0d65e94b242993b67a6959bd82) Importer(2089858483,d624ce77472d68a35037170ec1d2d27e) (ScriptedImporter) -> (artifact id: 'f94aeb994c69bbb527e84572c0b5e76e') in 0.0244079 seconds
Number of updated asset objects reloaded before import = 0Number of asset objects unloaded after import = 6

========================================================================
Received Import Request.
  Time since last request: 0.000025 seconds.
  path: Assets/AddOns/MgFPS_Enemy_Boss/Models/Weapon_Module_Railgun_R.fbx
  artifactKey: Guid(32ecf8eae5599c448a8924d0619dbe23) Importer(2089858483,d624ce77472d68a35037170ec1d2d27e)
Start importing Assets/AddOns/MgFPS_Enemy_Boss/Models/Weapon_Module_Railgun_R.fbx using Guid(32ecf8eae5599c448a8924d0619dbe23) Importer(2089858483,d624ce77472d68a35037170ec1d2d27e) (ScriptedImporter) -> (artifact id: '696a4b55fb67fc06a3aaa1e452fef1e7') in 0.0193557 seconds
Number of updated asset objects reloaded before import = 0Number of asset objects unloaded after import = 32

========================================================================
Received Import Request.
  Time since last request: 0.000022 seconds.
  path: Assets/AddOns/MgFPS_Enemy_Boss/Materials/Weapon_Module_RocketLauncher_Slot1.mat
  artifactKey: Guid(3c5e89592d04bf446bdebfb69cadb46e) Importer(2089858483,d624ce77472d68a35037170ec1d2d27e)
Start importing Assets/AddOns/MgFPS_Enemy_Boss/Materials/Weapon_Module_RocketLauncher_Slot1.mat using Guid(3c5e89592d04bf446bdebfb69cadb46e) Importer(2089858483,d624ce77472d68a35037170ec1d2d27e) (ScriptedImporter) -> (artifact id: 'ca0199863fae58ecae9a72134db73291') in 0.0143636 seconds
Number of updated asset objects reloaded before import = 0Number of asset objects unloaded after import = 1

========================================================================
Received Import Request.
  Time since last request: 0.000037 seconds.
  path: Assets/AddOns/MgFPS_Enemy_Boss/Models/Detection_Module_Laser02_L.fbx
  artifactKey: Guid(5445935e39b71a84a854d70d65267b6b) Importer(2089858483,d624ce77472d68a35037170ec1d2d27e)
Start importing Assets/AddOns/MgFPS_Enemy_Boss/Models/Detection_Module_Laser02_L.fbx using Guid(5445935e39b71a84a854d70d65267b6b) Importer(2089858483,d624ce77472d68a35037170ec1d2d27e) (ScriptedImporter) -> (artifact id: '3844f520b54f492242d20ba1ca31efe4') in 0.0181246 seconds
Number of updated asset objects reloaded before import = 0Number of asset objects unloaded after import = 16

========================================================================
Received Import Request.
  Time since last request: 0.000019 seconds.
  path: Assets/AddOns/MgFPS_Enemy_Boss/Materials/VFX_Railgun_Charge.mat
  artifactKey: Guid(e03ea77bd9205f54eb9a98515297446e) Importer(2089858483,d624ce77472d68a35037170ec1d2d27e)
Start importing Assets/AddOns/MgFPS_Enemy_Boss/Materials/VFX_Railgun_Charge.mat using Guid(e03ea77bd9205f54eb9a98515297446e) Importer(2089858483,d624ce77472d68a35037170ec1d2d27e) (ScriptedImporter) -> (artifact id: '0a449d20b2906b7cc06b733eb7ad9f8a') in 0.0148939 seconds
Number of updated asset objects reloaded before import = 0Number of asset objects unloaded after import = 2

========================================================================
Received Import Request.
  Time since last request: 0.000017 seconds.
  path: Assets/AddOns/MgFPS_Enemy_Boss/Models/Detection_Module_TV_R.fbx
  artifactKey: Guid(83abc728c1697214991b4965f595d9cf) Importer(2089858483,d624ce77472d68a35037170ec1d2d27e)
Start importing Assets/AddOns/MgFPS_Enemy_Boss/Models/Detection_Module_TV_R.fbx using Guid(83abc728c1697214991b4965f595d9cf) Importer(2089858483,d624ce77472d68a35037170ec1d2d27e) (ScriptedImporter) -> (artifact id: '4d14d2b3c4155766d278c3cee601fadc') in 0.0179813 seconds
Number of updated asset objects reloaded before import = 0Number of asset objects unloaded after import = 18

========================================================================
Received Import Request.
  Time since last request: 0.000019 seconds.
  path: Assets/AddOns/MgFPS_Enemy_Boss_Skins/Materials/Weapon_Module_RocketLauncher_Royal.mat
  artifactKey: Guid(87cce037cdea44b408b3ee1527b953c5) Importer(2089858483,d624ce77472d68a35037170ec1d2d27e)
Start importing Assets/AddOns/MgFPS_Enemy_Boss_Skins/Materials/Weapon_Module_RocketLauncher_Royal.mat using Guid(87cce037cdea44b408b3ee1527b953c5) Importer(2089858483,d624ce77472d68a35037170ec1d2d27e) (ScriptedImporter) -> (artifact id: '197b8e8ee1728c367f190005fd0a076f') in 0.024563 seconds
Number of updated asset objects reloaded before import = 0Number of asset objects unloaded after import = 4

========================================================================
Received Import Request.
  Time since last request: 0.000033 seconds.
  path: Assets/AddOns/MgFPS_Enemy_Boss_Skins/Textures/Detection_Module_Laser03_Royal_Normal.png
  artifactKey: Guid(2e925eade37b2f8498d45a362709f20e) Importer(2089858483,d624ce77472d68a35037170ec1d2d27e)
Start importing Assets/AddOns/MgFPS_Enemy_Boss_Skins/Textures/Detection_Module_Laser03_Royal_Normal.png using Guid(2e925eade37b2f8498d45a362709f20e) Importer(2089858483,d624ce77472d68a35037170ec1d2d27e) (ScriptedImporter) -> (artifact id: 'b07835f60aedfb91e5f06faf1384a7c5') in 0.0158415 seconds
Number of updated asset objects reloaded before import = 0Number of asset objects unloaded after import = 1

========================================================================
Received Import Request.
  Time since last request: 0.000017 seconds.
  path: Assets/AddOns/MgFPS_Enemy_Boss/Textures/VFX_Distortion.png
  artifactKey: Guid(1caa90811d011ab448b8ac3ba24a079b) Importer(2089858483,d624ce77472d68a35037170ec1d2d27e)
Start importing Assets/AddOns/MgFPS_Enemy_Boss/Textures/VFX_Distortion.png using Guid(1caa90811d011ab448b8ac3ba24a079b) Importer(2089858483,d624ce77472d68a35037170ec1d2d27e) (ScriptedImporter) -> (artifact id: '9a76f7b49be16b9d90247ebc3178ceea') in 0.0171192 seconds
Number of updated asset objects reloaded before import = 0Number of asset objects unloaded after import = 1

========================================================================
Received Import Request.
  Time since last request: 0.000016 seconds.
  path: Assets/AddOns/MgFPS_Enemy_Boss_Skins/Textures/Detection_Module_Searchlight_Royal_Normal.png
  artifactKey: Guid(b645d97c7ee9986438252a04e0d7ce8d) Importer(2089858483,d624ce77472d68a35037170ec1d2d27e)
Start importing Assets/AddOns/MgFPS_Enemy_Boss_Skins/Textures/Detection_Module_Searchlight_Royal_Normal.png using Guid(b645d97c7ee9986438252a04e0d7ce8d) Importer(2089858483,d624ce77472d68a35037170ec1d2d27e) (ScriptedImporter) -> (artifact id: 'f4c78d2e0a183dda6654c742edac7676') in 0.0170104 seconds
Number of updated asset objects reloaded before import = 0Number of asset objects unloaded after import = 1

========================================================================
Received Import Request.
  Time since last request: 0.000021 seconds.
  path: Assets/AddOns/MgFPS_Enemy_Boss_Skins/Materials/Detection_Module_SpinningRadar_Royal.mat
  artifactKey: Guid(53f9a4dc685e920488b4c4af6b74d9dd) Importer(2089858483,d624ce77472d68a35037170ec1d2d27e)
Start importing Assets/AddOns/MgFPS_Enemy_Boss_Skins/Materials/Detection_Module_SpinningRadar_Royal.mat using Guid(53f9a4dc685e920488b4c4af6b74d9dd) Importer(2089858483,d624ce77472d68a35037170ec1d2d27e) (ScriptedImporter) -> (artifact id: '729a3bed9acf88acb945f2e849ff9763') in 0.0213019 seconds
Number of updated asset objects reloaded before import = 0Number of asset objects unloaded after import = 5

========================================================================
Received Import Request.
  Time since last request: 0.000027 seconds.
  path: Assets/AddOns/MgFPS_Enemy_Boss/Textures/Navigation_Module_TwinBladeJets_AlbedoTransparency.png
  artifactKey: Guid(356f2a1e9d6d6b749a2f6f860041f16e) Importer(2089858483,d624ce77472d68a35037170ec1d2d27e)
Start importing Assets/AddOns/MgFPS_Enemy_Boss/Textures/Navigation_Module_TwinBladeJets_AlbedoTransparency.png using Guid(356f2a1e9d6d6b749a2f6f860041f16e) Importer(2089858483,d624ce77472d68a35037170ec1d2d27e) (ScriptedImporter) -> (artifact id: '182026cc866342bd7ffadf02974ae82f') in 0.0153664 seconds
Number of updated asset objects reloaded before import = 0Number of asset objects unloaded after import = 1

========================================================================
Received Import Request.
  Time since last request: 0.000016 seconds.
  path: Assets/AddOns/MgFPS_Enemy_Boss_Skins/Textures/Detection_Module_TV_Royal_MetallicSmoothness.png
  artifactKey: Guid(b7b6abd708e3b934180acadada73ecfb) Importer(2089858483,d624ce77472d68a35037170ec1d2d27e)
Start importing Assets/AddOns/MgFPS_Enemy_Boss_Skins/Textures/Detection_Module_TV_Royal_MetallicSmoothness.png using Guid(b7b6abd708e3b934180acadada73ecfb) Importer(2089858483,d624ce77472d68a35037170ec1d2d27e) (ScriptedImporter) -> (artifact id: 'cba18bfecb06a0c2fc86195494016033') in 0.0181449 seconds
Number of updated asset objects reloaded before import = 0Number of asset objects unloaded after import = 1

========================================================================
Received Import Request.
  Time since last request: 0.000015 seconds.
  path: Assets/AddOns/MgFPS_Enemy_Boss_Skins/Textures/EnemyBoss_Royal_AlbedoTransparency.png
  artifactKey: Guid(7e74caa30f8ffd342b2154ce19304aa0) Importer(2089858483,d624ce77472d68a35037170ec1d2d27e)
Start importing Assets/AddOns/MgFPS_Enemy_Boss_Skins/Textures/EnemyBoss_Royal_AlbedoTransparency.png using Guid(7e74caa30f8ffd342b2154ce19304aa0) Importer(2089858483,d624ce77472d68a35037170ec1d2d27e) (ScriptedImporter) -> (artifact id: '67b36b90aa0bcfa8ad1783bf89d94400') in 0.0166441 seconds
Number of updated asset objects reloaded before import = 0Number of asset objects unloaded after import = 1

========================================================================
Received Import Request.
  Time since last request: 0.000020 seconds.
  path: Assets/AddOns/MgFPS_Enemy_Boss/Textures/PhotonCannon_Glow.png
  artifactKey: Guid(eefa9530b652bdf4a844624646b32d72) Importer(2089858483,d624ce77472d68a35037170ec1d2d27e)
Start importing Assets/AddOns/MgFPS_Enemy_Boss/Textures/PhotonCannon_Glow.png using Guid(eefa9530b652bdf4a844624646b32d72) Importer(2089858483,d624ce77472d68a35037170ec1d2d27e) (ScriptedImporter) -> (artifact id: 'd93ba0d2db98babd862bc493cf1c575b') in 0.0189269 seconds
Number of updated asset objects reloaded before import = 0Number of asset objects unloaded after import = 1

========================================================================
Received Import Request.
  Time since last request: 0.000027 seconds.
  path: Assets/AddOns/MgFPS_Enemy_Boss/Textures/Detection_Module_Searchlight_AlbedoTransparency.png
  artifactKey: Guid(2b2b9dfbc62d72a43abfa1cbfd6ac28f) Importer(2089858483,d624ce77472d68a35037170ec1d2d27e)
Start importing Assets/AddOns/MgFPS_Enemy_Boss/Textures/Detection_Module_Searchlight_AlbedoTransparency.png using Guid(2b2b9dfbc62d72a43abfa1cbfd6ac28f) Importer(2089858483,d624ce77472d68a35037170ec1d2d27e) (ScriptedImporter) -> (artifact id: '13f2bd8ac33d9bb677adf82fa8a4b304') in 0.0169903 seconds
Number of updated asset objects reloaded before import = 0Number of asset objects unloaded after import = 1

========================================================================
Received Import Request.
  Time since last request: 0.000016 seconds.
  path: Assets/AddOns/MgFPS_Enemy_Boss_Skins/Materials/Detection_Module_Laser02_Royal.mat
  artifactKey: Guid(deadcba2c02b4df4e9841d9f9601edf7) Importer(2089858483,d624ce77472d68a35037170ec1d2d27e)
Start importing Assets/AddOns/MgFPS_Enemy_Boss_Skins/Materials/Detection_Module_Laser02_Royal.mat using Guid(deadcba2c02b4df4e9841d9f9601edf7) Importer(2089858483,d624ce77472d68a35037170ec1d2d27e) (ScriptedImporter) -> (artifact id: 'e55bd0c86372310216de5eee39855af9') in 0.0181891 seconds
Number of updated asset objects reloaded before import = 0Number of asset objects unloaded after import = 4

========================================================================
Received Import Request.
  Time since last request: 0.000016 seconds.
  path: Assets/AddOns/MgFPS_Enemy_Boss/Textures/Navigation_Module_TwinJet_AlbedoTransparency.png
  artifactKey: Guid(93732b971f5ec2a4ba2434990c92e310) Importer(2089858483,d624ce77472d68a35037170ec1d2d27e)
Start importing Assets/AddOns/MgFPS_Enemy_Boss/Textures/Navigation_Module_TwinJet_AlbedoTransparency.png using Guid(93732b971f5ec2a4ba2434990c92e310) Importer(2089858483,d624ce77472d68a35037170ec1d2d27e) (ScriptedImporter) -> (artifact id: '17e536dfa99cead3a43c3f97f9f577be') in 0.0195326 seconds
Number of updated asset objects reloaded before import = 0Number of asset objects unloaded after import = 1

========================================================================
Received Import Request.
  Time since last request: 0.000018 seconds.
  path: Assets/AddOns/MgFPS_Enemy_Boss/Models/RocketLauncher_Projectile.fbx
  artifactKey: Guid(773f7d1b44e7cde45884231449e728e1) Importer(2089858483,d624ce77472d68a35037170ec1d2d27e)
Start importing Assets/AddOns/MgFPS_Enemy_Boss/Models/RocketLauncher_Projectile.fbx using Guid(773f7d1b44e7cde45884231449e728e1) Importer(2089858483,d624ce77472d68a35037170ec1d2d27e) (ScriptedImporter) -> (artifact id: '09978e888b1ff0fb22f1f9e0cae58088') in 0.0164749 seconds
Number of updated asset objects reloaded before import = 0Number of asset objects unloaded after import = 8

========================================================================
Received Import Request.
  Time since last request: 0.000021 seconds.
  path: Assets/AddOns/MgFPS_PlasmaRain/PlasmaRainMeshAndTextures/PlasmaRain_Material.mat
  artifactKey: Guid(c189b0da7bb389747b6398d0e5a8084e) Importer(2089858483,d624ce77472d68a35037170ec1d2d27e)
Start importing Assets/AddOns/MgFPS_PlasmaRain/PlasmaRainMeshAndTextures/PlasmaRain_Material.mat using Guid(c189b0da7bb389747b6398d0e5a8084e) Importer(2089858483,d624ce77472d68a35037170ec1d2d27e) (ScriptedImporter) -> (artifact id: '9cff2126cf305de9ba983a86d3eb8b7c') in 0.0410603 seconds
Number of updated asset objects reloaded before import = 0Number of asset objects unloaded after import = 6

========================================================================
Received Import Request.
  Time since last request: 0.000017 seconds.
  path: Assets/AddOns/MgFPS_Haku/Haku_SFX/Haku_Fire.ogg
  artifactKey: Guid(640e03b192ae4e440923f2228ade44f2) Importer(2089858483,d624ce77472d68a35037170ec1d2d27e)
Start importing Assets/AddOns/MgFPS_Haku/Haku_SFX/Haku_Fire.ogg using Guid(640e03b192ae4e440923f2228ade44f2) Importer(2089858483,d624ce77472d68a35037170ec1d2d27e) (ScriptedImporter) -> (artifact id: '39aa59fbdba647bd35f51334f43e2f5e') in 0.0359736 seconds
Number of updated asset objects reloaded before import = 0Number of asset objects unloaded after import = 1

========================================================================
Received Import Request.
  Time since last request: 0.000018 seconds.
  path: Assets/AddOns/MgFPS_Fireballer/FireballerMeshesAndTextures/T_Fireballer_MetallicSmoothness.png
  artifactKey: Guid(34793d8bff21bd24a9968f66a3efedc8) Importer(2089858483,d624ce77472d68a35037170ec1d2d27e)
Start importing Assets/AddOns/MgFPS_Fireballer/FireballerMeshesAndTextures/T_Fireballer_MetallicSmoothness.png using Guid(34793d8bff21bd24a9968f66a3efedc8) Importer(2089858483,d624ce77472d68a35037170ec1d2d27e) (ScriptedImporter) -> (artifact id: 'bd7a5c81d9d9bd1d55f3a02c038f40be') in 0.0181846 seconds
Number of updated asset objects reloaded before import = 0Number of asset objects unloaded after import = 1

========================================================================
Received Import Request.
  Time since last request: 0.000023 seconds.
  path: Assets/AddOns/MgFPS_PlasmaRain/PlasmaRainMeshAndTextures/PlasmaRainDiscMat_Transparent.mat
  artifactKey: Guid(bbedafb0e2b9ddd4ab8c2a09ac34b2f6) Importer(2089858483,d624ce77472d68a35037170ec1d2d27e)
Start importing Assets/AddOns/MgFPS_PlasmaRain/PlasmaRainMeshAndTextures/PlasmaRainDiscMat_Transparent.mat using Guid(bbedafb0e2b9ddd4ab8c2a09ac34b2f6) Importer(2089858483,d624ce77472d68a35037170ec1d2d27e) (ScriptedImporter) -> (artifact id: '0757a36cc1683b92a40c37a77c43718a') in 0.0173069 seconds
Number of updated asset objects reloaded before import = 0Number of asset objects unloaded after import = 6

========================================================================
Received Import Request.
  Time since last request: 0.000020 seconds.
  path: Assets/AddOns/MgFPS_Enemy_Boss_Skins/Textures/Navigation_Module_SingleJet_Royal_MetallicSmoothness.png
  artifactKey: Guid(13964a83d7ba53648bd1c1c2f1e553fa) Importer(2089858483,d624ce77472d68a35037170ec1d2d27e)
Start importing Assets/AddOns/MgFPS_Enemy_Boss_Skins/Textures/Navigation_Module_SingleJet_Royal_MetallicSmoothness.png using Guid(13964a83d7ba53648bd1c1c2f1e553fa) Importer(2089858483,d624ce77472d68a35037170ec1d2d27e) (ScriptedImporter) -> (artifact id: '7bf26295b60fff8a432e556e880ca918') in 0.0169993 seconds
Number of updated asset objects reloaded before import = 0Number of asset objects unloaded after import = 1

========================================================================
Received Import Request.
  Time since last request: 0.000014 seconds.
  path: Assets/AddOns/MgFPS_Enemy_Boss_Skins/Textures/Weapon_Module_PhotonCannon_Royal_AlbedoTransparency.png
  artifactKey: Guid(29df4d09674f63f4d9e56a3a2737248e) Importer(2089858483,d624ce77472d68a35037170ec1d2d27e)
Start importing Assets/AddOns/MgFPS_Enemy_Boss_Skins/Textures/Weapon_Module_PhotonCannon_Royal_AlbedoTransparency.png using Guid(29df4d09674f63f4d9e56a3a2737248e) Importer(2089858483,d624ce77472d68a35037170ec1d2d27e) (ScriptedImporter) -> (artifact id: '4149bf832cc207da7bc8628af463a0da') in 0.0184457 seconds
Number of updated asset objects reloaded before import = 0Number of asset objects unloaded after import = 1

========================================================================
Received Import Request.
  Time since last request: 0.000017 seconds.
  path: Assets/AddOns/MgFPS_Enemy_Boss_Skins/Textures/RocektLauncher_Projectile_Royal_MetallicSmoothness.png
  artifactKey: Guid(e76d7423dea132147aa6d49d8a99f19a) Importer(2089858483,d624ce77472d68a35037170ec1d2d27e)
Start importing Assets/AddOns/MgFPS_Enemy_Boss_Skins/Textures/RocektLauncher_Projectile_Royal_MetallicSmoothness.png using Guid(e76d7423dea132147aa6d49d8a99f19a) Importer(2089858483,d624ce77472d68a35037170ec1d2d27e) (ScriptedImporter) -> (artifact id: 'c41fa9141ef4e9e74ffc75ae22b9c291') in 0.0174948 seconds
Number of updated asset objects reloaded before import = 0Number of asset objects unloaded after import = 1

========================================================================
Received Import Request.
  Time since last request: 0.000024 seconds.
  path: Assets/AddOns/MgFPS_Enemy_Boss_Skins/Textures/Weapon_Module_RocketLauncher_Royal_MetallicSmoothness.png
  artifactKey: Guid(c3a6ddf33aa943c459ee2a04a9f4b203) Importer(2089858483,d624ce77472d68a35037170ec1d2d27e)
Start importing Assets/AddOns/MgFPS_Enemy_Boss_Skins/Textures/Weapon_Module_RocketLauncher_Royal_MetallicSmoothness.png using Guid(c3a6ddf33aa943c459ee2a04a9f4b203) Importer(2089858483,d624ce77472d68a35037170ec1d2d27e) (ScriptedImporter) -> (artifact id: '098ee56352ba309520c5e8995306df20') in 0.0198294 seconds
Number of updated asset objects reloaded before import = 0Number of asset objects unloaded after import = 1

========================================================================
Received Import Request.
  Time since last request: 0.000015 seconds.
  path: Assets/AddOns/MgFPS_Enemy_Boss_Skins/Textures/Navigation_Module_TwinJet_Royal_MetallicSmoothness.png
  artifactKey: Guid(22be80147c993c040b3437baa158c579) Importer(2089858483,d624ce77472d68a35037170ec1d2d27e)
Start importing Assets/AddOns/MgFPS_Enemy_Boss_Skins/Textures/Navigation_Module_TwinJet_Royal_MetallicSmoothness.png using Guid(22be80147c993c040b3437baa158c579) Importer(2089858483,d624ce77472d68a35037170ec1d2d27e) (ScriptedImporter) -> (artifact id: 'e56f4b51fad9ccb0f700e9b1eee9351e') in 0.0184522 seconds
Number of updated asset objects reloaded before import = 0Number of asset objects unloaded after import = 1

========================================================================
Received Import Request.
  Time since last request: 0.000015 seconds.
  path: Assets/AddOns/MgFPS_Fireballer/FireballerMeshesAndTextures/T_Fireballer_Emission.png
  artifactKey: Guid(e555be68c78fef345ad42c01434df500) Importer(2089858483,d624ce77472d68a35037170ec1d2d27e)
Start importing Assets/AddOns/MgFPS_Fireballer/FireballerMeshesAndTextures/T_Fireballer_Emission.png using Guid(e555be68c78fef345ad42c01434df500) Importer(2089858483,d624ce77472d68a35037170ec1d2d27e) (ScriptedImporter) -> (artifact id: 'f05a87e44774132f7886e167c89bd77d') in 0.015994 seconds
Number of updated asset objects reloaded before import = 0Number of asset objects unloaded after import = 1

========================================================================
Received Import Request.
  Time since last request: 0.000015 seconds.
  path: Assets/AddOns/MgFPS_Fireballer/FireballerMeshesAndTextures/HUD_Fireballer.png
  artifactKey: Guid(d0a5778b91c547846b3c32cd3cc34dd4) Importer(2089858483,d624ce77472d68a35037170ec1d2d27e)
Start importing Assets/AddOns/MgFPS_Fireballer/FireballerMeshesAndTextures/HUD_Fireballer.png using Guid(d0a5778b91c547846b3c32cd3cc34dd4) Importer(2089858483,d624ce77472d68a35037170ec1d2d27e) (ScriptedImporter) -> (artifact id: 'eedfdccc302f1d40aaa47d3ccf2c0601') in 0.0168029 seconds
Number of updated asset objects reloaded before import = 0Number of asset objects unloaded after import = 3

========================================================================
Received Import Request.
  Time since last request: 0.000033 seconds.
  path: Assets/AddOns/MgFPS_PlasmaRain/PlasmaRainMeshAndTextures/PlasmaRainIcon.png
  artifactKey: Guid(9d8e4f22c6c188141a864648af0bafad) Importer(2089858483,d624ce77472d68a35037170ec1d2d27e)
Start importing Assets/AddOns/MgFPS_PlasmaRain/PlasmaRainMeshAndTextures/PlasmaRainIcon.png using Guid(9d8e4f22c6c188141a864648af0bafad) Importer(2089858483,d624ce77472d68a35037170ec1d2d27e) (ScriptedImporter) -> (artifact id: 'b5d37359fed42626fe8a3d62032bef5c') in 0.0224279 seconds
Number of updated asset objects reloaded before import = 0Number of asset objects unloaded after import = 3

========================================================================
Received Import Request.
  Time since last request: 0.000033 seconds.
  path: Assets/AddOns/MgFPS_RemixSFX/Player/FPSRmx_Footstep02.wav
  artifactKey: Guid(b91711ce419ec594bb1d677d7775795b) Importer(2089858483,d624ce77472d68a35037170ec1d2d27e)
Start importing Assets/AddOns/MgFPS_RemixSFX/Player/FPSRmx_Footstep02.wav using Guid(b91711ce419ec594bb1d677d7775795b) Importer(2089858483,d624ce77472d68a35037170ec1d2d27e) (ScriptedImporter) -> (artifact id: '0346c1ceefbc308ec6f8b8efd4022e48') in 0.0222779 seconds
Number of updated asset objects reloaded before import = 0Number of asset objects unloaded after import = 1

========================================================================
Received Import Request.
  Time since last request: 0.000016 seconds.
  path: Assets/AddOns/MgFPS_RemixSFX/Weapons/FPSRmx_Launcher_Explosion.wav
  artifactKey: Guid(55497e982043a564e8467bed3febc155) Importer(2089858483,d624ce77472d68a35037170ec1d2d27e)
Start importing Assets/AddOns/MgFPS_RemixSFX/Weapons/FPSRmx_Launcher_Explosion.wav using Guid(55497e982043a564e8467bed3febc155) Importer(2089858483,d624ce77472d68a35037170ec1d2d27e) (ScriptedImporter) -> (artifact id: '42e3ebfe8212aecd28117106e5358618') in 0.021733 seconds
Number of updated asset objects reloaded before import = 0Number of asset objects unloaded after import = 1

========================================================================
Received Import Request.
  Time since last request: 0.000022 seconds.
  path: Assets/AddOns/MgFPS_PlasmaRain/PlasmaRain_SFX/Weapons_PlasmaRain_ChargeUp.wav
  artifactKey: Guid(b3d44d999f619124e8420d1f3f36fb23) Importer(2089858483,d624ce77472d68a35037170ec1d2d27e)
Start importing Assets/AddOns/MgFPS_PlasmaRain/PlasmaRain_SFX/Weapons_PlasmaRain_ChargeUp.wav using Guid(b3d44d999f619124e8420d1f3f36fb23) Importer(2089858483,d624ce77472d68a35037170ec1d2d27e) (ScriptedImporter) -> (artifact id: '8efb259460b4c38761fc0271018a65b4') in 0.0243923 seconds
Number of updated asset objects reloaded before import = 0Number of asset objects unloaded after import = 1

========================================================================
Received Import Request.
  Time since last request: 0.000028 seconds.
  path: Assets/AddOns/MgFPS_SniperRifle/SniperRifle_MeshesAndTextures/Crosshair_SniperRifle_01.png
  artifactKey: Guid(70f431287873d974e8c7898efef61a1c) Importer(2089858483,d624ce77472d68a35037170ec1d2d27e)
Start importing Assets/AddOns/MgFPS_SniperRifle/SniperRifle_MeshesAndTextures/Crosshair_SniperRifle_01.png using Guid(70f431287873d974e8c7898efef61a1c) Importer(2089858483,d624ce77472d68a35037170ec1d2d27e) (ScriptedImporter) -> (artifact id: '882af263b0a7587e66e26d4429fce4eb') in 0.0153401 seconds
Number of updated asset objects reloaded before import = 0Number of asset objects unloaded after import = 3

========================================================================
Received Import Request.
  Time since last request: 0.000019 seconds.
  path: Assets/AddOns/MgFPS_SniperRifle/SniperRifle_MeshesAndTextures/Weapon_SniperRifle_Secondary.mat
  artifactKey: Guid(19bc3452f13edb94591a2534f729a872) Importer(2089858483,d624ce77472d68a35037170ec1d2d27e)
Start importing Assets/AddOns/MgFPS_SniperRifle/SniperRifle_MeshesAndTextures/Weapon_SniperRifle_Secondary.mat using Guid(19bc3452f13edb94591a2534f729a872) Importer(2089858483,d624ce77472d68a35037170ec1d2d27e) (ScriptedImporter) -> (artifact id: '2853d56ea08c51881b9dc6ae1c56303f') in 0.0145655 seconds
Number of updated asset objects reloaded before import = 0Number of asset objects unloaded after import = 1

========================================================================
Received Import Request.
  Time since last request: 0.000013 seconds.
  path: Assets/AddOns/MgFPS_Thunderlight/Thunderlight_VFX/Thunderlight_SparkWink.prefab
  artifactKey: Guid(4d3fc51ce768b2f48ae88feaeb8e868b) Importer(2089858483,d624ce77472d68a35037170ec1d2d27e)
Start importing Assets/AddOns/MgFPS_Thunderlight/Thunderlight_VFX/Thunderlight_SparkWink.prefab using Guid(4d3fc51ce768b2f48ae88feaeb8e868b) Importer(2089858483,d624ce77472d68a35037170ec1d2d27e) (ScriptedImporter) -> (artifact id: '0532d0f9643fffc77545d3e6859bfea0') in 0.0270659 seconds
Number of updated asset objects reloaded before import = 0Number of asset objects unloaded after import = 6

========================================================================
Received Import Request.
  Time since last request: 0.000020 seconds.
  path: Assets/AddOns/MgFPS_Quasar/Quasar_VFX/Quasar_DiscOrbitParticles.prefab
  artifactKey: Guid(76714d08c2dd77a4d86fb98af60f6a31) Importer(2089858483,d624ce77472d68a35037170ec1d2d27e)
Start importing Assets/AddOns/MgFPS_Quasar/Quasar_VFX/Quasar_DiscOrbitParticles.prefab using Guid(76714d08c2dd77a4d86fb98af60f6a31) Importer(2089858483,d624ce77472d68a35037170ec1d2d27e) (ScriptedImporter) -> (artifact id: '28a1adb1b65554d85160b374e3fa1b8f') in 0.0258095 seconds
Number of updated asset objects reloaded before import = 0Number of asset objects unloaded after import = 6

========================================================================
Received Import Request.
  Time since last request: 0.000025 seconds.
  path: Assets/AddOns/MgFPS_RemixSFX/Player/FPSRmx_Damage_Tick01.wav
  artifactKey: Guid(065eb52da8551da4b86405ebb52cd3b1) Importer(2089858483,d624ce77472d68a35037170ec1d2d27e)
Start importing Assets/AddOns/MgFPS_RemixSFX/Player/FPSRmx_Damage_Tick01.wav using Guid(065eb52da8551da4b86405ebb52cd3b1) Importer(2089858483,d624ce77472d68a35037170ec1d2d27e) (ScriptedImporter) -> (artifact id: '54330b5289867b80ec1cc496a0f10e11') in 0.0207907 seconds
Number of updated asset objects reloaded before import = 0Number of asset objects unloaded after import = 1

========================================================================
Received Import Request.
  Time since last request: 0.000013 seconds.
  path: Assets/AddOns/MgFPS_RemixSFX/Pickups/FPSRmx_Pickups_Jetpack.wav
  artifactKey: Guid(23e01fe4b4a75c84abdec5e105d13379) Importer(2089858483,d624ce77472d68a35037170ec1d2d27e)
Start importing Assets/AddOns/MgFPS_RemixSFX/Pickups/FPSRmx_Pickups_Jetpack.wav using Guid(23e01fe4b4a75c84abdec5e105d13379) Importer(2089858483,d624ce77472d68a35037170ec1d2d27e) (ScriptedImporter) -> (artifact id: 'd786e8214ea6dbca48321de335c9287f') in 0.0208372 seconds
Number of updated asset objects reloaded before import = 0Number of asset objects unloaded after import = 1

========================================================================
Received Import Request.
  Time since last request: 0.000016 seconds.
  path: Assets/AddOns/MgFPS_RemixSFX/Player/FPSRmx_Damage_Tick02.wav
  artifactKey: Guid(8c591ff330e93694fbcd108b3abd161f) Importer(2089858483,d624ce77472d68a35037170ec1d2d27e)
Start importing Assets/AddOns/MgFPS_RemixSFX/Player/FPSRmx_Damage_Tick02.wav using Guid(8c591ff330e93694fbcd108b3abd161f) Importer(2089858483,d624ce77472d68a35037170ec1d2d27e) (ScriptedImporter) -> (artifact id: '8e54b88cfffcd4f2eb6a4896b7f57759') in 0.0224028 seconds
Number of updated asset objects reloaded before import = 0Number of asset objects unloaded after import = 1

========================================================================
Received Import Request.
  Time since last request: 0.000021 seconds.
  path: Assets/AddOns/Mg3D_Animated_Sci-fi/Meshes/SA_MechanicalArm_Assembled.asset
  artifactKey: Guid(861833e5f47d13f4e97862367ed9f4a5) Importer(2089858483,d624ce77472d68a35037170ec1d2d27e)
Start importing Assets/AddOns/Mg3D_Animated_Sci-fi/Meshes/SA_MechanicalArm_Assembled.asset using Guid(861833e5f47d13f4e97862367ed9f4a5) Importer(2089858483,d624ce77472d68a35037170ec1d2d27e) (ScriptedImporter) -> (artifact id: '6bfa72dbfe4c4b5147f1936b42d22b88') in 0.0150543 seconds
Number of updated asset objects reloaded before import = 0Number of asset objects unloaded after import = 1

========================================================================
Received Import Request.
  Time since last request: 0.000024 seconds.
  path: Assets/CodeMonkey/KeyDoorSystem/Scripts/DoorKey.cs
  artifactKey: Guid(b6a856514129add4483afea27a007756) Importer(2089858483,d624ce77472d68a35037170ec1d2d27e)
Start importing Assets/CodeMonkey/KeyDoorSystem/Scripts/DoorKey.cs using Guid(b6a856514129add4483afea27a007756) Importer(2089858483,d624ce77472d68a35037170ec1d2d27e) (ScriptedImporter) -> (artifact id: 'c12712a783e6ce4f71f5bd7bf0b9d785') in 0.012307 seconds
Number of updated asset objects reloaded before import = 0Number of asset objects unloaded after import = 0

========================================================================
Received Import Request.
  Time since last request: 0.000015 seconds.
  path: Assets/CodeMonkey/KeyDoorSystem/Objects/DoorPrefab Blue.prefab
  artifactKey: Guid(644381e696adddf47af29eeefb3a0375) Importer(2089858483,d624ce77472d68a35037170ec1d2d27e)
Start importing Assets/CodeMonkey/KeyDoorSystem/Objects/DoorPrefab Blue.prefab using Guid(644381e696adddf47af29eeefb3a0375) Importer(2089858483,d624ce77472d68a35037170ec1d2d27e) (ScriptedImporter) -> (artifact id: '50f774dbc8ed6d1b230aac7434acfa27') in 0.0224176 seconds
Number of updated asset objects reloaded before import = 0Number of asset objects unloaded after import = 77

========================================================================
Received Import Request.
  Time since last request: 0.000013 seconds.
  path: Assets/AddOns/Mg_Scifi_Music/Mixers&Tracks/FallingBubblesSFX.ogg
  artifactKey: Guid(038e84a3c9b87ed45b23d3747cfcad36) Importer(2089858483,d624ce77472d68a35037170ec1d2d27e)
Start importing Assets/AddOns/Mg_Scifi_Music/Mixers&Tracks/FallingBubblesSFX.ogg using Guid(038e84a3c9b87ed45b23d3747cfcad36) Importer(2089858483,d624ce77472d68a35037170ec1d2d27e) (ScriptedImporter) -> (artifact id: '6cfc62d4f4226180286efc816fb7557e') in 0.0653086 seconds
Number of updated asset objects reloaded before import = 0Number of asset objects unloaded after import = 1

========================================================================
Received Import Request.
  Time since last request: 0.000018 seconds.
  path: Assets/FPS/Scenes/IntroMenu.unity
  artifactKey: Guid(56e3faabc5bb30f49a68bb8f1292f988) Importer(815301076,1909f56bfc062723c751e8b465ee728b)
Start importing Assets/FPS/Scenes/IntroMenu.unity using Guid(56e3faabc5bb30f49a68bb8f1292f988) Importer(815301076,1909f56bfc062723c751e8b465ee728b) (PreviewImporter) -> (artifact id: 'af858aca33f29d4ed38d2895009cae37') in 0.0007039 seconds
Number of updated asset objects reloaded before import = 0Number of asset objects unloaded after import = 0

========================================================================
Received Import Request.
  Time since last request: 0.000036 seconds.
  path: Assets/CodeMonkey/KeyDoorSystem/Readme/Readme_KeyDoorSystem.cs
  artifactKey: Guid(a995a1609d14f7b41926d8d89dfb4395) Importer(2089858483,d624ce77472d68a35037170ec1d2d27e)
Start importing Assets/CodeMonkey/KeyDoorSystem/Readme/Readme_KeyDoorSystem.cs using Guid(a995a1609d14f7b41926d8d89dfb4395) Importer(2089858483,d624ce77472d68a35037170ec1d2d27e) (ScriptedImporter) -> (artifact id: '7cefeb7ddb7407a0ba7ae4500d20a768') in 0.0124467 seconds
Number of updated asset objects reloaded before import = 0Number of asset objects unloaded after import = 0

========================================================================
Received Import Request.
  Time since last request: 0.000019 seconds.
  path: Assets/CodeMonkey/KeyDoorSystem/Objects/DoorPrefab Red.prefab
  artifactKey: Guid(40a90cad705d70542a3895fd114a425f) Importer(2089858483,d624ce77472d68a35037170ec1d2d27e)
Start importing Assets/CodeMonkey/KeyDoorSystem/Objects/DoorPrefab Red.prefab using Guid(40a90cad705d70542a3895fd114a425f) Importer(2089858483,d624ce77472d68a35037170ec1d2d27e) (ScriptedImporter) -> (artifact id: '43d19e7f556ed75e7736f962fdb55d58') in 0.0192764 seconds
Number of updated asset objects reloaded before import = 0Number of asset objects unloaded after import = 76

========================================================================
Received Import Request.
  Time since last request: 0.000022 seconds.
  path: Assets/AddOns/Mg_Scifi_Music/Mixers&Tracks/Piano.ogg
  artifactKey: Guid(243a002484d081a4e9faa5394af6b47c) Importer(2089858483,d624ce77472d68a35037170ec1d2d27e)
Start importing Assets/AddOns/Mg_Scifi_Music/Mixers&Tracks/Piano.ogg using Guid(243a002484d081a4e9faa5394af6b47c) Importer(2089858483,d624ce77472d68a35037170ec1d2d27e) (ScriptedImporter) -> (artifact id: 'fe79fcef5d3b918277916a92b4803922') in 0.0633324 seconds
Number of updated asset objects reloaded before import = 0Number of asset objects unloaded after import = 1

========================================================================
Received Import Request.
  Time since last request: 0.000023 seconds.
  path: Assets/AddOns/Mg_Scifi_Music/Mixes/SFMix_DrumBass.ogg
  artifactKey: Guid(cf3cbe1e447ae4947809fbec58a50308) Importer(2089858483,d624ce77472d68a35037170ec1d2d27e)
Start importing Assets/AddOns/Mg_Scifi_Music/Mixes/SFMix_DrumBass.ogg using Guid(cf3cbe1e447ae4947809fbec58a50308) Importer(2089858483,d624ce77472d68a35037170ec1d2d27e) (ScriptedImporter) -> (artifact id: 'a932bcad815dcf9901cd500bdbc1afd5') in 0.5394688 seconds
Number of updated asset objects reloaded before import = 0Number of asset objects unloaded after import = 1

========================================================================
Received Import Request.
  Time since last request: 0.000042 seconds.
  path: Assets/AddOns/MgFPS_Enemy_Boss_Skins/Textures/Weapon_Module_PhotonCannon_Royal_MetallicSmoothness.png
  artifactKey: Guid(85d2ca3dac8e40c459b9a5bf52562a86) Importer(2089858483,d624ce77472d68a35037170ec1d2d27e)
Start importing Assets/AddOns/MgFPS_Enemy_Boss_Skins/Textures/Weapon_Module_PhotonCannon_Royal_MetallicSmoothness.png using Guid(85d2ca3dac8e40c459b9a5bf52562a86) Importer(2089858483,d624ce77472d68a35037170ec1d2d27e) (ScriptedImporter) -> (artifact id: '5c2dfbf20a49f3707ca98f7250b5592c') in 0.0151666 seconds
Number of updated asset objects reloaded before import = 0Number of asset objects unloaded after import = 1

========================================================================
Received Import Request.
  Time since last request: 0.000017 seconds.
  path: Assets/AddOns/Mg_Scifi_Music/Mixes/SFMix_NoHarmony.ogg
  artifactKey: Guid(30cba208ab7d6e646ae2572c33a5473e) Importer(2089858483,d624ce77472d68a35037170ec1d2d27e)
Start importing Assets/AddOns/Mg_Scifi_Music/Mixes/SFMix_NoHarmony.ogg using Guid(30cba208ab7d6e646ae2572c33a5473e) Importer(2089858483,d624ce77472d68a35037170ec1d2d27e) (ScriptedImporter) -> (artifact id: '23b16e09cfeefdfe8e8843a519f95e20') in 0.5413593 seconds
Number of updated asset objects reloaded before import = 0Number of asset objects unloaded after import = 1

========================================================================
Received Import Request.
  Time since last request: 0.000015 seconds.
  path: Assets/AddOns/Mg_Scifi_Music/Mixers&Tracks/GlitchLine.ogg
  artifactKey: Guid(6814f3014d64ad244a0aacf9924fc634) Importer(2089858483,d624ce77472d68a35037170ec1d2d27e)
Start importing Assets/AddOns/Mg_Scifi_Music/Mixers&Tracks/GlitchLine.ogg using Guid(6814f3014d64ad244a0aacf9924fc634) Importer(2089858483,d624ce77472d68a35037170ec1d2d27e) (ScriptedImporter) -> (artifact id: '102084dee81a72d5480d30ebe83666a1') in 0.0721774 seconds
Number of updated asset objects reloaded before import = 0Number of asset objects unloaded after import = 1

========================================================================
Received Import Request.
  Time since last request: 0.348639 seconds.
  path: Assets/CodeMonkey/KeyDoorSystem/Textures/KeyIcon.psd
  artifactKey: Guid(febc32ac0b14f9143b99731ae90c63dc) Importer(2089858483,d624ce77472d68a35037170ec1d2d27e)
Start importing Assets/CodeMonkey/KeyDoorSystem/Textures/KeyIcon.psd using Guid(febc32ac0b14f9143b99731ae90c63dc) Importer(2089858483,d624ce77472d68a35037170ec1d2d27e) (ScriptedImporter) -> (artifact id: 'ee246c0443fa1c6fcb63e616c0acfcdc') in 0.0285882 seconds
Number of updated asset objects reloaded before import = 0Number of asset objects unloaded after import = 3

========================================================================
Received Import Request.
  Time since last request: 0.000019 seconds.
  path: Assets/FPS/Animation/HoverBot/HoverBot@RunFoward.fbx
  artifactKey: Guid(77af6154680218844a53b30c3371260a) Importer(2089858483,d624ce77472d68a35037170ec1d2d27e)
Start importing Assets/FPS/Animation/HoverBot/HoverBot@RunFoward.fbx using Guid(77af6154680218844a53b30c3371260a) Importer(2089858483,d624ce77472d68a35037170ec1d2d27e) (ScriptedImporter) -> (artifact id: '83d3528e0508d060f871cc2c6c9f4117') in 0.0201748 seconds
Number of updated asset objects reloaded before import = 0Number of asset objects unloaded after import = 42

========================================================================
Received Import Request.
  Time since last request: 0.000021 seconds.
  path: Assets/FPS/Animation/Masks/Turret.mask
  artifactKey: Guid(9e44403db5ac31c46a4307c9dec6d6b1) Importer(2089858483,d624ce77472d68a35037170ec1d2d27e)
Start importing Assets/FPS/Animation/Masks/Turret.mask using Guid(9e44403db5ac31c46a4307c9dec6d6b1) Importer(2089858483,d624ce77472d68a35037170ec1d2d27e) (ScriptedImporter) -> (artifact id: 'b34ace59b4a161a8d72edca4441e7502') in 0.0158953 seconds
Number of updated asset objects reloaded before import = 0Number of asset objects unloaded after import = 1

========================================================================
Received Import Request.
  Time since last request: 0.000018 seconds.
  path: Assets/FPS/Prefabs/Pickups/Pickup_Health.prefab
  artifactKey: Guid(d40ae884302b6684a8b3b6f3d55a71ba) Importer(2089858483,d624ce77472d68a35037170ec1d2d27e)
Start importing Assets/FPS/Prefabs/Pickups/Pickup_Health.prefab using Guid(d40ae884302b6684a8b3b6f3d55a71ba) Importer(2089858483,d624ce77472d68a35037170ec1d2d27e) (ScriptedImporter) -> (artifact id: '00eb459299e6e31ca915d9bc3c0928c3') in 0.0446295 seconds
Number of updated asset objects reloaded before import = 0Number of asset objects unloaded after import = 28

========================================================================
Received Import Request.
  Time since last request: 0.000018 seconds.
  path: Assets/FPS/Art/Materials/SpeedLine.mat
  artifactKey: Guid(51b4b159ffad18a408fe75b6f8ccbc2f) Importer(2089858483,d624ce77472d68a35037170ec1d2d27e)
Start importing Assets/FPS/Art/Materials/SpeedLine.mat using Guid(51b4b159ffad18a408fe75b6f8ccbc2f) Importer(2089858483,d624ce77472d68a35037170ec1d2d27e) (ScriptedImporter) -> (artifact id: 'd4780fe46bc42969faf7c6de0ed78293') in 0.0275107 seconds
Number of updated asset objects reloaded before import = 0Number of asset objects unloaded after import = 2

========================================================================
Received Import Request.
  Time since last request: 0.000021 seconds.
  path: Assets/FPS/Animation/Rigs/Turret.fbx
  artifactKey: Guid(fad35a70731ab804c975c717ee8862a5) Importer(2089858483,d624ce77472d68a35037170ec1d2d27e)
Start importing Assets/FPS/Animation/Rigs/Turret.fbx using Guid(fad35a70731ab804c975c717ee8862a5) Importer(2089858483,d624ce77472d68a35037170ec1d2d27e) (ScriptedImporter) -> (artifact id: '060e4b22127db4e5fd871530321a5c76') in 0.0301409 seconds
Number of updated asset objects reloaded before import = 0Number of asset objects unloaded after import = 32

========================================================================
Received Import Request.
  Time since last request: 0.000021 seconds.
  path: Assets/FPS/Art/Models/Mesh_Sun.fbx
  artifactKey: Guid(f209cbcd4a67646489eca6ff46530479) Importer(2089858483,d624ce77472d68a35037170ec1d2d27e)
Start importing Assets/FPS/Art/Models/Mesh_Sun.fbx using Guid(f209cbcd4a67646489eca6ff46530479) Importer(2089858483,d624ce77472d68a35037170ec1d2d27e) (ScriptedImporter) -> (artifact id: 'e2e908150fbf31cc7a637ec265f84c84') in 0.0513804 seconds
Number of updated asset objects reloaded before import = 0Number of asset objects unloaded after import = 7

========================================================================
Received Import Request.
  Time since last request: 0.000015 seconds.
  path: Assets/FPS/Art/Fonts/ApacheLicense2.0.txt
  artifactKey: Guid(155cdcde19c3de24797448c33439fa5b) Importer(2089858483,d624ce77472d68a35037170ec1d2d27e)
Start importing Assets/FPS/Art/Fonts/ApacheLicense2.0.txt using Guid(155cdcde19c3de24797448c33439fa5b) Importer(2089858483,d624ce77472d68a35037170ec1d2d27e) (ScriptedImporter) -> (artifact id: '18f8d761c046500e778eee39c8e3a88c') in 0.0276828 seconds
Number of updated asset objects reloaded before import = 0Number of asset objects unloaded after import = 1

========================================================================
Received Import Request.
  Time since last request: 0.000021 seconds.
  path: Assets/FPS/Prefabs/RootObjects/Wall_Window.mtl
  artifactKey: Guid(2f299363fdc7fd549a4945726dca53d0) Importer(2089858483,d624ce77472d68a35037170ec1d2d27e)
Start importing Assets/FPS/Prefabs/RootObjects/Wall_Window.mtl using Guid(2f299363fdc7fd549a4945726dca53d0) Importer(2089858483,d624ce77472d68a35037170ec1d2d27e) (ScriptedImporter) -> (artifact id: 'c05b1933fc8707ced03beb3b0c644b8e') in 0.0120038 seconds
Number of updated asset objects reloaded before import = 0Number of asset objects unloaded after import = 1

========================================================================
Received Import Request.
  Time since last request: 0.000029 seconds.
  path: Assets/FPS/Prefabs/Pickups/Pickup_Shotgun.prefab
  artifactKey: Guid(66d579771ab0ab94a92b3411ba179621) Importer(2089858483,d624ce77472d68a35037170ec1d2d27e)
Start importing Assets/FPS/Prefabs/Pickups/Pickup_Shotgun.prefab using Guid(66d579771ab0ab94a92b3411ba179621) Importer(2089858483,d624ce77472d68a35037170ec1d2d27e) (ScriptedImporter) -> (artifact id: '2bfceabb319044e338ada5f916fb4b84') in 0.0284065 seconds
Number of updated asset objects reloaded before import = 0Number of asset objects unloaded after import = 164

========================================================================
Received Import Request.
  Time since last request: 0.000015 seconds.
  path: Assets/FPS/Prefabs/VFX/VFX_DiskRange.prefab
  artifactKey: Guid(bbe6bdea7cd168e428a309e9eb2e728b) Importer(2089858483,d624ce77472d68a35037170ec1d2d27e)
Start importing Assets/FPS/Prefabs/VFX/VFX_DiskRange.prefab using Guid(bbe6bdea7cd168e428a309e9eb2e728b) Importer(2089858483,d624ce77472d68a35037170ec1d2d27e) (ScriptedImporter) -> (artifact id: '4a49d9464d7eaad1cf589c6f4620386b') in 0.0179831 seconds
Number of updated asset objects reloaded before import = 0Number of asset objects unloaded after import = 22

========================================================================
Received Import Request.
  Time since last request: 0.000015 seconds.
  path: Assets/FPS/Prefabs/VFX/VFX_MuzzleFlashGreen.prefab
  artifactKey: Guid(9f671b22f25370048a18fb1f821294ec) Importer(2089858483,d624ce77472d68a35037170ec1d2d27e)
Start importing Assets/FPS/Prefabs/VFX/VFX_MuzzleFlashGreen.prefab using Guid(9f671b22f25370048a18fb1f821294ec) Importer(2089858483,d624ce77472d68a35037170ec1d2d27e) (ScriptedImporter) -> (artifact id: 'fe8bf1ccf4106e6921a9aeb2ab6a8d1d') in 0.0324321 seconds
Number of updated asset objects reloaded before import = 0Number of asset objects unloaded after import = 6

========================================================================
Received Import Request.
  Time since last request: 0.000015 seconds.
  path: Assets/FPS/Prefabs/VFX/VFX_Dust.prefab
  artifactKey: Guid(ecdbb7f81f59b934cb72306019ee7a41) Importer(2089858483,d624ce77472d68a35037170ec1d2d27e)
Start importing Assets/FPS/Prefabs/VFX/VFX_Dust.prefab using Guid(ecdbb7f81f59b934cb72306019ee7a41) Importer(2089858483,d624ce77472d68a35037170ec1d2d27e) (ScriptedImporter) -> (artifact id: '477ff16004743da6b1bc73bb9ab11d07') in 0.0277074 seconds
Number of updated asset objects reloaded before import = 0Number of asset objects unloaded after import = 6

========================================================================
Received Import Request.
  Time since last request: 0.000026 seconds.
  path: Assets/FPS/Prefabs/Weapons/Weapon_Launcher.prefab
  artifactKey: Guid(3439b4874b7b44e4eb2216314c46b85c) Importer(2089858483,d624ce77472d68a35037170ec1d2d27e)
Start importing Assets/FPS/Prefabs/Weapons/Weapon_Launcher.prefab using Guid(3439b4874b7b44e4eb2216314c46b85c) Importer(2089858483,d624ce77472d68a35037170ec1d2d27e) (ScriptedImporter) -> (artifact id: 'c083245dce125407a1429c657025916d') in 0.7856921 seconds
Number of updated asset objects reloaded before import = 0Number of asset objects unloaded after import = 104

========================================================================
Received Import Request.
  Time since last request: 0.000017 seconds.
  path: Assets/FPS/Tutorials/AddARoom/020-Bake-NavMesh.asset
  artifactKey: Guid(3d8ca14fc50c9694b97ce9d032087faf) Importer(2089858483,d624ce77472d68a35037170ec1d2d27e)
Start importing Assets/FPS/Tutorials/AddARoom/020-Bake-NavMesh.asset using Guid(3d8ca14fc50c9694b97ce9d032087faf) Importer(2089858483,d624ce77472d68a35037170ec1d2d27e) (ScriptedImporter) -> (artifact id: 'df8ba2b24f9d520503e382380f19b68f') in 0.061747 seconds
Number of updated asset objects reloaded before import = 0Number of asset objects unloaded after import = 744

========================================================================
Received Import Request.
  Time since last request: 0.000033 seconds.
  path: Assets/FPS/Tutorials/AddARoom/01-Introduction.asset
  artifactKey: Guid(fef67ab638dae4a14a5508ea356cddc1) Importer(2089858483,d624ce77472d68a35037170ec1d2d27e)
Start importing Assets/FPS/Tutorials/AddARoom/01-Introduction.asset using Guid(fef67ab638dae4a14a5508ea356cddc1) Importer(2089858483,d624ce77472d68a35037170ec1d2d27e) (ScriptedImporter) -> (artifact id: '308cd8b2a3b450e7238f6f4eb872b8bc') in 0.0175642 seconds
Number of updated asset objects reloaded before import = 0Number of asset objects unloaded after import = 3

========================================================================
Received Import Request.
  Time since last request: 0.000020 seconds.
  path: Assets/FPS/Scripts/AI/DetectionModule.cs
  artifactKey: Guid(927ff0b4cb9a5dd4fb83c45166cffc50) Importer(2089858483,d624ce77472d68a35037170ec1d2d27e)
Start importing Assets/FPS/Scripts/AI/DetectionModule.cs using Guid(927ff0b4cb9a5dd4fb83c45166cffc50) Importer(2089858483,d624ce77472d68a35037170ec1d2d27e) (ScriptedImporter) -> (artifact id: 'c45f733f3e23a61f9e0afda0b4c3ef3c') in 0.0194667 seconds
Number of updated asset objects reloaded before import = 0Number of asset objects unloaded after import = 0

========================================================================
Received Import Request.
  Time since last request: 0.000017 seconds.
  path: Assets/FPS/Scripts/UI/PlayerHealthBar.cs
  artifactKey: Guid(ef607aeb00cc1214ab7aa1f86a984abf) Importer(2089858483,d624ce77472d68a35037170ec1d2d27e)
Start importing Assets/FPS/Scripts/UI/PlayerHealthBar.cs using Guid(ef607aeb00cc1214ab7aa1f86a984abf) Importer(2089858483,d624ce77472d68a35037170ec1d2d27e) (ScriptedImporter) -> (artifact id: 'ad6492be3f01412822a1ea8c530935ca') in 0.0156663 seconds
Number of updated asset objects reloaded before import = 0Number of asset objects unloaded after import = 0

========================================================================
Received Import Request.
  Time since last request: 0.000022 seconds.
  path: Assets/FPS/Scripts/Gameplay/ProjectileChargeParameters.cs
  artifactKey: Guid(3614fdf64d310f44ba678e99290fa20a) Importer(2089858483,d624ce77472d68a35037170ec1d2d27e)
Start importing Assets/FPS/Scripts/Gameplay/ProjectileChargeParameters.cs using Guid(3614fdf64d310f44ba678e99290fa20a) Importer(2089858483,d624ce77472d68a35037170ec1d2d27e) (ScriptedImporter) -> (artifact id: '7bcf42e98daf1b3acd93bfc97820999f') in 0.0112111 seconds
Number of updated asset objects reloaded before import = 0Number of asset objects unloaded after import = 0

========================================================================
Received Import Request.
  Time since last request: 0.000029 seconds.
  path: Assets/FPS/Scripts/UI/fps.UI.asmdef
  artifactKey: Guid(269903ea973e2a64ca0fb91ee07d3625) Importer(2089858483,d624ce77472d68a35037170ec1d2d27e)
Start importing Assets/FPS/Scripts/UI/fps.UI.asmdef using Guid(269903ea973e2a64ca0fb91ee07d3625) Importer(2089858483,d624ce77472d68a35037170ec1d2d27e) (ScriptedImporter) -> (artifact id: 'afc138816ee4c29ec033dd22e8c316c2') in 0.0126056 seconds
Number of updated asset objects reloaded before import = 0Number of asset objects unloaded after import = 1

========================================================================
Received Import Request.
  Time since last request: 0.000016 seconds.
  path: Assets/FPS/Prefabs/VFX/VFX_GunCylinder.prefab
  artifactKey: Guid(fa498bfcbbc9707458a2c75334b150c8) Importer(2089858483,d624ce77472d68a35037170ec1d2d27e)
Start importing Assets/FPS/Prefabs/VFX/VFX_GunCylinder.prefab using Guid(fa498bfcbbc9707458a2c75334b150c8) Importer(2089858483,d624ce77472d68a35037170ec1d2d27e) (ScriptedImporter) -> (artifact id: '630702f38042c8ede9df2d564da4bebd') in 0.0240184 seconds
Number of updated asset objects reloaded before import = 0Number of asset objects unloaded after import = 6

========================================================================
Received Import Request.
  Time since last request: 0.000018 seconds.
  path: Assets/FPS/Prefabs/Projectiles/Projectile_Blaster.prefab
  artifactKey: Guid(3c6b27d949cdda749892906e1f1d1b27) Importer(2089858483,d624ce77472d68a35037170ec1d2d27e)
Start importing Assets/FPS/Prefabs/Projectiles/Projectile_Blaster.prefab using Guid(3c6b27d949cdda749892906e1f1d1b27) Importer(2089858483,d624ce77472d68a35037170ec1d2d27e) (ScriptedImporter) -> (artifact id: '1e247a4ca8775807bfab880bdcd21422') in 0.021349 seconds
Number of updated asset objects reloaded before import = 0Number of asset objects unloaded after import = 17

========================================================================
Received Import Request.
  Time since last request: 0.000022 seconds.
  path: Assets/FPS/Scripts/Game/PrefabReplacerOnInstance.cs
  artifactKey: Guid(66a57e166e75d154ab24c723fe6e96f2) Importer(2089858483,d624ce77472d68a35037170ec1d2d27e)
Start importing Assets/FPS/Scripts/Game/PrefabReplacerOnInstance.cs using Guid(66a57e166e75d154ab24c723fe6e96f2) Importer(2089858483,d624ce77472d68a35037170ec1d2d27e) (ScriptedImporter) -> (artifact id: '9657a3ee1ccbb851c42a905629361eb0') in 0.0308191 seconds
Number of updated asset objects reloaded before import = 0Number of asset objects unloaded after import = 0

========================================================================
Received Import Request.
  Time since last request: 0.000023 seconds.
  path: Assets/FPS/Tutorials/AddARoom/04-Try-Hand-Tool.asset
  artifactKey: Guid(08664b222211f4218bcf3356bf7bae3e) Importer(2089858483,d624ce77472d68a35037170ec1d2d27e)
Start importing Assets/FPS/Tutorials/AddARoom/04-Try-Hand-Tool.asset using Guid(08664b222211f4218bcf3356bf7bae3e) Importer(2089858483,d624ce77472d68a35037170ec1d2d27e) (ScriptedImporter) -> (artifact id: '138996b681d5f93e31bd91cc20ac1efd') in 0.0351493 seconds
Number of updated asset objects reloaded before import = 0Number of asset objects unloaded after import = 4

========================================================================
Received Import Request.
  Time since last request: 0.000015 seconds.
  path: Assets/FPS/Tutorials/BuildAndPublish/WT-Create-Build-Click.mov
  artifactKey: Guid(662bbb629effd9c4bbf9fadf15b78224) Importer(2089858483,d624ce77472d68a35037170ec1d2d27e)
Start importing Assets/FPS/Tutorials/BuildAndPublish/WT-Create-Build-Click.mov using Guid(662bbb629effd9c4bbf9fadf15b78224) Importer(2089858483,d624ce77472d68a35037170ec1d2d27e) (ScriptedImporter) -> (artifact id: '7751c2347d223e17c6647a88c89e208b') in 0.3735096 seconds
Number of updated asset objects reloaded before import = 0Number of asset objects unloaded after import = 1

========================================================================
Received Import Request.
  Time since last request: 0.000015 seconds.
  path: Assets/FPS/Tutorials/Playtest/04-Hierarchy-Intro.asset
  artifactKey: Guid(e834ab372a0a84d8f9a186ab06e88144) Importer(2089858483,d624ce77472d68a35037170ec1d2d27e)
Start importing Assets/FPS/Tutorials/Playtest/04-Hierarchy-Intro.asset using Guid(e834ab372a0a84d8f9a186ab06e88144) Importer(2089858483,d624ce77472d68a35037170ec1d2d27e) (ScriptedImporter) -> (artifact id: '36b1b1287a600d93b4bb4d87630444b1') in 0.040764 seconds
Number of updated asset objects reloaded before import = 0Number of asset objects unloaded after import = 3

========================================================================
Received Import Request.
  Time since last request: 0.000026 seconds.
  path: Assets/FPS/Tutorials/AddARoom/WT-Hierarchy-and-Scene.png
  artifactKey: Guid(f3a64c50e0c284cf99bce0ae27d5a8c0) Importer(2089858483,d624ce77472d68a35037170ec1d2d27e)
Start importing Assets/FPS/Tutorials/AddARoom/WT-Hierarchy-and-Scene.png using Guid(f3a64c50e0c284cf99bce0ae27d5a8c0) Importer(2089858483,d624ce77472d68a35037170ec1d2d27e) (ScriptedImporter) -> (artifact id: 'eeb40e6e2ffeb000b85fe1c389311891') in 0.0543808 seconds
Number of updated asset objects reloaded before import = 0Number of asset objects unloaded after import = 1

========================================================================
Received Import Request.
  Time since last request: 0.000013 seconds.
  path: Assets/FPS/Scripts/Gameplay/ChargedProjectileEffectsHandler.cs
  artifactKey: Guid(da2b0de22b1558e4caa11aa3696e87fc) Importer(2089858483,d624ce77472d68a35037170ec1d2d27e)
Start importing Assets/FPS/Scripts/Gameplay/ChargedProjectileEffectsHandler.cs using Guid(da2b0de22b1558e4caa11aa3696e87fc) Importer(2089858483,d624ce77472d68a35037170ec1d2d27e) (ScriptedImporter) -> (artifact id: '855fda724e01bf3c1b6781dca7cfbb1b') in 0.0237197 seconds
Number of updated asset objects reloaded before import = 0Number of asset objects unloaded after import = 0

========================================================================
Received Import Request.
  Time since last request: 0.000014 seconds.
  path: Assets/ModAssets/Materials/Custom Materials/Basic Black.mat
  artifactKey: Guid(dc263f8d5174d45c0a98e6489eca16c5) Importer(2089858483,d624ce77472d68a35037170ec1d2d27e)
Start importing Assets/ModAssets/Materials/Custom Materials/Basic Black.mat using Guid(dc263f8d5174d45c0a98e6489eca16c5) Importer(2089858483,d624ce77472d68a35037170ec1d2d27e) (ScriptedImporter) -> (artifact id: 'eca6ffe437d459c624030fb9d541d59a') in 0.0156116 seconds
Number of updated asset objects reloaded before import = 0Number of asset objects unloaded after import = 1

========================================================================
Received Import Request.
  Time since last request: 0.000030 seconds.
  path: Assets/FPS/Tutorials/Playtest/Playtest-Walkthrough.asset
  artifactKey: Guid(51a83f21771aa4bb4b864e90bc79aeab) Importer(2089858483,d624ce77472d68a35037170ec1d2d27e)
Start importing Assets/FPS/Tutorials/Playtest/Playtest-Walkthrough.asset using Guid(51a83f21771aa4bb4b864e90bc79aeab) Importer(2089858483,d624ce77472d68a35037170ec1d2d27e) (ScriptedImporter) -> (artifact id: '5d1742a8858048f3f75c6324e40fa802') in 0.2731428 seconds
Number of updated asset objects reloaded before import = 0Number of asset objects unloaded after import = 879

========================================================================
Received Import Request.
  Time since last request: 0.000039 seconds.
  path: Assets/FPS/Animation/Controllers/Turret_AnimationController.controller
  artifactKey: Guid(d57ebae9f701b57448648b380d0beb65) Importer(2089858483,d624ce77472d68a35037170ec1d2d27e)
Start importing Assets/FPS/Animation/Controllers/Turret_AnimationController.controller using Guid(d57ebae9f701b57448648b380d0beb65) Importer(2089858483,d624ce77472d68a35037170ec1d2d27e) (ScriptedImporter) -> (artifact id: '1cf61fd383a450556a7b1d49cb233b51') in 0.0264444 seconds
Number of updated asset objects reloaded before import = 0Number of asset objects unloaded after import = 27

========================================================================
Received Import Request.
  Time since last request: 0.000029 seconds.
  path: Assets/FPS/Prefabs/RootObjects/Floor_Indented.mtl
  artifactKey: Guid(b980668b312505d448004b943b4bc854) Importer(2089858483,d624ce77472d68a35037170ec1d2d27e)
Start importing Assets/FPS/Prefabs/RootObjects/Floor_Indented.mtl using Guid(b980668b312505d448004b943b4bc854) Importer(2089858483,d624ce77472d68a35037170ec1d2d27e) (ScriptedImporter) -> (artifact id: '6357483d4ad6dcf7dea7a62b3175e158') in 0.0168445 seconds
Number of updated asset objects reloaded before import = 0Number of asset objects unloaded after import = 1

========================================================================
Received Import Request.
  Time since last request: 0.000078 seconds.
  path: Assets/ModAssets/Materials/Custom Materials/Neon Glow.mat
  artifactKey: Guid(c70bc0190174a41759ea517f8d94ace1) Importer(2089858483,d624ce77472d68a35037170ec1d2d27e)
Start importing Assets/ModAssets/Materials/Custom Materials/Neon Glow.mat using Guid(c70bc0190174a41759ea517f8d94ace1) Importer(2089858483,d624ce77472d68a35037170ec1d2d27e) (ScriptedImporter) -> (artifact id: '593fadf70d99e5beaeeecf99cf7ecf4a') in 0.0222309 seconds
Number of updated asset objects reloaded before import = 0Number of asset objects unloaded after import = 1

========================================================================
Received Import Request.
  Time since last request: 0.000038 seconds.
  path: Assets/FPS/Scripts/UI/FillBarColorChange.cs
  artifactKey: Guid(0198f43c5a6fcac45a5ddbcb630835a0) Importer(2089858483,d624ce77472d68a35037170ec1d2d27e)
Start importing Assets/FPS/Scripts/UI/FillBarColorChange.cs using Guid(0198f43c5a6fcac45a5ddbcb630835a0) Importer(2089858483,d624ce77472d68a35037170ec1d2d27e) (ScriptedImporter) -> (artifact id: 'a46f4f01e404c3be149b8096b6afba84') in 0.0207224 seconds
Number of updated asset objects reloaded before import = 0Number of asset objects unloaded after import = 0

========================================================================
Received Import Request.
  Time since last request: 0.000040 seconds.
  path: Assets/FPS/Art/Models/Mesh_Weapon_Primary.fbx
  artifactKey: Guid(5d5281104f1c4314eba43965eb026bdb) Importer(2089858483,d624ce77472d68a35037170ec1d2d27e)
Start importing Assets/FPS/Art/Models/Mesh_Weapon_Primary.fbx using Guid(5d5281104f1c4314eba43965eb026bdb) Importer(2089858483,d624ce77472d68a35037170ec1d2d27e) (ScriptedImporter) -> (artifact id: '435feefb5e8ba88e0233b0d5e23cf58d') in 0.0279403 seconds
Number of updated asset objects reloaded before import = 0Number of asset objects unloaded after import = 39

========================================================================
Received Import Request.
  Time since last request: 0.000021 seconds.
  path: Assets/FPS/Tutorials/AddAnAsset/AddAnAsset-20.asset
  artifactKey: Guid(8a93ee0c94a814402ad6f0b5bc9ec44c) Importer(2089858483,d624ce77472d68a35037170ec1d2d27e)
Start importing Assets/FPS/Tutorials/AddAnAsset/AddAnAsset-20.asset using Guid(8a93ee0c94a814402ad6f0b5bc9ec44c) Importer(2089858483,d624ce77472d68a35037170ec1d2d27e) (ScriptedImporter) -> (artifact id: 'e8cb6d6a212fdcc0f1f779229a29bbae') in 0.2726027 seconds
Number of updated asset objects reloaded before import = 0Number of asset objects unloaded after import = 879

========================================================================
Received Import Request.
  Time since last request: 0.000020 seconds.
  path: Assets/ModAssets/Models/SpaceProps/SatelliteDish.fbx
  artifactKey: Guid(1b5c4d63f30c047a6b5e593599a27c13) Importer(2089858483,d624ce77472d68a35037170ec1d2d27e)
Start importing Assets/ModAssets/Models/SpaceProps/SatelliteDish.fbx using Guid(1b5c4d63f30c047a6b5e593599a27c13) Importer(2089858483,d624ce77472d68a35037170ec1d2d27e) (ScriptedImporter) -> (artifact id: '4369413adb54aad37de92d965f1855a6') in 0.0639155 seconds
Number of updated asset objects reloaded before import = 0Number of asset objects unloaded after import = 8

========================================================================
Received Import Request.
  Time since last request: 0.000022 seconds.
  path: Assets/ModAssets/Prefabs/BillboardPrefabs/BillboardWide.prefab
  artifactKey: Guid(87a6cea72ce7247a2814467dab442418) Importer(2089858483,d624ce77472d68a35037170ec1d2d27e)
Start importing Assets/ModAssets/Prefabs/BillboardPrefabs/BillboardWide.prefab using Guid(87a6cea72ce7247a2814467dab442418) Importer(2089858483,d624ce77472d68a35037170ec1d2d27e) (ScriptedImporter) -> (artifact id: 'ef5428cae593bcc3c736e101e42ff2bf') in 0.0719684 seconds
Number of updated asset objects reloaded before import = 0Number of asset objects unloaded after import = 26

========================================================================
Received Import Request.
  Time since last request: 0.000025 seconds.
  path: Assets/ModAssets/Models/Weapons/Mesh_Weapon_2.fbx
  artifactKey: Guid(316b9a4e4c2b0aa4db7f626da3f6774b) Importer(2089858483,d624ce77472d68a35037170ec1d2d27e)
Start importing Assets/ModAssets/Models/Weapons/Mesh_Weapon_2.fbx using Guid(316b9a4e4c2b0aa4db7f626da3f6774b) Importer(2089858483,d624ce77472d68a35037170ec1d2d27e) (ScriptedImporter) -> (artifact id: '29d822a8c26a294a199ceb079b7fe2df') in 0.1406486 seconds
Number of updated asset objects reloaded before import = 0Number of asset objects unloaded after import = 7

========================================================================
Received Import Request.
  Time since last request: 0.000018 seconds.
  path: Assets/ModAssets/Materials/HatMaterials/PartyHatMaterial.mat
  artifactKey: Guid(bdf0bf742eef44db49906f57d30ad905) Importer(2089858483,d624ce77472d68a35037170ec1d2d27e)
Start importing Assets/ModAssets/Materials/HatMaterials/PartyHatMaterial.mat using Guid(bdf0bf742eef44db49906f57d30ad905) Importer(2089858483,d624ce77472d68a35037170ec1d2d27e) (ScriptedImporter) -> (artifact id: '3162a5ee133e1f02b061febf4b07b3d8') in 0.0368713 seconds
Number of updated asset objects reloaded before import = 0Number of asset objects unloaded after import = 1

========================================================================
Received Import Request.
  Time since last request: 0.000025 seconds.
  path: Assets/FPS/Tutorials/AddEnemyBot/WT-Select-Move.mov
  artifactKey: Guid(08838b9a8e2894fa5bb97769d0279807) Importer(2089858483,d624ce77472d68a35037170ec1d2d27e)
Start importing Assets/FPS/Tutorials/AddEnemyBot/WT-Select-Move.mov using Guid(08838b9a8e2894fa5bb97769d0279807) Importer(2089858483,d624ce77472d68a35037170ec1d2d27e) (ScriptedImporter) -> (artifact id: '81e0e3c6fd7c7f36fa8db321d03ebac5') in 0.0163956 seconds
Number of updated asset objects reloaded before import = 0Number of asset objects unloaded after import = 1

========================================================================
Received Import Request.
  Time since last request: 0.000014 seconds.
  path: Assets/TextMesh Pro/Resources/Fonts & Materials/LiberationSans SDF.asset
  artifactKey: Guid(8f586378b4e144a9851e7b34d9b748ee) Importer(2089858483,d624ce77472d68a35037170ec1d2d27e)
Start importing Assets/TextMesh Pro/Resources/Fonts & Materials/LiberationSans SDF.asset using Guid(8f586378b4e144a9851e7b34d9b748ee) Importer(2089858483,d624ce77472d68a35037170ec1d2d27e) (ScriptedImporter) -> (artifact id: '7ef9c9f58fb4b67d9b83aa18af59eeeb') in 0.0303317 seconds
Number of updated asset objects reloaded before import = 0Number of asset objects unloaded after import = 8

========================================================================
Received Import Request.
  Time since last request: 0.000015 seconds.
  path: Assets/AddOns/MgFPS_Aurous/AurousMeshandTextures/Textures/Aurous_Normal.png
  artifactKey: Guid(31f3892c35ab2d74a964477be7b35f58) Importer(2089858483,d624ce77472d68a35037170ec1d2d27e)
Start importing Assets/AddOns/MgFPS_Aurous/AurousMeshandTextures/Textures/Aurous_Normal.png using Guid(31f3892c35ab2d74a964477be7b35f58) Importer(2089858483,d624ce77472d68a35037170ec1d2d27e) (ScriptedImporter) -> (artifact id: 'b30f65f12bfabd24e912a3e3303e9f74') in 0.033428 seconds
Number of updated asset objects reloaded before import = 0Number of asset objects unloaded after import = 1

========================================================================
Received Import Request.
  Time since last request: 0.000025 seconds.
  path: Assets/TextMesh Pro/Resources/Shaders/TMP_Bitmap-Mobile.shader
  artifactKey: Guid(630bc0a2eb999f0428d45c6b3476bc43) Importer(2089858483,d624ce77472d68a35037170ec1d2d27e)
Start importing Assets/TextMesh Pro/Resources/Shaders/TMP_Bitmap-Mobile.shader using Guid(630bc0a2eb999f0428d45c6b3476bc43) Importer(2089858483,d624ce77472d68a35037170ec1d2d27e) (ScriptedImporter) -> (artifact id: 'b1afdc104e9ed8377e13b6442e92bb49') in 0.0138678 seconds
Number of updated asset objects reloaded before import = 0Number of asset objects unloaded after import = 1

========================================================================
Received Import Request.
  Time since last request: 0.000013 seconds.
  path: Assets/FPS/Tutorials/BuildAndPublish/Walkthrough7-014.asset
  artifactKey: Guid(eb4604b43980b3740a07722643b2ecbe) Importer(2089858483,d624ce77472d68a35037170ec1d2d27e)
Start importing Assets/FPS/Tutorials/BuildAndPublish/Walkthrough7-014.asset using Guid(eb4604b43980b3740a07722643b2ecbe) Importer(2089858483,d624ce77472d68a35037170ec1d2d27e) (ScriptedImporter) -> (artifact id: '59bdcfff2fe4f25295c1d56fbdc5ce2a') in 0.0226096 seconds
Number of updated asset objects reloaded before import = 0Number of asset objects unloaded after import = 5

========================================================================
Received Import Request.
  Time since last request: 0.000021 seconds.
  path: Assets/FPS/Tutorials/Playtest/WT-Inspector.png
  artifactKey: Guid(3f5f7c775342843a29465f300da3d68c) Importer(2089858483,d624ce77472d68a35037170ec1d2d27e)
Start importing Assets/FPS/Tutorials/Playtest/WT-Inspector.png using Guid(3f5f7c775342843a29465f300da3d68c) Importer(2089858483,d624ce77472d68a35037170ec1d2d27e) (ScriptedImporter) -> (artifact id: '1d4470f1c4b71354d718be8d495d4d72') in 0.0170611 seconds
Number of updated asset objects reloaded before import = 0Number of asset objects unloaded after import = 1

========================================================================
Received Import Request.
  Time since last request: 0.000017 seconds.
  path: Assets/ModAssets/Materials/TrailMaterials/LaserTrailMaterial.mat
  artifactKey: Guid(496d4eb29afae4308be4e6a2069959b3) Importer(2089858483,d624ce77472d68a35037170ec1d2d27e)
Start importing Assets/ModAssets/Materials/TrailMaterials/LaserTrailMaterial.mat using Guid(496d4eb29afae4308be4e6a2069959b3) Importer(2089858483,d624ce77472d68a35037170ec1d2d27e) (ScriptedImporter) -> (artifact id: '0611f2f472051e6be737f6a7d05d0881') in 0.0189913 seconds
Number of updated asset objects reloaded before import = 0Number of asset objects unloaded after import = 1

========================================================================
Received Import Request.
  Time since last request: 0.000023 seconds.
  path: Assets/AddOns/MgFPS_Enemy_Boss/Animations/Animation/Enemy_Boss@Alerted.fbx
  artifactKey: Guid(05661a92af4f30b40bdcb980448358c4) Importer(2089858483,d624ce77472d68a35037170ec1d2d27e)
Start importing Assets/AddOns/MgFPS_Enemy_Boss/Animations/Animation/Enemy_Boss@Alerted.fbx using Guid(05661a92af4f30b40bdcb980448358c4) Importer(2089858483,d624ce77472d68a35037170ec1d2d27e) (ScriptedImporter) -> (artifact id: 'ecd4e5d69df18b8e12bc69abd5ead857') in 0.0173608 seconds
Number of updated asset objects reloaded before import = 0Number of asset objects unloaded after import = 14

========================================================================
Received Import Request.
  Time since last request: 0.000013 seconds.
  path: Assets/AddOns/MgFPS_Boomshot/BoomShot_VFX/Textures/BoomShot_Spark.png
  artifactKey: Guid(c086d0266fe2c564abe556c2adcae9f6) Importer(2089858483,d624ce77472d68a35037170ec1d2d27e)
Start importing Assets/AddOns/MgFPS_Boomshot/BoomShot_VFX/Textures/BoomShot_Spark.png using Guid(c086d0266fe2c564abe556c2adcae9f6) Importer(2089858483,d624ce77472d68a35037170ec1d2d27e) (ScriptedImporter) -> (artifact id: 'd47ed9dc1f9b9c09c9a711094794363a') in 0.0220036 seconds
Number of updated asset objects reloaded before import = 0Number of asset objects unloaded after import = 1

========================================================================
Received Import Request.
  Time since last request: 0.000013 seconds.
  path: Assets/AddOns/MgFPS_Aurous/AurousMeshandTextures/Textures/Crosshair_Aurous_Circle.png
  artifactKey: Guid(355af80d170f22c4faca87e62ea48cf6) Importer(2089858483,d624ce77472d68a35037170ec1d2d27e)
Start importing Assets/AddOns/MgFPS_Aurous/AurousMeshandTextures/Textures/Crosshair_Aurous_Circle.png using Guid(355af80d170f22c4faca87e62ea48cf6) Importer(2089858483,d624ce77472d68a35037170ec1d2d27e) (ScriptedImporter) -> (artifact id: '493ee3986e84cb03856662618cd243b1') in 0.0172484 seconds
Number of updated asset objects reloaded before import = 0Number of asset objects unloaded after import = 3

========================================================================
Received Import Request.
  Time since last request: 0.000016 seconds.
  path: Assets/AddOns/MgFPS_Aurous/Aurous_VFX/Materials/Spell_Aurous.mat
  artifactKey: Guid(a8f82f31952edf14abcff5387055d7ce) Importer(2089858483,d624ce77472d68a35037170ec1d2d27e)
Start importing Assets/AddOns/MgFPS_Aurous/Aurous_VFX/Materials/Spell_Aurous.mat using Guid(a8f82f31952edf14abcff5387055d7ce) Importer(2089858483,d624ce77472d68a35037170ec1d2d27e) (ScriptedImporter) -> (artifact id: '165153d883c23ce704ddaf641901f555') in 0.0199242 seconds
Number of updated asset objects reloaded before import = 0Number of asset objects unloaded after import = 2

========================================================================
Received Import Request.
  Time since last request: 0.000020 seconds.
  path: Assets/AddOns/MgFPS_Boomshot/BoomShotMeshesandTextures/Textures/BoomShot_Normal.png
  artifactKey: Guid(95b819914c0df4041925a5cbf2cabd6c) Importer(2089858483,d624ce77472d68a35037170ec1d2d27e)
Start importing Assets/AddOns/MgFPS_Boomshot/BoomShotMeshesandTextures/Textures/BoomShot_Normal.png using Guid(95b819914c0df4041925a5cbf2cabd6c) Importer(2089858483,d624ce77472d68a35037170ec1d2d27e) (ScriptedImporter) -> (artifact id: '715beaa1f3e5105987df03e692982b15') in 0.0175436 seconds
Number of updated asset objects reloaded before import = 0Number of asset objects unloaded after import = 1

========================================================================
Received Import Request.
  Time since last request: 0.000013 seconds.
  path: Assets/FPS/Tutorials/Playtest/09-Exit-Play.asset
  artifactKey: Guid(ddc55b581006f4185be4b75ca500bb2d) Importer(2089858483,d624ce77472d68a35037170ec1d2d27e)
Start importing Assets/FPS/Tutorials/Playtest/09-Exit-Play.asset using Guid(ddc55b581006f4185be4b75ca500bb2d) Importer(2089858483,d624ce77472d68a35037170ec1d2d27e) (ScriptedImporter) -> (artifact id: '186e164db7aa21b055a9044a79020d87') in 0.064682 seconds
Number of updated asset objects reloaded before import = 0Number of asset objects unloaded after import = 4

========================================================================
Received Import Request.
  Time since last request: 0.000016 seconds.
  path: Assets/FPS/Tutorials/EditColors/Edit-Colors-Walkthrough.asset
  artifactKey: Guid(5d0306ad1c1d347ed8eb91190a9e45c2) Importer(2089858483,d624ce77472d68a35037170ec1d2d27e)
Start importing Assets/FPS/Tutorials/EditColors/Edit-Colors-Walkthrough.asset using Guid(5d0306ad1c1d347ed8eb91190a9e45c2) Importer(2089858483,d624ce77472d68a35037170ec1d2d27e) (ScriptedImporter) -> (artifact id: '7a47148a6035318909c62aa721481c3a') in 0.3049532 seconds
Number of updated asset objects reloaded before import = 0Number of asset objects unloaded after import = 879

========================================================================
Received Import Request.
  Time since last request: 0.000021 seconds.
  path: Assets/ModAssets/Models/SpaceProps/Asteroid.fbx
  artifactKey: Guid(738cfb63efae84af7b2446470711e751) Importer(2089858483,d624ce77472d68a35037170ec1d2d27e)
Start importing Assets/ModAssets/Models/SpaceProps/Asteroid.fbx using Guid(738cfb63efae84af7b2446470711e751) Importer(2089858483,d624ce77472d68a35037170ec1d2d27e) (ScriptedImporter) -> (artifact id: 'fdc5f6a522229a5f4869d7cd9532e7ed') in 0.190777 seconds
Number of updated asset objects reloaded before import = 0Number of asset objects unloaded after import = 8

========================================================================
Received Import Request.
  Time since last request: 0.000024 seconds.
  path: Assets/AddOns/MgFPS_Enemy_Boss/Animations/Controllers/SpinningRadar_L_AnimationController.controller
  artifactKey: Guid(d1fcbe3306d81c944a6592f36bc750f5) Importer(2089858483,d624ce77472d68a35037170ec1d2d27e)
Start importing Assets/AddOns/MgFPS_Enemy_Boss/Animations/Controllers/SpinningRadar_L_AnimationController.controller using Guid(d1fcbe3306d81c944a6592f36bc750f5) Importer(2089858483,d624ce77472d68a35037170ec1d2d27e) (ScriptedImporter) -> (artifact id: '3cd9d5548eb9cf6cc3f8825e479616ac') in 0.1379377 seconds
Number of updated asset objects reloaded before import = 0Number of asset objects unloaded after import = 11

========================================================================
Received Import Request.
  Time since last request: 0.000018 seconds.
  path: Assets/AddOns/MgFPS_Enemy_Boss/Animations/Animation/Weapon_Module@RocketLauncher_R_Shoot1.fbx
  artifactKey: Guid(e2623f6c1f8b0de48932c7c3100dec86) Importer(2089858483,d624ce77472d68a35037170ec1d2d27e)
Start importing Assets/AddOns/MgFPS_Enemy_Boss/Animations/Animation/Weapon_Module@RocketLauncher_R_Shoot1.fbx using Guid(e2623f6c1f8b0de48932c7c3100dec86) Importer(2089858483,d624ce77472d68a35037170ec1d2d27e) (ScriptedImporter) -> (artifact id: '5de5732c0ef6b8c90b59f6edcacf8355') in 0.0228096 seconds
Number of updated asset objects reloaded before import = 0Number of asset objects unloaded after import = 22

========================================================================
Received Import Request.
  Time since last request: 0.000028 seconds.
  path: Assets/AddOns/MgFPS_Fireballer/Fireballer_VFX/Textures/FireballerTexture.png
  artifactKey: Guid(b2bba5756141a7a40bf609262425a1ab) Importer(2089858483,d624ce77472d68a35037170ec1d2d27e)
Start importing Assets/AddOns/MgFPS_Fireballer/Fireballer_VFX/Textures/FireballerTexture.png using Guid(b2bba5756141a7a40bf609262425a1ab) Importer(2089858483,d624ce77472d68a35037170ec1d2d27e) (ScriptedImporter) -> (artifact id: 'd8211e084b33537f4ad38b712a8d8782') in 0.022307 seconds
Number of updated asset objects reloaded before import = 0Number of asset objects unloaded after import = 1

========================================================================
Received Import Request.
  Time since last request: 0.000017 seconds.
  path: Assets/AddOns/MgFPS_Haku/HakuMeshesAndTextures/Textures/HUD_Haku.png
  artifactKey: Guid(d6a01b0352f25e94d94e26fc2156ab75) Importer(2089858483,d624ce77472d68a35037170ec1d2d27e)
Start importing Assets/AddOns/MgFPS_Haku/HakuMeshesAndTextures/Textures/HUD_Haku.png using Guid(d6a01b0352f25e94d94e26fc2156ab75) Importer(2089858483,d624ce77472d68a35037170ec1d2d27e) (ScriptedImporter) -> (artifact id: '0138d5bc421624748ecde9a0781f7a38') in 0.0171162 seconds
Number of updated asset objects reloaded before import = 0Number of asset objects unloaded after import = 3

========================================================================
Received Import Request.
  Time since last request: 0.000022 seconds.
  path: Assets/AddOns/MgFPS_Haku/Haku_VFX/Materials/Haku_BulletSparkSmoke.mat
  artifactKey: Guid(6544598601d9df94e8879c1c8889d5f4) Importer(2089858483,d624ce77472d68a35037170ec1d2d27e)
Start importing Assets/AddOns/MgFPS_Haku/Haku_VFX/Materials/Haku_BulletSparkSmoke.mat using Guid(6544598601d9df94e8879c1c8889d5f4) Importer(2089858483,d624ce77472d68a35037170ec1d2d27e) (ScriptedImporter) -> (artifact id: '60a617c39e4ae44c7b3ac12a1f206154') in 0.0172332 seconds
Number of updated asset objects reloaded before import = 0Number of asset objects unloaded after import = 2

========================================================================
Received Import Request.
  Time since last request: 0.000032 seconds.
  path: Assets/AddOns/MgFPS_Enemy_Boss/Scenes/DemoFPSBoss/NavMesh-NavMeshSurface.asset
  artifactKey: Guid(0583f6acf7fe84e479830cde18de67ff) Importer(2089858483,d624ce77472d68a35037170ec1d2d27e)
Start importing Assets/AddOns/MgFPS_Enemy_Boss/Scenes/DemoFPSBoss/NavMesh-NavMeshSurface.asset using Guid(0583f6acf7fe84e479830cde18de67ff) Importer(2089858483,d624ce77472d68a35037170ec1d2d27e) (ScriptedImporter) -> (artifact id: '0d12e1e094ed738389868fd02d298fda') in 0.0209575 seconds
Number of updated asset objects reloaded before import = 0Number of asset objects unloaded after import = 1

========================================================================
Received Import Request.
  Time since last request: 0.000019 seconds.
  path: Assets/AddOns/MgFPS_Haku/HakuMeshesAndTextures/Materials/Haku_AmmoCube.mat
  artifactKey: Guid(2224835930e384241bbae9ae2e363cba) Importer(2089858483,d624ce77472d68a35037170ec1d2d27e)
Start importing Assets/AddOns/MgFPS_Haku/HakuMeshesAndTextures/Materials/Haku_AmmoCube.mat using Guid(2224835930e384241bbae9ae2e363cba) Importer(2089858483,d624ce77472d68a35037170ec1d2d27e) (ScriptedImporter) -> (artifact id: '85b0f1d3ce773a89eaa619b909438e06') in 0.0197729 seconds
Number of updated asset objects reloaded before import = 0Number of asset objects unloaded after import = 2

========================================================================
Received Import Request.
  Time since last request: 0.000017 seconds.
  path: Assets/AddOns/MgFPS_Enemy_Boss/Animations/Animation/Enemy_Boss@RunForward.fbx
  artifactKey: Guid(e0e6cfd3c3373444fac25549f36423b3) Importer(2089858483,d624ce77472d68a35037170ec1d2d27e)
Start importing Assets/AddOns/MgFPS_Enemy_Boss/Animations/Animation/Enemy_Boss@RunForward.fbx using Guid(e0e6cfd3c3373444fac25549f36423b3) Importer(2089858483,d624ce77472d68a35037170ec1d2d27e) (ScriptedImporter) -> (artifact id: '07cbac0c7c773b3e81b85ae91691634f') in 0.0157956 seconds
Number of updated asset objects reloaded before import = 0Number of asset objects unloaded after import = 14

========================================================================
Received Import Request.
  Time since last request: 0.000020 seconds.
  path: Assets/AddOns/MgFPS_Enemy_Boss/Animations/Controllers/SingleJet_AnimationController.controller
  artifactKey: Guid(72919af4d11a5104d8e349b6425fb10a) Importer(2089858483,d624ce77472d68a35037170ec1d2d27e)
Start importing Assets/AddOns/MgFPS_Enemy_Boss/Animations/Controllers/SingleJet_AnimationController.controller using Guid(72919af4d11a5104d8e349b6425fb10a) Importer(2089858483,d624ce77472d68a35037170ec1d2d27e) (ScriptedImporter) -> (artifact id: '7d341726366a13069d0ae27cebcb36b5') in 0.4742935 seconds
Number of updated asset objects reloaded before import = 0Number of asset objects unloaded after import = 4

========================================================================
Received Import Request.
  Time since last request: 0.000021 seconds.
  path: Assets/AddOns/MgFPS_Molt/MoltMeshandTextures/Textures/Molt_Emissive.png
  artifactKey: Guid(006012ad6980af24ba35b6c9d7479a53) Importer(2089858483,d624ce77472d68a35037170ec1d2d27e)
Start importing Assets/AddOns/MgFPS_Molt/MoltMeshandTextures/Textures/Molt_Emissive.png using Guid(006012ad6980af24ba35b6c9d7479a53) Importer(2089858483,d624ce77472d68a35037170ec1d2d27e) (ScriptedImporter) -> (artifact id: '42492e383fed635a42c3731a11725766') in 0.0489154 seconds
Number of updated asset objects reloaded before import = 0Number of asset objects unloaded after import = 1

========================================================================
Received Import Request.
  Time since last request: 0.000013 seconds.
  path: Assets/AddOns/MgFPS_Molt/Molt_VFX/Materials/Boom_Molt.mat
  artifactKey: Guid(e70f5211ef033114692581408e9b10a6) Importer(2089858483,d624ce77472d68a35037170ec1d2d27e)
Start importing Assets/AddOns/MgFPS_Molt/Molt_VFX/Materials/Boom_Molt.mat using Guid(e70f5211ef033114692581408e9b10a6) Importer(2089858483,d624ce77472d68a35037170ec1d2d27e) (ScriptedImporter) -> (artifact id: '473c67522a038c61162d7879258e7968') in 0.042313 seconds
Number of updated asset objects reloaded before import = 0Number of asset objects unloaded after import = 2

========================================================================
Received Import Request.
  Time since last request: 0.000022 seconds.
  path: Assets/AddOns/MgFPS_PlasmaRain/PlasmaRain_VFX/Materials/PlasmaRainAdditive.mat
  artifactKey: Guid(692dfdefcd910164cbc23e29df21b0ef) Importer(2089858483,d624ce77472d68a35037170ec1d2d27e)
Start importing Assets/AddOns/MgFPS_PlasmaRain/PlasmaRain_VFX/Materials/PlasmaRainAdditive.mat using Guid(692dfdefcd910164cbc23e29df21b0ef) Importer(2089858483,d624ce77472d68a35037170ec1d2d27e) (ScriptedImporter) -> (artifact id: 'f3acfdd371ef448c21b2bcd976bcd499') in 0.0230676 seconds
Number of updated asset objects reloaded before import = 0Number of asset objects unloaded after import = 2

========================================================================
Received Import Request.
  Time since last request: 0.000030 seconds.
  path: Assets/AddOns/MgFPS_Quasar/Quasar_MeshAndTexture/Textures/HUD_Quasar.png
  artifactKey: Guid(a67aba5b810105740a7672b34454c64e) Importer(2089858483,d624ce77472d68a35037170ec1d2d27e)
Start importing Assets/AddOns/MgFPS_Quasar/Quasar_MeshAndTexture/Textures/HUD_Quasar.png using Guid(a67aba5b810105740a7672b34454c64e) Importer(2089858483,d624ce77472d68a35037170ec1d2d27e) (ScriptedImporter) -> (artifact id: '5cee1bb306fdf6777d3d0fbea1bac448') in 0.0505595 seconds
Number of updated asset objects reloaded before import = 0Number of asset objects unloaded after import = 3

========================================================================
Received Import Request.
  Time since last request: 0.000012 seconds.
  path: Assets/AddOns/MgFPS_PlasmaRain/PlasmaRain_VFX/Textures/TrailTexture.png
  artifactKey: Guid(ff7892e70f16f194d93cd8ab4d2501ed) Importer(2089858483,d624ce77472d68a35037170ec1d2d27e)
Start importing Assets/AddOns/MgFPS_PlasmaRain/PlasmaRain_VFX/Textures/TrailTexture.png using Guid(ff7892e70f16f194d93cd8ab4d2501ed) Importer(2089858483,d624ce77472d68a35037170ec1d2d27e) (ScriptedImporter) -> (artifact id: '7d645826d6e44a839386082b9abe149f') in 0.0573519 seconds
Number of updated asset objects reloaded before import = 0Number of asset objects unloaded after import = 1

========================================================================
Received Import Request.
  Time since last request: 0.000014 seconds.
  path: Assets/AddOns/MgFPS_Enemy_Boss/Animations/Animation/Navigation_Module@SingleJets.fbx
  artifactKey: Guid(581d438660366a04c872f8b2b3b3f1f2) Importer(2089858483,d624ce77472d68a35037170ec1d2d27e)
Start importing Assets/AddOns/MgFPS_Enemy_Boss/Animations/Animation/Navigation_Module@SingleJets.fbx using Guid(581d438660366a04c872f8b2b3b3f1f2) Importer(2089858483,d624ce77472d68a35037170ec1d2d27e) (ScriptedImporter) -> (artifact id: '9c4dd8a9f904e7a5fe1bd35a743f0769') in 0.0308102 seconds
Number of updated asset objects reloaded before import = 0Number of asset objects unloaded after import = 10

========================================================================
Received Import Request.
  Time since last request: 0.000028 seconds.
  path: Assets/AddOns/MgFPS_Molt/Molt_VFX/Materials/MoltSmokeTexture.mat
  artifactKey: Guid(8a795fee446d797418aa93e61af6ab9f) Importer(2089858483,d624ce77472d68a35037170ec1d2d27e)
Start importing Assets/AddOns/MgFPS_Molt/Molt_VFX/Materials/MoltSmokeTexture.mat using Guid(8a795fee446d797418aa93e61af6ab9f) Importer(2089858483,d624ce77472d68a35037170ec1d2d27e) (ScriptedImporter) -> (artifact id: '38a88d650932204ba610a3f754d89a08') in 0.0131774 seconds
Number of updated asset objects reloaded before import = 0Number of asset objects unloaded after import = 2

========================================================================
Received Import Request.
  Time since last request: 0.000013 seconds.
  path: Assets/AddOns/MgFPS_Fireballer/Fireballer_VFX/Materials/SmokeTexture.mat
  artifactKey: Guid(4641b24e9c456444488c035a1073660e) Importer(2089858483,d624ce77472d68a35037170ec1d2d27e)
Start importing Assets/AddOns/MgFPS_Fireballer/Fireballer_VFX/Materials/SmokeTexture.mat using Guid(4641b24e9c456444488c035a1073660e) Importer(2089858483,d624ce77472d68a35037170ec1d2d27e) (ScriptedImporter) -> (artifact id: 'cf2a5d6799ca55fcef4ece07f541a7cd') in 0.0250259 seconds
Number of updated asset objects reloaded before import = 0Number of asset objects unloaded after import = 2

========================================================================
Received Import Request.
  Time since last request: 0.000016 seconds.
  path: Assets/ModAssets/Materials/TrailMaterials/RainbowTrailMaterial.mat
  artifactKey: Guid(711224fcf6d6c40faafe946b2f78b361) Importer(2089858483,d624ce77472d68a35037170ec1d2d27e)
Start importing Assets/ModAssets/Materials/TrailMaterials/RainbowTrailMaterial.mat using Guid(711224fcf6d6c40faafe946b2f78b361) Importer(2089858483,d624ce77472d68a35037170ec1d2d27e) (ScriptedImporter) -> (artifact id: '5cc30051a92950d74e740fb527ea6de8') in 0.0126524 seconds
Number of updated asset objects reloaded before import = 0Number of asset objects unloaded after import = 2

========================================================================
Received Import Request.
  Time since last request: 0.000016 seconds.
  path: Assets/FPS/Tutorials/AddARoom/WT-Zoom-Scene.png
  artifactKey: Guid(b4c3d69d5484d4953a19fba2433bd73c) Importer(2089858483,d624ce77472d68a35037170ec1d2d27e)
Start importing Assets/FPS/Tutorials/AddARoom/WT-Zoom-Scene.png using Guid(b4c3d69d5484d4953a19fba2433bd73c) Importer(2089858483,d624ce77472d68a35037170ec1d2d27e) (ScriptedImporter) -> (artifact id: '083acfa2f3548f636fe3f64be507097e') in 0.0420845 seconds
Number of updated asset objects reloaded before import = 0Number of asset objects unloaded after import = 1

========================================================================
Received Import Request.
  Time since last request: 0.000027 seconds.
  path: Assets/FPS/Tutorials/AddEnemyBot/015.asset
  artifactKey: Guid(db255913d0ab24aebab584a7e24d64be) Importer(2089858483,d624ce77472d68a35037170ec1d2d27e)
Start importing Assets/FPS/Tutorials/AddEnemyBot/015.asset using Guid(db255913d0ab24aebab584a7e24d64be) Importer(2089858483,d624ce77472d68a35037170ec1d2d27e) (ScriptedImporter) -> (artifact id: 'c6f9b6a8d7a64f687cb269bca026d6bc') in 0.0608056 seconds
Number of updated asset objects reloaded before import = 0Number of asset objects unloaded after import = 741

========================================================================
Received Import Request.
  Time since last request: 0.000019 seconds.
  path: Assets/FPS/Tutorials/AddARoom/RoomAssetLayout.wlt
  artifactKey: Guid(969d22b170a8a449d99ed26d083a8e78) Importer(2089858483,d624ce77472d68a35037170ec1d2d27e)
Start importing Assets/FPS/Tutorials/AddARoom/RoomAssetLayout.wlt using Guid(969d22b170a8a449d99ed26d083a8e78) Importer(2089858483,d624ce77472d68a35037170ec1d2d27e) (ScriptedImporter) -> (artifact id: 'c07535faad58675664efaf2b52ff85c8') in 0.0184134 seconds
Number of updated asset objects reloaded before import = 0Number of asset objects unloaded after import = 1

========================================================================
Received Import Request.
  Time since last request: 0.000018 seconds.
  path: Assets/ModAssets/Prefabs/Hat Prefabs/TopHat.prefab
  artifactKey: Guid(774a4248793f3461bb91a4fe8170cdd7) Importer(2089858483,d624ce77472d68a35037170ec1d2d27e)
Start importing Assets/ModAssets/Prefabs/Hat Prefabs/TopHat.prefab using Guid(774a4248793f3461bb91a4fe8170cdd7) Importer(2089858483,d624ce77472d68a35037170ec1d2d27e) (ScriptedImporter) -> (artifact id: '628091d4906a716e53dadcacfc804db2') in 0.0202388 seconds
Number of updated asset objects reloaded before import = 0Number of asset objects unloaded after import = 12

========================================================================
Received Import Request.
  Time since last request: 0.000028 seconds.
  path: Assets/ModAssets/Materials/BillboardMaterials/Billboard Content.mat
  artifactKey: Guid(ba793090d6ae148e9a8a50996460f4f1) Importer(2089858483,d624ce77472d68a35037170ec1d2d27e)
Start importing Assets/ModAssets/Materials/BillboardMaterials/Billboard Content.mat using Guid(ba793090d6ae148e9a8a50996460f4f1) Importer(2089858483,d624ce77472d68a35037170ec1d2d27e) (ScriptedImporter) -> (artifact id: 'e66fff2a530f7bbc3b9975c049520d7f') in 0.0195819 seconds
Number of updated asset objects reloaded before import = 0Number of asset objects unloaded after import = 1

========================================================================
Received Import Request.
  Time since last request: 0.000017 seconds.
  path: Assets/TextMesh Pro/Resources/Shaders/TMP_SDF-Mobile Masking.shader
  artifactKey: Guid(0c6429d2dc6b00c4e847b234ce8381e2) Importer(2089858483,d624ce77472d68a35037170ec1d2d27e)
Start importing Assets/TextMesh Pro/Resources/Shaders/TMP_SDF-Mobile Masking.shader using Guid(0c6429d2dc6b00c4e847b234ce8381e2) Importer(2089858483,d624ce77472d68a35037170ec1d2d27e) (ScriptedImporter) -> (artifact id: 'dd7569204cfabe474430348bad4a60f1') in 0.014244 seconds
Number of updated asset objects reloaded before import = 0Number of asset objects unloaded after import = 1

========================================================================
Received Import Request.
  Time since last request: 0.000019 seconds.
  path: Assets/ModAssets/Materials/TrailMaterials/PlatformerRainbowTrailMaterial.mat
  artifactKey: Guid(fb9022c6471ea4540bead8403c8d7496) Importer(2089858483,d624ce77472d68a35037170ec1d2d27e)
Start importing Assets/ModAssets/Materials/TrailMaterials/PlatformerRainbowTrailMaterial.mat using Guid(fb9022c6471ea4540bead8403c8d7496) Importer(2089858483,d624ce77472d68a35037170ec1d2d27e) (ScriptedImporter) -> (artifact id: 'e58f86dd404ff980f1b52129f47dac40') in 0.0169678 seconds
Number of updated asset objects reloaded before import = 0Number of asset objects unloaded after import = 2

========================================================================
Received Import Request.
  Time since last request: 0.000024 seconds.
  path: Assets/FPS/Animation/HoverBot/HoverBot@IdleClosed.fbx
  artifactKey: Guid(66088e9cde32b5344b49394a051595d4) Importer(2089858483,d624ce77472d68a35037170ec1d2d27e)
Start importing Assets/FPS/Animation/HoverBot/HoverBot@IdleClosed.fbx using Guid(66088e9cde32b5344b49394a051595d4) Importer(2089858483,d624ce77472d68a35037170ec1d2d27e) (ScriptedImporter) -> (artifact id: '4a34f2178f0844a0eb2bf88eabde09bd') in 0.0164495 seconds
Number of updated asset objects reloaded before import = 0Number of asset objects unloaded after import = 42

========================================================================
Received Import Request.
  Time since last request: 0.000031 seconds.
  path: Assets/FPS/Scenes/MainScene/NavMesh-NavMeshSurface 1.asset
  artifactKey: Guid(87ef3aeeedf264488aba750ca9202cd5) Importer(2089858483,d624ce77472d68a35037170ec1d2d27e)
Start importing Assets/FPS/Scenes/MainScene/NavMesh-NavMeshSurface 1.asset using Guid(87ef3aeeedf264488aba750ca9202cd5) Importer(2089858483,d624ce77472d68a35037170ec1d2d27e) (ScriptedImporter) -> (artifact id: '430c35a0230e5e8bcd1b7da516d7acf8') in 0.0181543 seconds
Number of updated asset objects reloaded before import = 0Number of asset objects unloaded after import = 1

========================================================================
Received Import Request.
  Time since last request: 0.000017 seconds.
  path: Assets/AddOns/MgFPS_Molt/Molt_VFX/Materials/Sparks_Molt.mat
  artifactKey: Guid(19e151b4b29a2c748b9c1e154d885a6f) Importer(2089858483,d624ce77472d68a35037170ec1d2d27e)
Start importing Assets/AddOns/MgFPS_Molt/Molt_VFX/Materials/Sparks_Molt.mat using Guid(19e151b4b29a2c748b9c1e154d885a6f) Importer(2089858483,d624ce77472d68a35037170ec1d2d27e) (ScriptedImporter) -> (artifact id: 'bf36001e610f3795eb51fc6a712e12ee') in 0.0302284 seconds
Number of updated asset objects reloaded before import = 0Number of asset objects unloaded after import = 2

========================================================================
Received Import Request.
  Time since last request: 0.000015 seconds.
  path: Assets/FPS/Scripts/UI/InGameMenuManager.cs
  artifactKey: Guid(18998fe37a74de64d861e190ab499e45) Importer(2089858483,d624ce77472d68a35037170ec1d2d27e)
Start importing Assets/FPS/Scripts/UI/InGameMenuManager.cs using Guid(18998fe37a74de64d861e190ab499e45) Importer(2089858483,d624ce77472d68a35037170ec1d2d27e) (ScriptedImporter) -> (artifact id: '308b187b0eeabf4b6987ffeafd51b41a') in 0.0408401 seconds
Number of updated asset objects reloaded before import = 0Number of asset objects unloaded after import = 0

========================================================================
Received Import Request.
  Time since last request: 0.000018 seconds.
  path: Assets/FPS/Scripts/Editor/fps.Editor.asmdef
  artifactKey: Guid(bd05a56a26480e646a63a781f822fc20) Importer(2089858483,d624ce77472d68a35037170ec1d2d27e)
Start importing Assets/FPS/Scripts/Editor/fps.Editor.asmdef using Guid(bd05a56a26480e646a63a781f822fc20) Importer(2089858483,d624ce77472d68a35037170ec1d2d27e) (ScriptedImporter) -> (artifact id: '5d92150475cff2cc9d657bf35900e70c') in 0.0181302 seconds
Number of updated asset objects reloaded before import = 0Number of asset objects unloaded after import = 1

========================================================================
Received Import Request.
  Time since last request: 0.000018 seconds.
  path: Assets/ModAssets/Models/BillboardMeshes/billboard_3D_basic.fbx
  artifactKey: Guid(ad9c1e36fab414677bc655cab88a1b71) Importer(2089858483,d624ce77472d68a35037170ec1d2d27e)
Start importing Assets/ModAssets/Models/BillboardMeshes/billboard_3D_basic.fbx using Guid(ad9c1e36fab414677bc655cab88a1b71) Importer(2089858483,d624ce77472d68a35037170ec1d2d27e) (ScriptedImporter) -> (artifact id: 'adab8d3571edfcc200c4d5161d0451ba') in 0.0139336 seconds
Number of updated asset objects reloaded before import = 0Number of asset objects unloaded after import = 12

========================================================================
Received Import Request.
  Time since last request: 0.000016 seconds.
  path: Assets/TextMesh Pro/Resources/Fonts & Materials/LiberationSans SDF - Drop Shadow.mat
  artifactKey: Guid(e73a58f6e2794ae7b1b7e50b7fb811b0) Importer(2089858483,d624ce77472d68a35037170ec1d2d27e)
Start importing Assets/TextMesh Pro/Resources/Fonts & Materials/LiberationSans SDF - Drop Shadow.mat using Guid(e73a58f6e2794ae7b1b7e50b7fb811b0) Importer(2089858483,d624ce77472d68a35037170ec1d2d27e) (ScriptedImporter) -> (artifact id: '52b3c94685bbcf879abb956dd19d1eae') in 0.0737205 seconds
Number of updated asset objects reloaded before import = 0Number of asset objects unloaded after import = 2

========================================================================
Received Import Request.
  Time since last request: 0.000014 seconds.
  path: Assets/FPS/Art/Fonts/Roboto-Regular.ttf
  artifactKey: Guid(681f12e2c56b60e49b3456fe3dd4320e) Importer(2089858483,d624ce77472d68a35037170ec1d2d27e)
Start importing Assets/FPS/Art/Fonts/Roboto-Regular.ttf using Guid(681f12e2c56b60e49b3456fe3dd4320e) Importer(2089858483,d624ce77472d68a35037170ec1d2d27e) (ScriptedImporter) -> (artifact id: 'b1ac076fae1679e23c01794d7089cfa5') in 0.1185642 seconds
Number of updated asset objects reloaded before import = 0Number of asset objects unloaded after import = 3

========================================================================
Received Import Request.
  Time since last request: 1.639170 seconds.
  path: Assets/AddOns/MgFPS_Quasar/Quasar_VFX/Textures/Quasar_PointLight 1.png
  artifactKey: Guid(8fab4710390e85249a416a91ed6b8d7a) Importer(2089858483,d624ce77472d68a35037170ec1d2d27e)
Start importing Assets/AddOns/MgFPS_Quasar/Quasar_VFX/Textures/Quasar_PointLight 1.png using Guid(8fab4710390e85249a416a91ed6b8d7a) Importer(2089858483,d624ce77472d68a35037170ec1d2d27e) (ScriptedImporter) -> (artifact id: '56c3c1e5f2a483d3d8ba3e5d7eee9533') in 0.0614375 seconds
Number of updated asset objects reloaded before import = 0Number of asset objects unloaded after import = 1

========================================================================
Received Import Request.
  Time since last request: 0.000018 seconds.
  path: Assets/FPS/Art/Textures/Characters/HoverBot_Glass_Albedo.png
  artifactKey: Guid(656663e666410fd4fa5e9da4470a11e5) Importer(2089858483,d624ce77472d68a35037170ec1d2d27e)
Start importing Assets/FPS/Art/Textures/Characters/HoverBot_Glass_Albedo.png using Guid(656663e666410fd4fa5e9da4470a11e5) Importer(2089858483,d624ce77472d68a35037170ec1d2d27e) (ScriptedImporter) -> (artifact id: '8a2b73d11fc08c1b10021e9c7edce88f') in 0.0222991 seconds
Number of updated asset objects reloaded before import = 0Number of asset objects unloaded after import = 1

========================================================================
Received Import Request.
  Time since last request: 0.000031 seconds.
  path: Assets/AddOns/MgFPS_Thunderlight/Thunderlight_MeshandTextures/Textures/HUD_Thunderlight.png
  artifactKey: Guid(63ed2fe06f883a04f8de664a41a209c6) Importer(2089858483,d624ce77472d68a35037170ec1d2d27e)
Start importing Assets/AddOns/MgFPS_Thunderlight/Thunderlight_MeshandTextures/Textures/HUD_Thunderlight.png using Guid(63ed2fe06f883a04f8de664a41a209c6) Importer(2089858483,d624ce77472d68a35037170ec1d2d27e) (ScriptedImporter) -> (artifact id: 'f0b36d0a188d5f8fad9e0535dbcc24fc') in 0.0621348 seconds
Number of updated asset objects reloaded before import = 0Number of asset objects unloaded after import = 3

========================================================================
Received Import Request.
  Time since last request: 0.000017 seconds.
  path: Assets/FPS/Art/Materials/Level/Wall_Grey.mat
  artifactKey: Guid(4b8bcc445bbcd7d488ce7436dc1af951) Importer(2089858483,d624ce77472d68a35037170ec1d2d27e)
Start importing Assets/FPS/Art/Materials/Level/Wall_Grey.mat using Guid(4b8bcc445bbcd7d488ce7436dc1af951) Importer(2089858483,d624ce77472d68a35037170ec1d2d27e) (ScriptedImporter) -> (artifact id: 'a277a94df2e85e91631223ceb7e2fddf') in 0.0191307 seconds
Number of updated asset objects reloaded before import = 0Number of asset objects unloaded after import = 1

========================================================================
Received Import Request.
  Time since last request: 0.000019 seconds.
  path: Assets/FPS/Art/Materials/VFX/Projectile_green.mat
  artifactKey: Guid(e4d0ea9642095ef4cb76e9b3c9f91eef) Importer(2089858483,d624ce77472d68a35037170ec1d2d27e)
Start importing Assets/FPS/Art/Materials/VFX/Projectile_green.mat using Guid(e4d0ea9642095ef4cb76e9b3c9f91eef) Importer(2089858483,d624ce77472d68a35037170ec1d2d27e) (ScriptedImporter) -> (artifact id: 'fc9017faeb3e3867f899ed63b0ee0eb8') in 0.0721473 seconds
Number of updated asset objects reloaded before import = 0Number of asset objects unloaded after import = 2

========================================================================
Received Import Request.
  Time since last request: 0.000031 seconds.
  path: Assets/FPS/Art/Textures/UI/HUD_Weapon03.png
  artifactKey: Guid(3c187e19c32c13542ba8a0c1a3a88ece) Importer(2089858483,d624ce77472d68a35037170ec1d2d27e)
Start importing Assets/FPS/Art/Textures/UI/HUD_Weapon03.png using Guid(3c187e19c32c13542ba8a0c1a3a88ece) Importer(2089858483,d624ce77472d68a35037170ec1d2d27e) (ScriptedImporter) -> (artifact id: '0e9f366c04b40e1d98f67dfe270b9592') in 0.1042074 seconds
Number of updated asset objects reloaded before import = 0Number of asset objects unloaded after import = 3

========================================================================
Received Import Request.
  Time since last request: 0.000014 seconds.
  path: Assets/FPS/Art/Textures/VFX/Shadow.psd
  artifactKey: Guid(93a91d6f0b91aaa49aaf4b9a6b217147) Importer(2089858483,d624ce77472d68a35037170ec1d2d27e)
Start importing Assets/FPS/Art/Textures/VFX/Shadow.psd using Guid(93a91d6f0b91aaa49aaf4b9a6b217147) Importer(2089858483,d624ce77472d68a35037170ec1d2d27e) (ScriptedImporter) -> (artifact id: 'f2562f6838130bc1efb2f268a2e756cc') in 0.0223415 seconds
Number of updated asset objects reloaded before import = 0Number of asset objects unloaded after import = 1

========================================================================
Received Import Request.
  Time since last request: 0.000020 seconds.
  path: Assets/FPS/Art/Textures/Backgrounds/UnityTutorial_Skybox05_4k.png
  artifactKey: Guid(0d0a423573bb73342ba21395be8500ad) Importer(2089858483,d624ce77472d68a35037170ec1d2d27e)
Start importing Assets/FPS/Art/Textures/Backgrounds/UnityTutorial_Skybox05_4k.png using Guid(0d0a423573bb73342ba21395be8500ad) Importer(2089858483,d624ce77472d68a35037170ec1d2d27e) (ScriptedImporter) -> (artifact id: '037d68bd24efc47a84bc1c43cbc2ea84') in 0.0187774 seconds
Number of updated asset objects reloaded before import = 0Number of asset objects unloaded after import = 1

========================================================================
Received Import Request.
  Time since last request: 0.000028 seconds.
  path: Assets/FPS/Art/Materials/VFX/FakeShadowBlob.mat
  artifactKey: Guid(700c8e4508ea3b34999c1917db3d4424) Importer(2089858483,d624ce77472d68a35037170ec1d2d27e)
Start importing Assets/FPS/Art/Materials/VFX/FakeShadowBlob.mat using Guid(700c8e4508ea3b34999c1917db3d4424) Importer(2089858483,d624ce77472d68a35037170ec1d2d27e) (ScriptedImporter) -> (artifact id: '668dbbab7fd20835ef443cebfab26ebe') in 0.0180939 seconds
Number of updated asset objects reloaded before import = 0Number of asset objects unloaded after import = 3

========================================================================
Received Import Request.
  Time since last request: 0.000021 seconds.
  path: Assets/FPS/Audio/SFX/Weapons/Shotgun_Shot.wav
  artifactKey: Guid(be87267ec54c5264daffd2ffeb91d6a7) Importer(2089858483,d624ce77472d68a35037170ec1d2d27e)
Start importing Assets/FPS/Audio/SFX/Weapons/Shotgun_Shot.wav using Guid(be87267ec54c5264daffd2ffeb91d6a7) Importer(2089858483,d624ce77472d68a35037170ec1d2d27e) (ScriptedImporter) -> (artifact id: 'b5363b2a8e175f03313caaf79c49dd3c') in 0.034305 seconds
Number of updated asset objects reloaded before import = 0Number of asset objects unloaded after import = 1

========================================================================
Received Import Request.
  Time since last request: 0.000016 seconds.
  path: Assets/FPS/Prefabs/Level/Dungeon/Dun_Wall_Open.prefab
  artifactKey: Guid(1e4bd8ac328e4bb4fbbee62ca0f24a98) Importer(2089858483,d624ce77472d68a35037170ec1d2d27e)
Start importing Assets/FPS/Prefabs/Level/Dungeon/Dun_Wall_Open.prefab using Guid(1e4bd8ac328e4bb4fbbee62ca0f24a98) Importer(2089858483,d624ce77472d68a35037170ec1d2d27e) (ScriptedImporter) -> (artifact id: 'c9edd970f95930daa9cd6fcd3afabf02') in 0.0157949 seconds
Number of updated asset objects reloaded before import = 0Number of asset objects unloaded after import = 48

========================================================================
Received Import Request.
  Time since last request: 0.000022 seconds.
  path: Assets/FPS/Art/Textures/UI/Stance_Crouch_Icon.png
  artifactKey: Guid(d9b0340e45d66d64199b8219686bb5c5) Importer(2089858483,d624ce77472d68a35037170ec1d2d27e)
Start importing Assets/FPS/Art/Textures/UI/Stance_Crouch_Icon.png using Guid(d9b0340e45d66d64199b8219686bb5c5) Importer(2089858483,d624ce77472d68a35037170ec1d2d27e) (ScriptedImporter) -> (artifact id: '08a8be8fa5a6cb5b8b66c09dd27860a5') in 0.0179015 seconds
Number of updated asset objects reloaded before import = 0Number of asset objects unloaded after import = 3

========================================================================
Received Import Request.
  Time since last request: 0.000030 seconds.
  path: Assets/AddOns/MgFPS_Thunderlight/Thunderlight_VFX/Materials/Magic_Star.mat
  artifactKey: Guid(9ad2adcfa5c806f43857e329cf7e4a5c) Importer(2089858483,d624ce77472d68a35037170ec1d2d27e)
Start importing Assets/AddOns/MgFPS_Thunderlight/Thunderlight_VFX/Materials/Magic_Star.mat using Guid(9ad2adcfa5c806f43857e329cf7e4a5c) Importer(2089858483,d624ce77472d68a35037170ec1d2d27e) (ScriptedImporter) -> (artifact id: '83af1b771bb473379f55c70b459bb18d') in 0.0162448 seconds
Number of updated asset objects reloaded before import = 0Number of asset objects unloaded after import = 2

========================================================================
Received Import Request.
  Time since last request: 0.000020 seconds.
  path: Assets/FPS/Art/Textures/VFX/Symbol_Speedlines_Atlas.tga
  artifactKey: Guid(caab48d99d348f14f9c9142539950ba8) Importer(2089858483,d624ce77472d68a35037170ec1d2d27e)
Start importing Assets/FPS/Art/Textures/VFX/Symbol_Speedlines_Atlas.tga using Guid(caab48d99d348f14f9c9142539950ba8) Importer(2089858483,d624ce77472d68a35037170ec1d2d27e) (ScriptedImporter) -> (artifact id: '71e50f18950cce2afcd3fe10e31cf4f0') in 0.0214915 seconds
Number of updated asset objects reloaded before import = 0Number of asset objects unloaded after import = 1

========================================================================
Received Import Request.
  Time since last request: 0.000017 seconds.
  path: Assets/FPS/Art/Materials/Weapons/WeaponPistol_Transparent.mat
  artifactKey: Guid(ad562f26d8dd3e34d9fd70367f5d6f14) Importer(2089858483,d624ce77472d68a35037170ec1d2d27e)
Start importing Assets/FPS/Art/Materials/Weapons/WeaponPistol_Transparent.mat using Guid(ad562f26d8dd3e34d9fd70367f5d6f14) Importer(2089858483,d624ce77472d68a35037170ec1d2d27e) (ScriptedImporter) -> (artifact id: 'd27ba580d9256701745341ab7bd972b9') in 0.0183476 seconds
Number of updated asset objects reloaded before import = 0Number of asset objects unloaded after import = 6

========================================================================
Received Import Request.
  Time since last request: 0.000017 seconds.
  path: Assets/FPS/Prefabs/PBObjects/Ramps/PBRamp_4m.prefab
  artifactKey: Guid(a0e2ee208bb0e564493eaa5b31b76023) Importer(2089858483,d624ce77472d68a35037170ec1d2d27e)
Start importing Assets/FPS/Prefabs/PBObjects/Ramps/PBRamp_4m.prefab using Guid(a0e2ee208bb0e564493eaa5b31b76023) Importer(2089858483,d624ce77472d68a35037170ec1d2d27e) (ScriptedImporter) -> (artifact id: '1a802523875f0ee961858c169abc5fed') in 0.0206081 seconds
Number of updated asset objects reloaded before import = 0Number of asset objects unloaded after import = 11

========================================================================
Received Import Request.
  Time since last request: 0.000026 seconds.
  path: Assets/FPS/Audio/SFX/Enemies/Hoverbot_Attack.wav
  artifactKey: Guid(a56e3c9f90e17894eb1625f603eceb54) Importer(2089858483,d624ce77472d68a35037170ec1d2d27e)
Start importing Assets/FPS/Audio/SFX/Enemies/Hoverbot_Attack.wav using Guid(a56e3c9f90e17894eb1625f603eceb54) Importer(2089858483,d624ce77472d68a35037170ec1d2d27e) (ScriptedImporter) -> (artifact id: '4758ec8533b4272bdbcd660aeb718295') in 0.4990274 seconds
Number of updated asset objects reloaded before import = 0Number of asset objects unloaded after import = 1

========================================================================
Received Import Request.
  Time since last request: 0.000020 seconds.
  path: Assets/FPS/Scripts/Game/Shared/ProjectileBase.cs
  artifactKey: Guid(1962d3d25050a4a44819b089007baf39) Importer(2089858483,d624ce77472d68a35037170ec1d2d27e)
Start importing Assets/FPS/Scripts/Game/Shared/ProjectileBase.cs using Guid(1962d3d25050a4a44819b089007baf39) Importer(2089858483,d624ce77472d68a35037170ec1d2d27e) (ScriptedImporter) -> (artifact id: '75a23a221dca24a81c5534096844c993') in 0.0105714 seconds
Number of updated asset objects reloaded before import = 0Number of asset objects unloaded after import = 0

========================================================================
Received Import Request.
  Time since last request: 0.000025 seconds.
  path: Assets/FPS/Scripts/Game/Shared/Objective.cs
  artifactKey: Guid(7535462baa2ed0d469f708cbe145b720) Importer(2089858483,d624ce77472d68a35037170ec1d2d27e)
Start importing Assets/FPS/Scripts/Game/Shared/Objective.cs using Guid(7535462baa2ed0d469f708cbe145b720) Importer(2089858483,d624ce77472d68a35037170ec1d2d27e) (ScriptedImporter) -> (artifact id: 'eaec699f4816ab72f0a97a9cbabba26c') in 0.0109587 seconds
Number of updated asset objects reloaded before import = 0Number of asset objects unloaded after import = 0

========================================================================
Received Import Request.
  Time since last request: 0.000019 seconds.
  path: Assets/FPS/Art/Textures/UI/HUD_LifeBar_Icon.png
  artifactKey: Guid(42026ddb8af9ab4469471032859446cb) Importer(2089858483,d624ce77472d68a35037170ec1d2d27e)
Start importing Assets/FPS/Art/Textures/UI/HUD_LifeBar_Icon.png using Guid(42026ddb8af9ab4469471032859446cb) Importer(2089858483,d624ce77472d68a35037170ec1d2d27e) (ScriptedImporter) -> (artifact id: 'cf9a1f85eccb95eaa4d390c79c05db40') in 0.0713592 seconds
Number of updated asset objects reloaded before import = 0Number of asset objects unloaded after import = 3

========================================================================
Received Import Request.
  Time since last request: 0.000021 seconds.
  path: Assets/FPS/Prefabs/Level/MainLvl/Section2/Entry_Section.prefab
  artifactKey: Guid(02eee05f11a824a40bff1529b0c3c055) Importer(2089858483,d624ce77472d68a35037170ec1d2d27e)
Start importing Assets/FPS/Prefabs/Level/MainLvl/Section2/Entry_Section.prefab using Guid(02eee05f11a824a40bff1529b0c3c055) Importer(2089858483,d624ce77472d68a35037170ec1d2d27e) (ScriptedImporter) -> (artifact id: 'aa7e995d08f1219f5078359b86b037da') in 0.0225896 seconds
Number of updated asset objects reloaded before import = 0Number of asset objects unloaded after import = 1492

========================================================================
Received Import Request.
  Time since last request: 0.000026 seconds.
  path: Assets/FPS/Scripts/Gameplay/Objectives/ObjectiveReachPoint.cs
  artifactKey: Guid(37fff5bb19450134f9e207f3823811fa) Importer(2089858483,d624ce77472d68a35037170ec1d2d27e)
Start importing Assets/FPS/Scripts/Gameplay/Objectives/ObjectiveReachPoint.cs using Guid(37fff5bb19450134f9e207f3823811fa) Importer(2089858483,d624ce77472d68a35037170ec1d2d27e) (ScriptedImporter) -> (artifact id: '471b69c9e2caff647ebd7a882050d574') in 0.0618542 seconds
Number of updated asset objects reloaded before import = 0Number of asset objects unloaded after import = 0

========================================================================
Received Import Request.
  Time since last request: 0.000015 seconds.
  path: Assets/AddOns/MgFPS_Thunderlight/Thunderlight_VFX/Materials/Smoke.mat
  artifactKey: Guid(6d347e89533a0274884ca0c0a1423bc6) Importer(2089858483,d624ce77472d68a35037170ec1d2d27e)
Start importing Assets/AddOns/MgFPS_Thunderlight/Thunderlight_VFX/Materials/Smoke.mat using Guid(6d347e89533a0274884ca0c0a1423bc6) Importer(2089858483,d624ce77472d68a35037170ec1d2d27e) (ScriptedImporter) -> (artifact id: 'aac29d173cf2c75e24223388cd2f566d') in 0.0322091 seconds
Number of updated asset objects reloaded before import = 0Number of asset objects unloaded after import = 2

========================================================================
Received Import Request.
  Time since last request: 0.000020 seconds.
  path: Assets/FPS/Art/Materials/Level/Sign_Green_Transparent.mat
  artifactKey: Guid(a8f80855e983a7e4290e228f45185f94) Importer(2089858483,d624ce77472d68a35037170ec1d2d27e)
Start importing Assets/FPS/Art/Materials/Level/Sign_Green_Transparent.mat using Guid(a8f80855e983a7e4290e228f45185f94) Importer(2089858483,d624ce77472d68a35037170ec1d2d27e) (ScriptedImporter) -> (artifact id: '4176a06dab3f33cc56b15a167a4e3bf6') in 0.0126372 seconds
Number of updated asset objects reloaded before import = 0Number of asset objects unloaded after import = 1

========================================================================
Received Import Request.
  Time since last request: 0.000026 seconds.
  path: Assets/AddOns/MgFPS_Enemy_Boss/Audio/SFX/Boss/Attack/RocketExplosion.wav
  artifactKey: Guid(1f1ae13ff2b8a3c49929a518b771bfb1) Importer(2089858483,d624ce77472d68a35037170ec1d2d27e)
Start importing Assets/AddOns/MgFPS_Enemy_Boss/Audio/SFX/Boss/Attack/RocketExplosion.wav using Guid(1f1ae13ff2b8a3c49929a518b771bfb1) Importer(2089858483,d624ce77472d68a35037170ec1d2d27e) (ScriptedImporter) -> (artifact id: '484c31e8c149396035c4cb2da1229718') in 0.065044 seconds
Number of updated asset objects reloaded before import = 0Number of asset objects unloaded after import = 1

========================================================================
Received Import Request.
  Time since last request: 0.000017 seconds.
  path: Assets/FPS/Scripts/Gameplay/Managers/PlayerWeaponsManager.cs
  artifactKey: Guid(c6b4f98e62f1d104f8658bba08e5d56f) Importer(2089858483,d624ce77472d68a35037170ec1d2d27e)
Start importing Assets/FPS/Scripts/Gameplay/Managers/PlayerWeaponsManager.cs using Guid(c6b4f98e62f1d104f8658bba08e5d56f) Importer(2089858483,d624ce77472d68a35037170ec1d2d27e) (ScriptedImporter) -> (artifact id: '5e9eb1ad8a9576911a6b03c0fbb3a3da') in 0.0464863 seconds
Number of updated asset objects reloaded before import = 0Number of asset objects unloaded after import = 0

========================================================================
Received Import Request.
  Time since last request: 0.000019 seconds.
  path: Assets/FPS/Prefabs/Level/Dungeon/Dun_Wall.prefab
  artifactKey: Guid(cd17687759887a0438ee021e51abc9d9) Importer(2089858483,d624ce77472d68a35037170ec1d2d27e)
Start importing Assets/FPS/Prefabs/Level/Dungeon/Dun_Wall.prefab using Guid(cd17687759887a0438ee021e51abc9d9) Importer(2089858483,d624ce77472d68a35037170ec1d2d27e) (ScriptedImporter) -> (artifact id: 'e42de28f00ea02eeeb61a0348a7e8aa1') in 0.0349537 seconds
Number of updated asset objects reloaded before import = 0Number of asset objects unloaded after import = 47

========================================================================
Received Import Request.
  Time since last request: 0.000032 seconds.
  path: Assets/FPS/Art/Materials/VFX/Wireframe_Cage.mat
  artifactKey: Guid(d737cdf1ca21a1941a07c6b9a9b5f1d1) Importer(2089858483,d624ce77472d68a35037170ec1d2d27e)
Start importing Assets/FPS/Art/Materials/VFX/Wireframe_Cage.mat using Guid(d737cdf1ca21a1941a07c6b9a9b5f1d1) Importer(2089858483,d624ce77472d68a35037170ec1d2d27e) (ScriptedImporter) -> (artifact id: 'f82ce8af0a57993f92fb94092c7bf614') in 0.0322311 seconds
Number of updated asset objects reloaded before import = 0Number of asset objects unloaded after import = 2

========================================================================
Received Import Request.
  Time since last request: 0.000019 seconds.
  path: Assets/CodeMonkey/KeyDoorSystem/Objects/Keys/KeyBlue.asset
  artifactKey: Guid(b60a0d85da277c940bff997724afee27) Importer(2089858483,d624ce77472d68a35037170ec1d2d27e)
Start importing Assets/CodeMonkey/KeyDoorSystem/Objects/Keys/KeyBlue.asset using Guid(b60a0d85da277c940bff997724afee27) Importer(2089858483,d624ce77472d68a35037170ec1d2d27e) (ScriptedImporter) -> (artifact id: 'd4f7c7344a4e940618fd0e8fad56f7e3') in 0.0258174 seconds
Number of updated asset objects reloaded before import = 0Number of asset objects unloaded after import = 1

========================================================================
Received Import Request.
  Time since last request: 0.000018 seconds.
  path: Assets/FPS/Prefabs/Level/Signs/Sign_Diamond.prefab
  artifactKey: Guid(a7566d85b04856b42a956c9b162ee747) Importer(2089858483,d624ce77472d68a35037170ec1d2d27e)
Start importing Assets/FPS/Prefabs/Level/Signs/Sign_Diamond.prefab using Guid(a7566d85b04856b42a956c9b162ee747) Importer(2089858483,d624ce77472d68a35037170ec1d2d27e) (ScriptedImporter) -> (artifact id: 'b368438692fcae7889d725860c1a15d5') in 0.0256519 seconds
Number of updated asset objects reloaded before import = 0Number of asset objects unloaded after import = 8

========================================================================
Received Import Request.
  Time since last request: 0.000034 seconds.
  path: Assets/FPS/Art/Textures/UI/HUD_Weapon01.png
  artifactKey: Guid(cab1398a10b307b44b0ffeb0eef23254) Importer(2089858483,d624ce77472d68a35037170ec1d2d27e)
Start importing Assets/FPS/Art/Textures/UI/HUD_Weapon01.png using Guid(cab1398a10b307b44b0ffeb0eef23254) Importer(2089858483,d624ce77472d68a35037170ec1d2d27e) (ScriptedImporter) -> (artifact id: '651a6bd8783b11406ec99d524c28552f') in 0.0152554 seconds
Number of updated asset objects reloaded before import = 0Number of asset objects unloaded after import = 3

========================================================================
Received Import Request.
  Time since last request: 0.000014 seconds.
  path: Assets/FPS/Prefabs/Level/Rooms/Room_Medium.prefab
  artifactKey: Guid(35af8bf2573f2d9458eb42510e2d6006) Importer(2089858483,d624ce77472d68a35037170ec1d2d27e)
Start importing Assets/FPS/Prefabs/Level/Rooms/Room_Medium.prefab using Guid(35af8bf2573f2d9458eb42510e2d6006) Importer(2089858483,d624ce77472d68a35037170ec1d2d27e) (ScriptedImporter) -> (artifact id: '93454e86f40cbeaa2f90972ff852e04c') in 0.0262046 seconds
Number of updated asset objects reloaded before import = 0Number of asset objects unloaded after import = 498

========================================================================
Received Import Request.
  Time since last request: 0.000017 seconds.
  path: Assets/FPS/Prefabs/Level/BaseObjects/Wall_1m_Mesh.prefab
  artifactKey: Guid(22ee8966e4c728a418415db5731c87ae) Importer(2089858483,d624ce77472d68a35037170ec1d2d27e)
Start importing Assets/FPS/Prefabs/Level/BaseObjects/Wall_1m_Mesh.prefab using Guid(22ee8966e4c728a418415db5731c87ae) Importer(2089858483,d624ce77472d68a35037170ec1d2d27e) (ScriptedImporter) -> (artifact id: '220165edaff34819d8fc167ed8eb08ac') in 0.049144 seconds
Number of updated asset objects reloaded before import = 0Number of asset objects unloaded after import = 10

========================================================================
Received Import Request.
  Time since last request: 0.000018 seconds.
  path: Assets/FPS/Prefabs/Level/Walls/Wall_4m.prefab
  artifactKey: Guid(7ba64c0944716c24f911914e2e6af7a4) Importer(2089858483,d624ce77472d68a35037170ec1d2d27e)
Start importing Assets/FPS/Prefabs/Level/Walls/Wall_4m.prefab using Guid(7ba64c0944716c24f911914e2e6af7a4) Importer(2089858483,d624ce77472d68a35037170ec1d2d27e) (ScriptedImporter) -> (artifact id: '6cff810ba5d7b509d68c548f559473b3') in 0.0116481 seconds
Number of updated asset objects reloaded before import = 0Number of asset objects unloaded after import = 10

========================================================================
Received Import Request.
  Time since last request: 0.000030 seconds.
  path: Assets/AddOns/MgFPS_Enemy_Boss/Audio/SFX/Boss/Attack/Railgun_BuildUp.wav
  artifactKey: Guid(d14b426022ad11e4ba12511b6312290a) Importer(2089858483,d624ce77472d68a35037170ec1d2d27e)
Start importing Assets/AddOns/MgFPS_Enemy_Boss/Audio/SFX/Boss/Attack/Railgun_BuildUp.wav using Guid(d14b426022ad11e4ba12511b6312290a) Importer(2089858483,d624ce77472d68a35037170ec1d2d27e) (ScriptedImporter) -> (artifact id: 'b3aabd7918b789d3c624a43834878a02') in 0.0378988 seconds
Number of updated asset objects reloaded before import = 0Number of asset objects unloaded after import = 1

========================================================================
Received Import Request.
  Time since last request: 0.000022 seconds.
  path: Assets/FPS/Art/Textures/Weapons/Launcher_MetallicSmooth.png
  artifactKey: Guid(ee9913929019b1d4894602a3495db2a5) Importer(2089858483,d624ce77472d68a35037170ec1d2d27e)
Start importing Assets/FPS/Art/Textures/Weapons/Launcher_MetallicSmooth.png using Guid(ee9913929019b1d4894602a3495db2a5) Importer(2089858483,d624ce77472d68a35037170ec1d2d27e) (ScriptedImporter) -> (artifact id: '4c32823803b14496ea77fa585e887b88') in 0.0415077 seconds
Number of updated asset objects reloaded before import = 0Number of asset objects unloaded after import = 1

========================================================================
Received Import Request.
  Time since last request: 0.000019 seconds.
  path: Assets/FPS/Art/Materials/VFX/Dust.mat
  artifactKey: Guid(2d3fb4655ab03304eb074bfde7c94c42) Importer(2089858483,d624ce77472d68a35037170ec1d2d27e)
Start importing Assets/FPS/Art/Materials/VFX/Dust.mat using Guid(2d3fb4655ab03304eb074bfde7c94c42) Importer(2089858483,d624ce77472d68a35037170ec1d2d27e) (ScriptedImporter) -> (artifact id: 'a8b375abaa9e059a9a7b168a8f12a6a8') in 0.0119345 seconds
Number of updated asset objects reloaded before import = 0Number of asset objects unloaded after import = 1

========================================================================
Received Import Request.
  Time since last request: 0.000028 seconds.
  path: Assets/FPS/Prefabs/Level/MainLvl/Section3/Base_Wall.prefab
  artifactKey: Guid(544fe380545febf4997d6a45e7a51642) Importer(2089858483,d624ce77472d68a35037170ec1d2d27e)
Start importing Assets/FPS/Prefabs/Level/MainLvl/Section3/Base_Wall.prefab using Guid(544fe380545febf4997d6a45e7a51642) Importer(2089858483,d624ce77472d68a35037170ec1d2d27e) (ScriptedImporter) -> (artifact id: 'b2d755ec99aed5bb68cbf6d4d5b88717') in 0.0184869 seconds
Number of updated asset objects reloaded before import = 0Number of asset objects unloaded after import = 1304

========================================================================
Received Import Request.
  Time since last request: 0.000020 seconds.
  path: Assets/AddOns/MgFPS_Thunderlight/Thunderlight_VFX/Materials/Boom_01.mat
  artifactKey: Guid(d9ada1b183098864bae40793523a0a37) Importer(2089858483,d624ce77472d68a35037170ec1d2d27e)
Start importing Assets/AddOns/MgFPS_Thunderlight/Thunderlight_VFX/Materials/Boom_01.mat using Guid(d9ada1b183098864bae40793523a0a37) Importer(2089858483,d624ce77472d68a35037170ec1d2d27e) (ScriptedImporter) -> (artifact id: 'f867e04b3c903f157bb8c1f78a5c63ef') in 0.2008365 seconds
Number of updated asset objects reloaded before import = 0Number of asset objects unloaded after import = 2

========================================================================
Received Import Request.
  Time since last request: 0.000015 seconds.
  path: Assets/FPS/Animation/Rigs/Materials/Default_Material.mat
  artifactKey: Guid(583b4bf74e6c449468f55c754a692070) Importer(2089858483,d624ce77472d68a35037170ec1d2d27e)
Start importing Assets/FPS/Animation/Rigs/Materials/Default_Material.mat using Guid(583b4bf74e6c449468f55c754a692070) Importer(2089858483,d624ce77472d68a35037170ec1d2d27e) (ScriptedImporter) -> (artifact id: '9497232c95c1a70610e0e39948eaac83') in 0.0136509 seconds
Number of updated asset objects reloaded before import = 0Number of asset objects unloaded after import = 1

========================================================================
Received Import Request.
  Time since last request: 0.000025 seconds.
  path: Assets/FPS/Prefabs/Level/BaseObjects/Basic_Floor_Mesh.prefab
  artifactKey: Guid(2a86e4ba493cd034cbc2c5713da1a643) Importer(2089858483,d624ce77472d68a35037170ec1d2d27e)
Start importing Assets/FPS/Prefabs/Level/BaseObjects/Basic_Floor_Mesh.prefab using Guid(2a86e4ba493cd034cbc2c5713da1a643) Importer(2089858483,d624ce77472d68a35037170ec1d2d27e) (ScriptedImporter) -> (artifact id: '9637816ed513ebfcc0b6b4817641889a') in 0.0148964 seconds
Number of updated asset objects reloaded before import = 0Number of asset objects unloaded after import = 10

========================================================================
Received Import Request.
  Time since last request: 0.000017 seconds.
  path: Assets/FPS/Art/Textures/Characters/HoverBot_Light__Emission.png
  artifactKey: Guid(3b45b0c0452495e44888d3307bdc92b7) Importer(2089858483,d624ce77472d68a35037170ec1d2d27e)
Start importing Assets/FPS/Art/Textures/Characters/HoverBot_Light__Emission.png using Guid(3b45b0c0452495e44888d3307bdc92b7) Importer(2089858483,d624ce77472d68a35037170ec1d2d27e) (ScriptedImporter) -> (artifact id: '663e5a8adaa883d2911895574984d8cb') in 0.0140481 seconds
Number of updated asset objects reloaded before import = 0Number of asset objects unloaded after import = 1

========================================================================
Received Import Request.
  Time since last request: 0.000015 seconds.
  path: Assets/FPS/Prefabs/Level/MainLvl/Section1/Observatory_Steps.prefab
  artifactKey: Guid(a1d9ebebecbf99e41bf34fcd5b5e9f62) Importer(2089858483,d624ce77472d68a35037170ec1d2d27e)
Start importing Assets/FPS/Prefabs/Level/MainLvl/Section1/Observatory_Steps.prefab using Guid(a1d9ebebecbf99e41bf34fcd5b5e9f62) Importer(2089858483,d624ce77472d68a35037170ec1d2d27e) (ScriptedImporter) -> (artifact id: '87e4ac8fbb644a22770b3fcbe4f36775') in 0.0468267 seconds
Number of updated asset objects reloaded before import = 0Number of asset objects unloaded after import = 466

========================================================================
Received Import Request.
  Time since last request: 0.000017 seconds.
  path: Assets/FPS/Art/Materials/VFX/SmokeAngry.mat
  artifactKey: Guid(c652749532525cf40a10b2c90cd662c4) Importer(2089858483,d624ce77472d68a35037170ec1d2d27e)
Start importing Assets/FPS/Art/Materials/VFX/SmokeAngry.mat using Guid(c652749532525cf40a10b2c90cd662c4) Importer(2089858483,d624ce77472d68a35037170ec1d2d27e) (ScriptedImporter) -> (artifact id: '68c2d3b4ee1418369abb817dc5da780b') in 0.0599378 seconds
Number of updated asset objects reloaded before import = 0Number of asset objects unloaded after import = 4

========================================================================
Received Import Request.
  Time since last request: 0.000028 seconds.
  path: Assets/AddOns/MgFPS_Thunderlight/Thunderlight_VFX/Textures/Magic_Star.png
  artifactKey: Guid(fbdb62a67edfcf1459186b3a19fe1aa2) Importer(2089858483,d624ce77472d68a35037170ec1d2d27e)
Start importing Assets/AddOns/MgFPS_Thunderlight/Thunderlight_VFX/Textures/Magic_Star.png using Guid(fbdb62a67edfcf1459186b3a19fe1aa2) Importer(2089858483,d624ce77472d68a35037170ec1d2d27e) (ScriptedImporter) -> (artifact id: 'd714f92bb5c1a76a528142c1f2205e69') in 0.0636763 seconds
Number of updated asset objects reloaded before import = 0Number of asset objects unloaded after import = 1

========================================================================
Received Import Request.
  Time since last request: 0.000016 seconds.
  path: Assets/FPS/Art/Textures/VFX/ShrapnelTriangle.png
  artifactKey: Guid(2c6ccacfd94205d428be5a7033cefaba) Importer(2089858483,d624ce77472d68a35037170ec1d2d27e)
Start importing Assets/FPS/Art/Textures/VFX/ShrapnelTriangle.png using Guid(2c6ccacfd94205d428be5a7033cefaba) Importer(2089858483,d624ce77472d68a35037170ec1d2d27e) (ScriptedImporter) -> (artifact id: 'b0468411b4838d81e6aad72c899c9547') in 0.0296232 seconds
Number of updated asset objects reloaded before import = 0Number of asset objects unloaded after import = 1

========================================================================
Received Import Request.
  Time since last request: 0.000017 seconds.
  path: Assets/FPS/Prefabs/Level/Floors/Floor_18x18.prefab
  artifactKey: Guid(7042f8fe21debc944b5bdc894f478d63) Importer(2089858483,d624ce77472d68a35037170ec1d2d27e)
Start importing Assets/FPS/Prefabs/Level/Floors/Floor_18x18.prefab using Guid(7042f8fe21debc944b5bdc894f478d63) Importer(2089858483,d624ce77472d68a35037170ec1d2d27e) (ScriptedImporter) -> (artifact id: '43bee9b2d6f35587888e0d4792276983') in 0.0657826 seconds
Number of updated asset objects reloaded before import = 0Number of asset objects unloaded after import = 2361

========================================================================
Received Import Request.
  Time since last request: 0.000030 seconds.
  path: Assets/FPS/Prefabs/Level/Steps/ShortSteps.prefab
  artifactKey: Guid(5a9e1fa835b74524d8b11a37a9900a64) Importer(2089858483,d624ce77472d68a35037170ec1d2d27e)
Start importing Assets/FPS/Prefabs/Level/Steps/ShortSteps.prefab using Guid(5a9e1fa835b74524d8b11a37a9900a64) Importer(2089858483,d624ce77472d68a35037170ec1d2d27e) (ScriptedImporter) -> (artifact id: 'ed1f4379e71650ab4194b966655b4258') in 0.0144076 seconds
Number of updated asset objects reloaded before import = 0Number of asset objects unloaded after import = 48

========================================================================
Received Import Request.
  Time since last request: 0.000016 seconds.
  path: Assets/FPS/Prefabs/Level/Dungeon/Dun_Fork.prefab
  artifactKey: Guid(0a5a49e8197f8d34e90e825e26c9ecb2) Importer(2089858483,d624ce77472d68a35037170ec1d2d27e)
Start importing Assets/FPS/Prefabs/Level/Dungeon/Dun_Fork.prefab using Guid(0a5a49e8197f8d34e90e825e26c9ecb2) Importer(2089858483,d624ce77472d68a35037170ec1d2d27e) (ScriptedImporter) -> (artifact id: 'e8c36e552ae6cad499f89c82ca1d3409') in 0.0159641 seconds
Number of updated asset objects reloaded before import = 0Number of asset objects unloaded after import = 499

========================================================================
Received Import Request.
  Time since last request: 0.000019 seconds.
  path: Assets/FPS/Scripts/Game/Managers/ObjectiveManager.cs
  artifactKey: Guid(5174b5e414847cf4a9dca6e207326c8d) Importer(2089858483,d624ce77472d68a35037170ec1d2d27e)
Start importing Assets/FPS/Scripts/Game/Managers/ObjectiveManager.cs using Guid(5174b5e414847cf4a9dca6e207326c8d) Importer(2089858483,d624ce77472d68a35037170ec1d2d27e) (ScriptedImporter) -> (artifact id: '5ecaf05c743344fa20688a15d7a3b7da') in 0.0546635 seconds
Number of updated asset objects reloaded before import = 0Number of asset objects unloaded after import = 0

========================================================================
Received Import Request.
  Time since last request: 0.000019 seconds.
  path: Assets/FPS/Art/Textures/UI/CloseBtn_Icon.png
  artifactKey: Guid(2883dea87a05ddc4489db71bdbf6a412) Importer(2089858483,d624ce77472d68a35037170ec1d2d27e)
Start importing Assets/FPS/Art/Textures/UI/CloseBtn_Icon.png using Guid(2883dea87a05ddc4489db71bdbf6a412) Importer(2089858483,d624ce77472d68a35037170ec1d2d27e) (ScriptedImporter) -> (artifact id: '60a1a07bd96a8a20edf4ab6236677061') in 0.0169752 seconds
Number of updated asset objects reloaded before import = 0Number of asset objects unloaded after import = 3

========================================================================
Received Import Request.
  Time since last request: 0.000029 seconds.
  path: Assets/FPS/Art/Textures/Characters/HoverBot_Body_AO.png
  artifactKey: Guid(935b24c9a7746c5479f1a8e91571a8ab) Importer(2089858483,d624ce77472d68a35037170ec1d2d27e)
Start importing Assets/FPS/Art/Textures/Characters/HoverBot_Body_AO.png using Guid(935b24c9a7746c5479f1a8e91571a8ab) Importer(2089858483,d624ce77472d68a35037170ec1d2d27e) (ScriptedImporter) -> (artifact id: '377f0334b33db1eee3dad36c6dc65b9e') in 0.0168801 seconds
Number of updated asset objects reloaded before import = 0Number of asset objects unloaded after import = 1

========================================================================
Received Import Request.
  Time since last request: 0.000018 seconds.
  path: Assets/FPS/Art/Materials/Weapons/WeaponShotgun.mat
  artifactKey: Guid(011763291d1bfed4aaaf1719a71df141) Importer(2089858483,d624ce77472d68a35037170ec1d2d27e)
Start importing Assets/FPS/Art/Materials/Weapons/WeaponShotgun.mat using Guid(011763291d1bfed4aaaf1719a71df141) Importer(2089858483,d624ce77472d68a35037170ec1d2d27e) (ScriptedImporter) -> (artifact id: '7009ebd1e7da26b1e7c05ef5b8732e5f') in 0.0189647 seconds
Number of updated asset objects reloaded before import = 0Number of asset objects unloaded after import = 6

========================================================================
Received Import Request.
  Time since last request: 0.000016 seconds.
  path: Assets/FPS/Art/Textures/VFX/HealthPickUp.png
  artifactKey: Guid(1db7d13cbbcf85147a0ec509db6864ac) Importer(2089858483,d624ce77472d68a35037170ec1d2d27e)
Start importing Assets/FPS/Art/Textures/VFX/HealthPickUp.png using Guid(1db7d13cbbcf85147a0ec509db6864ac) Importer(2089858483,d624ce77472d68a35037170ec1d2d27e) (ScriptedImporter) -> (artifact id: '3706f38e1450eb1b31f9491c21898b57') in 0.0150538 seconds
Number of updated asset objects reloaded before import = 0Number of asset objects unloaded after import = 1

========================================================================
Received Import Request.
  Time since last request: 0.000017 seconds.
  path: Assets/FPS/Art/Materials/VFX/Lazer_Blue.mat
  artifactKey: Guid(a7baa8fdcb831b44d87d70b1e6941b39) Importer(2089858483,d624ce77472d68a35037170ec1d2d27e)
Start importing Assets/FPS/Art/Materials/VFX/Lazer_Blue.mat using Guid(a7baa8fdcb831b44d87d70b1e6941b39) Importer(2089858483,d624ce77472d68a35037170ec1d2d27e) (ScriptedImporter) -> (artifact id: '15d02c15a5a629600c3a8796827b6c10') in 0.0123746 seconds
Number of updated asset objects reloaded before import = 0Number of asset objects unloaded after import = 1

========================================================================
Received Import Request.
  Time since last request: 0.000026 seconds.
  path: Assets/FPS/Art/Materials/Weapons/WeaponShotgun_Transparent.mat
  artifactKey: Guid(4427ba4d0feb17e499226c8bdccb35a5) Importer(2089858483,d624ce77472d68a35037170ec1d2d27e)
Start importing Assets/FPS/Art/Materials/Weapons/WeaponShotgun_Transparent.mat using Guid(4427ba4d0feb17e499226c8bdccb35a5) Importer(2089858483,d624ce77472d68a35037170ec1d2d27e) (ScriptedImporter) -> (artifact id: '20d5a31ca6659e8fb5c8603b0614aebf') in 0.0163088 seconds
Number of updated asset objects reloaded before import = 0Number of asset objects unloaded after import = 6

========================================================================
Received Import Request.
  Time since last request: 0.000021 seconds.
  path: Assets/FPS/Audio/SFX/Pickups/Pickup_Weapon_Medium.wav
  artifactKey: Guid(6f3e0904bbbace745bdef08cdbcdfec0) Importer(2089858483,d624ce77472d68a35037170ec1d2d27e)
Start importing Assets/FPS/Audio/SFX/Pickups/Pickup_Weapon_Medium.wav using Guid(6f3e0904bbbace745bdef08cdbcdfec0) Importer(2089858483,d624ce77472d68a35037170ec1d2d27e) (ScriptedImporter) -> (artifact id: '70da3b7c0aba4c2754901a8c888fb393') in 0.0398757 seconds
Number of updated asset objects reloaded before import = 0Number of asset objects unloaded after import = 1

Editor requested this worker to shutdown with reason: Scaling down because of idle timeout
AssetImportWorker is now disconnected from the server
Process exiting
Exiting without the bug reporter. Application will terminate with return code 0