[Licensing::Module] Trying to connect to existing licensing client channel...
Built from '6000.3/staging' branch; Version is '6000.3.8f1 (1c7db571dde0) revision 1867189'; Using compiler version '194234433'; Build Type 'Release'
[Licensing::IpcConnector] Successfully connected to: "LicenseClient-nigel.morris" at "2026-06-19T10:28:17.2157153Z"
OS: 'Windows 11  (10.0.26100) Education' Language: 'en' Physical Memory: 65129 MB
BatchMode: 1, IsHumanControllingUs: 0, StartBugReporterOnCrash: 0, Is64bit: 1
System  architecture: x64
Process architecture: x64
Date: 2026-06-19T10:28:17Z

COMMAND LINE ARGUMENTS:
C:\Program Files\Unity\Hub\Editor\6000.3.8f1\Editor\Unity.exe
-adb2
-batchMode
-noUpm
-name
AssetImportWorker2
-projectPath
C:/Users/nigel.morris/OneDrive - eastsussexcollegegroup/Documents/GitHub/FPS-Microgame-2025
-logFile
Logs/AssetImportWorker2.log
-srvPort
60591
-licensingIpc
LicenseClient-nigel.morris
-job-worker-count
11
-background-job-worker-count
8
-gc-helper-count
1
-name
AssetImport
Successfully changed project path to: C:/Users/nigel.morris/OneDrive - eastsussexcollegegroup/Documents/GitHub/FPS-Microgame-2025
C:/Users/nigel.morris/OneDrive - eastsussexcollegegroup/Documents/GitHub/FPS-Microgame-2025
[UnityMemory] Configuration Parameters - Can be set up in boot.config
    "memorysetup-temp-allocator-size-nav-mesh-worker=65536"
    "memorysetup-temp-allocator-size-audio-worker=65536"
    "memorysetup-temp-allocator-size-gfx=262144"
    "memorysetup-allocator-temp-initial-block-size-main=262144"
    "memorysetup-allocator-temp-initial-block-size-worker=262144"
    "memorysetup-temp-allocator-size-background-worker=32768"
    "memorysetup-temp-allocator-size-job-worker=262144"
    "memorysetup-temp-allocator-size-preload-manager=33554432"
    "memorysetup-temp-allocator-size-gi-baking-worker=262144"
    "memorysetup-temp-allocator-size-gi-baking-worker=262144"
    "memorysetup-temp-allocator-size-gi-baking-worker=262144"
    "memorysetup-temp-allocator-size-gi-baking-worker=262144"
    "memorysetup-temp-allocator-size-gi-baking-worker=262144"
    "memorysetup-bucket-allocator-granularity=16"
    "memorysetup-bucket-allocator-bucket-count=8"
    "memorysetup-bucket-allocator-block-size=33554432"
    "memorysetup-bucket-allocator-block-count=8"
    "memorysetup-main-allocator-block-size=16777216"
    "memorysetup-thread-allocator-block-size=16777216"
    "memorysetup-gfx-main-allocator-block-size=16777216"
    "memorysetup-gfx-thread-allocator-block-size=16777216"
    "memorysetup-cache-allocator-block-size=4194304"
    "memorysetup-typetree-allocator-block-size=2097152"
    "memorysetup-profiler-bucket-allocator-granularity=16"
    "memorysetup-profiler-bucket-allocator-bucket-count=8"
    "memorysetup-profiler-bucket-allocator-block-size=33554432"
    "memorysetup-profiler-bucket-allocator-block-count=8"
    "memorysetup-profiler-allocator-block-size=16777216"
    "memorysetup-profiler-editor-allocator-block-size=1048576"
    "memorysetup-temp-allocator-size-main=16777216"
    "memorysetup-job-temp-allocator-block-size=2097152"
    "memorysetup-job-temp-allocator-block-size-background=1048576"
    "memorysetup-job-temp-allocator-reduction-small-platforms=262144"
    "memorysetup-temp-allocator-size-cloud-worker=32768"
Player connection [19760]  Target information:

Player connection [19760]  * "[IP] 172.27.185.99 [Port] 0 [Flags] 2 [Guid] 2975674944 [EditorId] 2975674944 [Version] 1048832 [Id] WindowsEditor(7,L-CB346-16422T) [Debug] 1 [PackageName] WindowsEditor [ProjectName] Editor" 

Player connection [19760] Host joined multi-casting on [225.0.0.222:54997]...
Player connection [19760] Host joined alternative multi-casting on [225.0.0.222:34997]...
JobSystem: Creating JobQueue using job-worker-count value 11
Input System module state changed to: Initialized.
[Physics::Module] Initialized fallback backend.
[Physics::Module] Id: 0xdecafbad
Library Redirect Path: Library/
[Physics::Module] Selected backend.
[Physics::Module] Name: PhysX
[Physics::Module] Id: 0xf2b8ea05
[Physics::Module] SDK Version: 4.1.2
[Physics::Module] Integration Version: 1.0.0
[Physics::Module] Threading Mode: Multi-Threaded
Refreshing native plugins compatible for Editor in 1.75 ms, found 2 plugins.
Preloading 0 native plugins for Editor in 0.00 ms.
Initialize engine version: 6000.3.8f1 (1c7db571dde0)
[Subsystems] Discovering subsystems at path C:/Program Files/Unity/Hub/Editor/6000.3.8f1/Editor/Data/Resources/UnitySubsystems
[Subsystems] Discovering subsystems at path C:/Users/nigel.morris/OneDrive - eastsussexcollegegroup/Documents/GitHub/FPS-Microgame-2025/Assets
GfxDevice: creating device client; kGfxThreadingModeNonThreaded
Direct3D:
    Version:  Direct3D 11.0 [level 11.1]
    Renderer: NVIDIA GeForce RTX 4090 (ID=0x2684)
    Vendor:   NVIDIA
    VRAM:     24138 MB
    Driver:   32.0.15.9597
Initialize mono
Mono path[0] = 'C:/Program Files/Unity/Hub/Editor/6000.3.8f1/Editor/Data/Managed'
Mono path[1] = 'C:/Program Files/Unity/Hub/Editor/6000.3.8f1/Editor/Data/MonoBleedingEdge/lib/mono/unityjit-win32'
Mono config path = 'C:/Program Files/Unity/Hub/Editor/6000.3.8f1/Editor/Data/MonoBleedingEdge/etc'
Using monoOptions --debugger-agent=transport=dt_socket,embedding=1,server=y,suspend=n,address=127.0.0.1:56240
Begin MonoManager ReloadAssembly
Registering precompiled unity dll's ...
Register platform support module: C:/Program Files/Unity/Hub/Editor/6000.3.8f1/Editor/Data/PlaybackEngines/WebGLSupport/UnityEditor.WebGL.Extensions.dll
Register platform support module: C:/Program Files/Unity/Hub/Editor/6000.3.8f1/Editor/Data/PlaybackEngines/MacStandaloneSupport/UnityEditor.OSXStandalone.Extensions.dll
Register platform support module: C:/Program Files/Unity/Hub/Editor/6000.3.8f1/Editor/Data/PlaybackEngines/WindowsStandaloneSupport/UnityEditor.WindowsStandalone.Extensions.dll
[Licensing::Module] Licensing is not yet initialized.
[Licensing::Client] Handshaking with LicensingClient:
  Version:                 1.17.4+4293ba1
  Session Id:              0f3d73130a1e4ae296c58c15cc8b5d51
  Correlation Id:          dc980e05017fa1495aec9c92f4574af5
  External correlation Id: 4830579563545360042
  Machine Id:              MDg+barcQ7c7z6KV2Ua+xBe39l8=
[Licensing::Module] Successfully connected to LicensingClient on channel: "LicenseClient-nigel.morris" (connect: 0.00s, validation: 0.00s, handshake: 1.25s)
[Licensing::IpcConnector] Successfully connected to: "LicenseClient-nigel.morris-notifications" at "2026-06-19T10:28:18.4645324Z"
[Licensing::Module] Licensing Background thread has ended after 1.25s
[Licensing::Module] Licensing is initialized (took 0.35s).
[Licensing::Client] Successfully resolved entitlement details
[Licensing::Module] License group:
  Id: E4-5EVD-TUDB-EX42-UW92-XXXX
  Product: Unity Education
  Type: ULF
  Expiration: 2026-11-08T22:20:47Z
Register platform support module: C:/Program Files/Unity/Hub/Editor/6000.3.8f1/Editor/Data/PlaybackEngines/MetroSupport/UnityEditor.UWP.Extensions.dll
[Licensing::Client] Successfully resolved entitlement details
Register platform support module: C:/Program Files/Unity/Hub/Editor/6000.3.8f1/Editor/Data/PlaybackEngines/AndroidPlayer/UnityEditor.Android.Extensions.dll
[Licensing::Client] Successfully resolved entitlement details
Register platform support module: C:/Program Files/Unity/Hub/Editor/6000.3.8f1/Editor/Data/PlaybackEngines/iOSSupport/UnityEditor.iOS.Extensions.dll
Register platform support module: C:/Program Files/Unity/Hub/Editor/6000.3.8f1/Editor/Data/PlaybackEngines/AppleTVSupport/UnityEditor.AppleTV.Extensions.dll
Register platform support module: C:/Program Files/Unity/Hub/Editor/6000.3.8f1/Editor/Data/PlaybackEngines/LinuxStandaloneSupport/UnityEditor.LinuxStandalone.Extensions.dll
Registered in 0.363092 seconds.
- Loaded All Assemblies, in  0.767 seconds
Native extension for LinuxStandalone target not found
[usbmuxd] Start listen thread
[usbmuxd] Listen thread started
Native extension for AppleTV target not found
[usbmuxd] Start listen thread
[usbmuxd] Listen thread started
Native extension for iOS target not found
Native extension for Android target not found
CommandWithNoStdoutInvokationFailure: Unable to start ADB server. Please make sure the Android SDK is installed and is properly configured in the Editor. See the Console for more details.
  at UnityEditor.Android.Command.RunWithShellExecute (System.String command, System.String args, System.String workingdir, System.String errorMsg) [0x0005a] in /home/bokken/build/output/unity/unity/PlatformDependent/AndroidPlayer/Editor/Managed/Android/Command.cs:148 
  at UnityEditor.Android.ADB.StartServer () [0x00008] in /home/bokken/build/output/unity/unity/PlatformDependent/AndroidPlayer/Editor/Managed/Android/ADB.cs:193 
  at UnityEditor.Android.ADB.Run (System.String[] command, UnityEditor.Android.Command+WaitingForProcessToExit waitingForProcessToExit, System.String errorMsg) [0x0000b] in /home/bokken/build/output/unity/unity/PlatformDependent/AndroidPlayer/Editor/Managed/Android/ADB.cs:231 
  at UnityEditor.Android.AndroidDeploymentTargetsExtension.GetKnownTargets (UnityEditor.DeploymentTargets.IDeploymentTargetsMainThreadContext context, UnityEditor.ProgressHandler progressHandler) [0x0029d] in /home/bokken/build/output/unity/unity/PlatformDependent/AndroidPlayer/Editor/Managed/DeploymentTargets/AndroidDeploymentTargetsExtension.cs:393 
  at UnityEditor.Android.TargetScanWorker.ScanSync () [0x00049] in /home/bokken/build/output/unity/unity/PlatformDependent/AndroidPlayer/Editor/Managed/TargetScanWorker.cs:164 
  at UnityEditor.Android.TargetExtension.OnUsbDevicesChanged (UnityEditor.Hardware.UsbDevice[] usbDevices) [0x00087] in /home/bokken/build/output/unity/unity/PlatformDependent/AndroidPlayer/Editor/Managed/ExtensionModule.cs:114 
  at UnityEditor.Android.TargetExtension.OnLoad () [0x000af] in /home/bokken/build/output/unity/unity/PlatformDependent/AndroidPlayer/Editor/Managed/ExtensionModule.cs:75 
  at UnityEditor.Modules.ModuleManager.InitializePlatformSupportModules () [0x000ba] in <6dd00658fb454e6fb4c06a416ab8eaa1>:0 
UnityEngine.DebugLogHandler:Internal_LogException_Injected(Exception, IntPtr)
UnityEngine.DebugLogHandler:Internal_LogException(Exception, Object)
UnityEngine.DebugLogHandler:LogException(Exception, Object)
UnityEngine.Logger:LogException(Exception, Object)
UnityEngine.Debug:LogException(Exception)
UnityEditor.Modules.ModuleManager:InitializePlatformSupportModules()

(Filename: /home/bokken/build/output/unity/unity/PlatformDependent/AndroidPlayer/Editor/Managed/Android/Command.cs Line: 148)

Native extension for UWP target not found
Native extension for WindowsStandalone target not found
Native extension for OSXStandalone target not found
Native extension for WebGL target not found
Package Manager log level set to [2]
[Package Manager] Failed to launch server process. Reason: Unity was launched with the -noUpm command-line argument
[Package Manager] Unable to send message (not connected to server process).
[Package Manager] Cannot connect to Unity Package Manager local server
ScheduleIndexationOnStartup MainProcess:False IndexOnStartup:True
Mono: successfully reloaded assembly
- Finished resetting the current domain, in  4.250 seconds
Domain Reload Profiling: 5011ms
	BeginReloadAssembly (143ms)
		ExecutionOrderSort (0ms)
		DisableScriptedObjects (0ms)
		BackupInstance (0ms)
		ReleaseScriptingObjects (0ms)
		CreateAndSetChildDomain (1ms)
	RebuildCommonClasses (43ms)
	RebuildNativeTypeToScriptingClass (15ms)
	initialDomainReloadingComplete (406ms)
	LoadAllAssembliesAndSetupDomain (154ms)
		LoadAssemblies (139ms)
		RebuildTransferFunctionScriptingTraits (0ms)
		AnalyzeDomain (149ms)
			TypeCache.Refresh (147ms)
				TypeCache.ScanAssembly (135ms)
			BuildScriptInfoCaches (0ms)
			ResolveRequiredComponents (0ms)
	FinalizeReload (4250ms)
		ReleaseScriptCaches (0ms)
		RebuildScriptCaches (0ms)
		SetupLoadedEditorAssemblies (4217ms)
			LogAssemblyErrors (0ms)
			InitializePlatformSupportModulesInManaged (3904ms)
			SetLoadedEditorAssemblies (4ms)
			BeforeProcessingInitializeOnLoad (91ms)
			ProcessInitializeOnLoadAttributes (161ms)
			ProcessInitializeOnLoadMethodAttributes (56ms)
			AfterProcessingInitializeOnLoad (0ms)
			EditorAssembliesLoaded (0ms)
		ExecutionOrderSort2 (0ms)
		AwakeInstancesAfterBackupRestoration (0ms)
========================================================================
Worker process is ready to serve import requests
Import Worker Mode flag is 0x00
Begin MonoManager ReloadAssembly
[Licensing::Client] Successfully resolved entitlement details
- Loaded All Assemblies, in  1.017 seconds
Refreshing native plugins compatible for Editor in 1.20 ms, found 2 plugins.
Native extension for LinuxStandalone target not found
Native extension for AppleTV target not found
Native extension for iOS target not found
Native extension for Android target not found
Native extension for UWP target not found
Native extension for WindowsStandalone target not found
Native extension for OSXStandalone target not found
Native extension for WebGL target not found
[Package Manager] Failed to launch server process. Reason: Unity was launched with the -noUpm command-line argument
[Package Manager] Unable to send message (not connected to server process).
[Package Manager] Cannot connect to Unity Package Manager local server
[MODES] ModeService[none].Initialize
[MODES] ModeService[none].LoadModes
[MODES] Loading mode Default (0) for mode-current-id-fps
ScheduleIndexationOnStartup MainProcess:False IndexOnStartup:True
Mono: successfully reloaded assembly
- Finished resetting the current domain, in  0.900 seconds
Domain Reload Profiling: 1906ms
	BeginReloadAssembly (215ms)
		ExecutionOrderSort (0ms)
		DisableScriptedObjects (8ms)
		BackupInstance (0ms)
		ReleaseScriptingObjects (0ms)
		CreateAndSetChildDomain (44ms)
	RebuildCommonClasses (32ms)
	RebuildNativeTypeToScriptingClass (13ms)
	initialDomainReloadingComplete (43ms)
	LoadAllAssembliesAndSetupDomain (701ms)
		LoadAssemblies (484ms)
		RebuildTransferFunctionScriptingTraits (0ms)
		AnalyzeDomain (330ms)
			TypeCache.Refresh (237ms)
				TypeCache.ScanAssembly (220ms)
			BuildScriptInfoCaches (79ms)
			ResolveRequiredComponents (10ms)
	FinalizeReload (900ms)
		ReleaseScriptCaches (0ms)
		RebuildScriptCaches (0ms)
		SetupLoadedEditorAssemblies (665ms)
			LogAssemblyErrors (0ms)
			InitializePlatformSupportModulesInManaged (30ms)
			SetLoadedEditorAssemblies (5ms)
			BeforeProcessingInitializeOnLoad (184ms)
			ProcessInitializeOnLoadAttributes (330ms)
			ProcessInitializeOnLoadMethodAttributes (104ms)
			AfterProcessingInitializeOnLoad (13ms)
			EditorAssembliesLoaded (0ms)
		ExecutionOrderSort2 (0ms)
		AwakeInstancesAfterBackupRestoration (8ms)
Launched and connected shader compiler UnityShaderCompiler.exe after 0.02 seconds
Refreshing native plugins compatible for Editor in 1.35 ms, found 2 plugins.
Preloading 0 native plugins for Editor in 0.00 ms.
Unloading 17 Unused Serialized files (Serialized files now loaded: 0)
Unloading 5371 unused Assets / (3.7 MB). Loaded Objects now: 6216.
Memory consumption went from 145.6 MB to 141.9 MB.
Total: 10.415900 ms (FindLiveObjects: 0.688500 ms CreateObjectMapping: 0.235600 ms MarkObjects: 7.148000 ms  DeleteObjects: 2.342200 ms)

========================================================================
Received Import Request.
  Time since last request: 165333.315411 seconds.
  path: Assets/FPS/Third-PartyNotice.txt
  artifactKey: Guid(cb83e91a00d95f74e8cbb29c4f6cdfed) Importer(2089858483,d624ce77472d68a35037170ec1d2d27e)
Start importing Assets/FPS/Third-PartyNotice.txt using Guid(cb83e91a00d95f74e8cbb29c4f6cdfed) Importer(2089858483,d624ce77472d68a35037170ec1d2d27e) (ScriptedImporter) -> (artifact id: '97b048a6ccac9bc8495c14dce518b1ca') in 0.0540776 seconds
Number of updated asset objects reloaded before import = 0Number of asset objects unloaded after import = 1

========================================================================
Received Import Request.
  Time since last request: 0.000018 seconds.
  path: Assets/ModAssets/Fonts/Bangers-Regular SDF.asset
  artifactKey: Guid(0e141b3397d234c8685509c5d77ebcf1) Importer(2089858483,d624ce77472d68a35037170ec1d2d27e)
Start importing Assets/ModAssets/Fonts/Bangers-Regular SDF.asset using Guid(0e141b3397d234c8685509c5d77ebcf1) Importer(2089858483,d624ce77472d68a35037170ec1d2d27e) (ScriptedImporter) -> (artifact id: 'ff008b01c601fb4f4f75f6c57288930d') in 0.0854087 seconds
Number of updated asset objects reloaded before import = 0Number of asset objects unloaded after import = 3

========================================================================
Received Import Request.
  Time since last request: 0.000020 seconds.
  path: Assets/FPS/Scenes/SecondaryScene.unity
  artifactKey: Guid(3c58194ff7563b54f96d65cb483cc096) Importer(2089858483,d624ce77472d68a35037170ec1d2d27e)
Start importing Assets/FPS/Scenes/SecondaryScene.unity using Guid(3c58194ff7563b54f96d65cb483cc096) Importer(2089858483,d624ce77472d68a35037170ec1d2d27e) (ScriptedImporter) -> (artifact id: '7f5591c0032e2d50ab278b439812b677') in 0.0442666 seconds
Number of updated asset objects reloaded before import = 0Number of asset objects unloaded after import = 1

========================================================================
Received Import Request.
  Time since last request: 0.000024 seconds.
  path: Assets/ModAssets/Textures/billboard_2D_basic.png
  artifactKey: Guid(6448011b459a14b05969ad3bf1a44890) Importer(2089858483,d624ce77472d68a35037170ec1d2d27e)
Start importing Assets/ModAssets/Textures/billboard_2D_basic.png using Guid(6448011b459a14b05969ad3bf1a44890) Importer(2089858483,d624ce77472d68a35037170ec1d2d27e) (ScriptedImporter) -> (artifact id: 'ade25d91179e94513d1ba1173e880dfc') in 0.049703 seconds
Number of updated asset objects reloaded before import = 0Number of asset objects unloaded after import = 3

========================================================================
Received Import Request.
  Time since last request: 0.000019 seconds.
  path: Assets/AddOns/MgFPS_Thunderlight/Projectile_Thunderlight.prefab
  artifactKey: Guid(3759afd112119c742952e4870f6a5dcf) Importer(2089858483,d624ce77472d68a35037170ec1d2d27e)
Start importing Assets/AddOns/MgFPS_Thunderlight/Projectile_Thunderlight.prefab using Guid(3759afd112119c742952e4870f6a5dcf) Importer(2089858483,d624ce77472d68a35037170ec1d2d27e) (ScriptedImporter) -> (artifact id: 'f1ca78eba9d54a3544073c5eeacd000a') in 0.0433632 seconds
Number of updated asset objects reloaded before import = 0Number of asset objects unloaded after import = 50

========================================================================
Received Import Request.
  Time since last request: 0.000023 seconds.
  path: Assets/Settings/Very Low_PipelineAsset.asset
  artifactKey: Guid(cc4e6aefd2cea419a97ff735d43ebbd3) Importer(2089858483,d624ce77472d68a35037170ec1d2d27e)
Start importing Assets/Settings/Very Low_PipelineAsset.asset using Guid(cc4e6aefd2cea419a97ff735d43ebbd3) Importer(2089858483,d624ce77472d68a35037170ec1d2d27e) (ScriptedImporter) -> (artifact id: '048459ae12d0275a3bd1e7413db387d9') in 0.0517209 seconds
Number of updated asset objects reloaded before import = 0Number of asset objects unloaded after import = 2

========================================================================
Received Import Request.
  Time since last request: 0.000026 seconds.
  path: Assets/AddOns/MgFPS_Boomshot/Pickup_Boomshot.prefab
  artifactKey: Guid(5ddffcce15cd25040a328fd2463d95b0) Importer(2089858483,d624ce77472d68a35037170ec1d2d27e)
Start importing Assets/AddOns/MgFPS_Boomshot/Pickup_Boomshot.prefab using Guid(5ddffcce15cd25040a328fd2463d95b0) Importer(2089858483,d624ce77472d68a35037170ec1d2d27e) (ScriptedImporter) -> (artifact id: '3097f7687b745f2b96af2d08610c6f29') in 0.0534667 seconds
Number of updated asset objects reloaded before import = 0Number of asset objects unloaded after import = 212

========================================================================
Received Import Request.
  Time since last request: 0.000015 seconds.
  path: Assets/Settings/Low_PipelineAsset_ForwardRenderer.asset
  artifactKey: Guid(0166c78d9e0ca4b7ba317c66dbed89b1) Importer(2089858483,d624ce77472d68a35037170ec1d2d27e)
Start importing Assets/Settings/Low_PipelineAsset_ForwardRenderer.asset using Guid(0166c78d9e0ca4b7ba317c66dbed89b1) Importer(2089858483,d624ce77472d68a35037170ec1d2d27e) (ScriptedImporter) -> (artifact id: '57ba57c2099ef1644ab443e50c0c8d23') in 0.0322472 seconds
Number of updated asset objects reloaded before import = 0Number of asset objects unloaded after import = 1

========================================================================
Received Import Request.
  Time since last request: 0.000023 seconds.
  path: Assets/AddOns/Mg3D_Hats/Hats_ReadMe.txt
  artifactKey: Guid(edcef2becd66da14b8327d27fbb721c4) Importer(2089858483,d624ce77472d68a35037170ec1d2d27e)
Start importing Assets/AddOns/Mg3D_Hats/Hats_ReadMe.txt using Guid(edcef2becd66da14b8327d27fbb721c4) Importer(2089858483,d624ce77472d68a35037170ec1d2d27e) (ScriptedImporter) -> (artifact id: '4c85a0c5eeeefec3372f0d6a9920d9ed') in 0.0127334 seconds
Number of updated asset objects reloaded before import = 0Number of asset objects unloaded after import = 1

========================================================================
Received Import Request.
  Time since last request: 0.000028 seconds.
  path: Assets/TextMesh Pro/Shaders/TMP_SDF-Mobile-2-Pass.shader
  artifactKey: Guid(0178fcb869bafef4690d177d31d17db8) Importer(2089858483,d624ce77472d68a35037170ec1d2d27e)
Start importing Assets/TextMesh Pro/Shaders/TMP_SDF-Mobile-2-Pass.shader using Guid(0178fcb869bafef4690d177d31d17db8) Importer(2089858483,d624ce77472d68a35037170ec1d2d27e) (ScriptedImporter) -> (artifact id: '0f326bc17a619cc5f95a8e5ddd5cf5bb') in 0.0178559 seconds
Number of updated asset objects reloaded before import = 0Number of asset objects unloaded after import = 1

========================================================================
Received Import Request.
  Time since last request: 0.000017 seconds.
  path: Assets/NavMeshComponents/Editor/NavMeshComponentsGUIUtility.cs
  artifactKey: Guid(cd87d77a7e9dee24bbb6eaf7b8ac12da) Importer(2089858483,d624ce77472d68a35037170ec1d2d27e)
Start importing Assets/NavMeshComponents/Editor/NavMeshComponentsGUIUtility.cs using Guid(cd87d77a7e9dee24bbb6eaf7b8ac12da) Importer(2089858483,d624ce77472d68a35037170ec1d2d27e) (ScriptedImporter) -> (artifact id: '5d7a538ed3ce49b29c080a898ed0a169') in 0.0126598 seconds
Number of updated asset objects reloaded before import = 0Number of asset objects unloaded after import = 0

========================================================================
Received Import Request.
  Time since last request: 0.000016 seconds.
  path: Assets/AddOns/Mg3D_Animated_Sci-fi/AnimationControllers/Generator_A_Set_AnimController.controller
  artifactKey: Guid(0a68e195ba9fb844dba46c92681026c1) Importer(2089858483,d624ce77472d68a35037170ec1d2d27e)
Start importing Assets/AddOns/Mg3D_Animated_Sci-fi/AnimationControllers/Generator_A_Set_AnimController.controller using Guid(0a68e195ba9fb844dba46c92681026c1) Importer(2089858483,d624ce77472d68a35037170ec1d2d27e) (ScriptedImporter) -> (artifact id: 'fdede1671ce599be217e637a092e4ef4') in 0.0210036 seconds
Number of updated asset objects reloaded before import = 0Number of asset objects unloaded after import = 4

========================================================================
Received Import Request.
  Time since last request: 0.000023 seconds.
  path: Assets/AddOns/Mg3D_Animated_Sci-fi/Animations/Generator_A_Set_FanSpin.anim
  artifactKey: Guid(295a7ce5b33df014887efe252a4e9f8e) Importer(2089858483,d624ce77472d68a35037170ec1d2d27e)
Start importing Assets/AddOns/Mg3D_Animated_Sci-fi/Animations/Generator_A_Set_FanSpin.anim using Guid(295a7ce5b33df014887efe252a4e9f8e) Importer(2089858483,d624ce77472d68a35037170ec1d2d27e) (ScriptedImporter) -> (artifact id: '4b0f11df557ca9bbfe7ab2074bc08d1a') in 0.0168521 seconds
Number of updated asset objects reloaded before import = 0Number of asset objects unloaded after import = 1

========================================================================
Received Import Request.
  Time since last request: 0.000028 seconds.
  path: Assets/AddOns/MgFPS_Molt/Weapon_Molt.prefab
  artifactKey: Guid(d6a1befbed563f04f892fc096959b96c) Importer(2089858483,d624ce77472d68a35037170ec1d2d27e)
Start importing Assets/AddOns/MgFPS_Molt/Weapon_Molt.prefab using Guid(d6a1befbed563f04f892fc096959b96c) Importer(2089858483,d624ce77472d68a35037170ec1d2d27e) (ScriptedImporter) -> (artifact id: '8c842e8cc06ae2f3fd6d607ec288e64d') in 0.0728667 seconds
Number of updated asset objects reloaded before import = 0Number of asset objects unloaded after import = 124

========================================================================
Received Import Request.
  Time since last request: 0.000015 seconds.
  path: Assets/Rendering/Default_PipelineAsset_ForwardRenderer.asset
  artifactKey: Guid(9eefc9ccb0f23b144b1bc6ca082c65d8) Importer(2089858483,d624ce77472d68a35037170ec1d2d27e)
Start importing Assets/Rendering/Default_PipelineAsset_ForwardRenderer.asset using Guid(9eefc9ccb0f23b144b1bc6ca082c65d8) Importer(2089858483,d624ce77472d68a35037170ec1d2d27e) (ScriptedImporter) -> (artifact id: 'd5604eb8ce7b710796e24783d1abe805') in 0.0154332 seconds
Number of updated asset objects reloaded before import = 0Number of asset objects unloaded after import = 1

========================================================================
Received Import Request.
  Time since last request: 0.000025 seconds.
  path: Assets/TextMesh Pro/Shaders/TMP_SDF-URP Unlit.shadergraph
  artifactKey: Guid(124c112a6e8f1a54e8b0870e881b56d8) Importer(2089858483,d624ce77472d68a35037170ec1d2d27e)
Start importing Assets/TextMesh Pro/Shaders/TMP_SDF-URP Unlit.shadergraph using Guid(124c112a6e8f1a54e8b0870e881b56d8) Importer(2089858483,d624ce77472d68a35037170ec1d2d27e) (ScriptedImporter) -> (artifact id: '80b39ead68b12f0479468d9581998a45') in 0.0344093 seconds
Number of updated asset objects reloaded before import = 0Number of asset objects unloaded after import = 4

========================================================================
Received Import Request.
  Time since last request: 0.000030 seconds.
  path: Assets/TextMesh Pro/Sprites/EmojiOne Attribution.txt
  artifactKey: Guid(381dcb09d5029d14897e55f98031fca5) Importer(2089858483,d624ce77472d68a35037170ec1d2d27e)
Start importing Assets/TextMesh Pro/Sprites/EmojiOne Attribution.txt using Guid(381dcb09d5029d14897e55f98031fca5) Importer(2089858483,d624ce77472d68a35037170ec1d2d27e) (ScriptedImporter) -> (artifact id: '6bd52c66de6cfae58fbbe11975eab6cc') in 0.0135174 seconds
Number of updated asset objects reloaded before import = 0Number of asset objects unloaded after import = 1

========================================================================
Received Import Request.
  Time since last request: 0.000020 seconds.
  path: Assets/TextMesh Pro/Shaders/TMP_SDF SSD.shader
  artifactKey: Guid(14eb328de4b8eb245bb7cea29e4ac00b) Importer(2089858483,d624ce77472d68a35037170ec1d2d27e)
Start importing Assets/TextMesh Pro/Shaders/TMP_SDF SSD.shader using Guid(14eb328de4b8eb245bb7cea29e4ac00b) Importer(2089858483,d624ce77472d68a35037170ec1d2d27e) (ScriptedImporter) -> (artifact id: 'a681b67a8c7d56885fdf904675973c58') in 0.0125674 seconds
Number of updated asset objects reloaded before import = 0Number of asset objects unloaded after import = 1

========================================================================
Received Import Request.
  Time since last request: 0.000019 seconds.
  path: Assets/AddOns/Mg3D_Animated_Sci-fi/Materials/Gray32.mat
  artifactKey: Guid(7f4717161a980154b818d122807f9f0c) Importer(2089858483,d624ce77472d68a35037170ec1d2d27e)
Start importing Assets/AddOns/Mg3D_Animated_Sci-fi/Materials/Gray32.mat using Guid(7f4717161a980154b818d122807f9f0c) Importer(2089858483,d624ce77472d68a35037170ec1d2d27e) (ScriptedImporter) -> (artifact id: '49583e7b72ab2c0f1e6dd62b31764ec9') in 0.0204338 seconds
Number of updated asset objects reloaded before import = 0Number of asset objects unloaded after import = 1

========================================================================
Received Import Request.
  Time since last request: 0.000014 seconds.
  path: Assets/NavMeshComponents/Scripts/NavMeshModifier.cs
  artifactKey: Guid(90068f5c8ba86d3499874221895df26b) Importer(2089858483,d624ce77472d68a35037170ec1d2d27e)
Start importing Assets/NavMeshComponents/Scripts/NavMeshModifier.cs using Guid(90068f5c8ba86d3499874221895df26b) Importer(2089858483,d624ce77472d68a35037170ec1d2d27e) (ScriptedImporter) -> (artifact id: '8aaa510cc8c0faffda25295e6ebc21dc') in 0.0141962 seconds
Number of updated asset objects reloaded before import = 0Number of asset objects unloaded after import = 1

========================================================================
Received Import Request.
  Time since last request: 0.000027 seconds.
  path: Assets/AddOns/MgFPS_Haku/Haku_Projectile.prefab
  artifactKey: Guid(7477f4a55b713404babac205850c0328) Importer(2089858483,d624ce77472d68a35037170ec1d2d27e)
Start importing Assets/AddOns/MgFPS_Haku/Haku_Projectile.prefab using Guid(7477f4a55b713404babac205850c0328) Importer(2089858483,d624ce77472d68a35037170ec1d2d27e) (ScriptedImporter) -> (artifact id: 'ee3f1eefdb996aca7f7a69672024a13e') in 0.0350149 seconds
Number of updated asset objects reloaded before import = 0Number of asset objects unloaded after import = 20

========================================================================
Received Import Request.
  Time since last request: 0.000015 seconds.
  path: Assets/Settings/Medium_PipelineAsset.asset
  artifactKey: Guid(c95b0aad2ddc54f0ca66034e4da0fe76) Importer(2089858483,d624ce77472d68a35037170ec1d2d27e)
Start importing Assets/Settings/Medium_PipelineAsset.asset using Guid(c95b0aad2ddc54f0ca66034e4da0fe76) Importer(2089858483,d624ce77472d68a35037170ec1d2d27e) (ScriptedImporter) -> (artifact id: 'b49efd67b4e0b410d4b231b47df127ec') in 0.017789 seconds
Number of updated asset objects reloaded before import = 0Number of asset objects unloaded after import = 2

========================================================================
Received Import Request.
  Time since last request: 0.000020 seconds.
  path: Assets/FPS/Tutorials/TutorialHeader.png
  artifactKey: Guid(5384282a0273144fa9333beb77183cb4) Importer(2089858483,d624ce77472d68a35037170ec1d2d27e)
Start importing Assets/FPS/Tutorials/TutorialHeader.png using Guid(5384282a0273144fa9333beb77183cb4) Importer(2089858483,d624ce77472d68a35037170ec1d2d27e) (ScriptedImporter) -> (artifact id: '34e21fb1d7ab8525839e3776cb221e5d') in 0.0174429 seconds
Number of updated asset objects reloaded before import = 0Number of asset objects unloaded after import = 1

========================================================================
Received Import Request.
  Time since last request: 0.000028 seconds.
  path: Assets/FPS/Scenes/WinScene.unity
  artifactKey: Guid(037d06fbede2b4041a843d9ee6fe750c) Importer(2089858483,d624ce77472d68a35037170ec1d2d27e)
Start importing Assets/FPS/Scenes/WinScene.unity using Guid(037d06fbede2b4041a843d9ee6fe750c) Importer(2089858483,d624ce77472d68a35037170ec1d2d27e) (ScriptedImporter) -> (artifact id: 'ba2ba06ca0169ce94b3b2cc1dc9b868f') in 0.013715 seconds
Number of updated asset objects reloaded before import = 0Number of asset objects unloaded after import = 1

========================================================================
Received Import Request.
  Time since last request: 0.000017 seconds.
  path: Assets/AddOns/MgFPS_Enemy_Boss/Materials/Detection_Module_SpinningRadar.mat
  artifactKey: Guid(ddce21a36c0d2c0469e12f047b750efc) Importer(2089858483,d624ce77472d68a35037170ec1d2d27e)
Start importing Assets/AddOns/MgFPS_Enemy_Boss/Materials/Detection_Module_SpinningRadar.mat using Guid(ddce21a36c0d2c0469e12f047b750efc) Importer(2089858483,d624ce77472d68a35037170ec1d2d27e) (ScriptedImporter) -> (artifact id: 'c98f13e1cff5550bedcfaf613f8388b6') in 0.0152628 seconds
Number of updated asset objects reloaded before import = 0Number of asset objects unloaded after import = 2

========================================================================
Received Import Request.
  Time since last request: 0.000018 seconds.
  path: Assets/AddOns/Mg3D_Animated_Sci-fi/Meshes/Pod_Arm_Top_snaps012.asset
  artifactKey: Guid(022e3ec0c8ecf7f4ab7cc375b57a074d) Importer(2089858483,d624ce77472d68a35037170ec1d2d27e)
Start importing Assets/AddOns/Mg3D_Animated_Sci-fi/Meshes/Pod_Arm_Top_snaps012.asset using Guid(022e3ec0c8ecf7f4ab7cc375b57a074d) Importer(2089858483,d624ce77472d68a35037170ec1d2d27e) (ScriptedImporter) -> (artifact id: '364b23e562057a0f6a4e576b97b5e5cf') in 0.0136492 seconds
Number of updated asset objects reloaded before import = 0Number of asset objects unloaded after import = 1

========================================================================
Received Import Request.
  Time since last request: 0.000021 seconds.
  path: Assets/AddOns/Mg3D_Animated_Sci-fi/Prefabs/Artillery_01_Animated.prefab
  artifactKey: Guid(55883033d5eca3d4787e61230ae1fca8) Importer(2089858483,d624ce77472d68a35037170ec1d2d27e)
Start importing Assets/AddOns/Mg3D_Animated_Sci-fi/Prefabs/Artillery_01_Animated.prefab using Guid(55883033d5eca3d4787e61230ae1fca8) Importer(2089858483,d624ce77472d68a35037170ec1d2d27e) (ScriptedImporter) -> (artifact id: 'df58fcda08243abe5cb6c2587296ee3b') in 0.0217119 seconds
Number of updated asset objects reloaded before import = 0Number of asset objects unloaded after import = 25

========================================================================
Received Import Request.
  Time since last request: 0.000035 seconds.
  path: Assets/AddOns/MgFPS_BossRemixSFX/Attack/BossRmx_Railgun_Shot.ogg
  artifactKey: Guid(e7d6e95069db168439f2872116cc4b3d) Importer(2089858483,d624ce77472d68a35037170ec1d2d27e)
Start importing Assets/AddOns/MgFPS_BossRemixSFX/Attack/BossRmx_Railgun_Shot.ogg using Guid(e7d6e95069db168439f2872116cc4b3d) Importer(2089858483,d624ce77472d68a35037170ec1d2d27e) (ScriptedImporter) -> (artifact id: 'a0ea3cd1f9288bf311f427507d227082') in 0.0257865 seconds
Number of updated asset objects reloaded before import = 0Number of asset objects unloaded after import = 1

========================================================================
Received Import Request.
  Time since last request: 0.000019 seconds.
  path: Assets/AddOns/MgFPS_BossRemixSFX/Attack/BossRmx_RocketExplosion.ogg
  artifactKey: Guid(0edf03a960d4b714ab6f112bd30e80da) Importer(2089858483,d624ce77472d68a35037170ec1d2d27e)
Start importing Assets/AddOns/MgFPS_BossRemixSFX/Attack/BossRmx_RocketExplosion.ogg using Guid(0edf03a960d4b714ab6f112bd30e80da) Importer(2089858483,d624ce77472d68a35037170ec1d2d27e) (ScriptedImporter) -> (artifact id: '145f59418aa4180847442bd9e6daeaf0') in 0.0284813 seconds
Number of updated asset objects reloaded before import = 0Number of asset objects unloaded after import = 1

========================================================================
Received Import Request.
  Time since last request: 0.000016 seconds.
  path: Assets/AddOns/MgFPS_Enemy_Boss/Materials/VFX_PhotonCannon_Projectile_Glow.mat
  artifactKey: Guid(d6e1e69edecba344eaaff297743c9506) Importer(2089858483,d624ce77472d68a35037170ec1d2d27e)
Start importing Assets/AddOns/MgFPS_Enemy_Boss/Materials/VFX_PhotonCannon_Projectile_Glow.mat using Guid(d6e1e69edecba344eaaff297743c9506) Importer(2089858483,d624ce77472d68a35037170ec1d2d27e) (ScriptedImporter) -> (artifact id: '20902096afac4f5e570299792de6c9f2') in 0.0182814 seconds
Number of updated asset objects reloaded before import = 0Number of asset objects unloaded after import = 2

========================================================================
Received Import Request.
  Time since last request: 0.000024 seconds.
  path: Assets/AddOns/MgFPS_Aurous/Aurous_SFX/Aurous_Impact.wav
  artifactKey: Guid(ac4db647713ab4040a9886ea6d4bce6b) Importer(2089858483,d624ce77472d68a35037170ec1d2d27e)
Start importing Assets/AddOns/MgFPS_Aurous/Aurous_SFX/Aurous_Impact.wav using Guid(ac4db647713ab4040a9886ea6d4bce6b) Importer(2089858483,d624ce77472d68a35037170ec1d2d27e) (ScriptedImporter) -> (artifact id: '7105d0f75bf6955bb61ec14ac41f9804') in 0.0322357 seconds
Number of updated asset objects reloaded before import = 0Number of asset objects unloaded after import = 1

========================================================================
Received Import Request.
  Time since last request: 0.000032 seconds.
  path: Assets/AddOns/Mg3D_Animated_Sci-fi/Meshes/Pod_Pool_snaps012.asset
  artifactKey: Guid(fa80b7e408d4bcf49bc7c4db27cea257) Importer(2089858483,d624ce77472d68a35037170ec1d2d27e)
Start importing Assets/AddOns/Mg3D_Animated_Sci-fi/Meshes/Pod_Pool_snaps012.asset using Guid(fa80b7e408d4bcf49bc7c4db27cea257) Importer(2089858483,d624ce77472d68a35037170ec1d2d27e) (ScriptedImporter) -> (artifact id: '1ab8c88366ead21289173a0c6d956721') in 0.014361 seconds
Number of updated asset objects reloaded before import = 0Number of asset objects unloaded after import = 1

========================================================================
Received Import Request.
  Time since last request: 0.000020 seconds.
  path: Assets/AddOns/MgFPS_Enemy_Boss/Materials/VFX_PhotonCannon_Distortion.mat
  artifactKey: Guid(4e4e64d11ba46464889c161fa157aac6) Importer(2089858483,d624ce77472d68a35037170ec1d2d27e)
Start importing Assets/AddOns/MgFPS_Enemy_Boss/Materials/VFX_PhotonCannon_Distortion.mat using Guid(4e4e64d11ba46464889c161fa157aac6) Importer(2089858483,d624ce77472d68a35037170ec1d2d27e) (ScriptedImporter) -> (artifact id: 'd26c0fd0c919ba66dbe7643bb0b83453') in 0.0152042 seconds
Number of updated asset objects reloaded before import = 0Number of asset objects unloaded after import = 3

========================================================================
Received Import Request.
  Time since last request: 0.000016 seconds.
  path: Assets/AddOns/Mg3D_Animated_Sci-fi/Meshes/Pod_Arm_L_02_snaps012.asset
  artifactKey: Guid(7766e4abfc7193249a905b340edcfff2) Importer(2089858483,d624ce77472d68a35037170ec1d2d27e)
Start importing Assets/AddOns/Mg3D_Animated_Sci-fi/Meshes/Pod_Arm_L_02_snaps012.asset using Guid(7766e4abfc7193249a905b340edcfff2) Importer(2089858483,d624ce77472d68a35037170ec1d2d27e) (ScriptedImporter) -> (artifact id: '8f20aa3918ea97f524764a0d71cd282a') in 0.0131195 seconds
Number of updated asset objects reloaded before import = 0Number of asset objects unloaded after import = 1

========================================================================
Received Import Request.
  Time since last request: 0.000020 seconds.
  path: Assets/AddOns/Mg3D_Animated_Sci-fi/Materials/SteelDark.mat
  artifactKey: Guid(6a913411baa16a04fa3fa86db28e0224) Importer(2089858483,d624ce77472d68a35037170ec1d2d27e)
Start importing Assets/AddOns/Mg3D_Animated_Sci-fi/Materials/SteelDark.mat using Guid(6a913411baa16a04fa3fa86db28e0224) Importer(2089858483,d624ce77472d68a35037170ec1d2d27e) (ScriptedImporter) -> (artifact id: '89809d42e57d79501f0bd45dd7f4bcc2') in 0.0157787 seconds
Number of updated asset objects reloaded before import = 0Number of asset objects unloaded after import = 1

========================================================================
Received Import Request.
  Time since last request: 0.000027 seconds.
  path: Assets/AddOns/Mg3D_Animated_Sci-fi/Prefabs/Pod_Assembled_Animated.prefab
  artifactKey: Guid(f1fda425dbbb20c4094d170e3bff6391) Importer(2089858483,d624ce77472d68a35037170ec1d2d27e)
Start importing Assets/AddOns/Mg3D_Animated_Sci-fi/Prefabs/Pod_Assembled_Animated.prefab using Guid(f1fda425dbbb20c4094d170e3bff6391) Importer(2089858483,d624ce77472d68a35037170ec1d2d27e) (ScriptedImporter) -> (artifact id: '2fc89250675b9fc55e991ceb60972f94') in 0.025776 seconds
Number of updated asset objects reloaded before import = 0Number of asset objects unloaded after import = 97

========================================================================
Received Import Request.
  Time since last request: 0.000016 seconds.
  path: Assets/AddOns/Mg3D_Animated_Sci-fi/Meshes/Pod_Arm_L_01_snaps012.asset
  artifactKey: Guid(862eb80b2d35a48458da75264e63758f) Importer(2089858483,d624ce77472d68a35037170ec1d2d27e)
Start importing Assets/AddOns/Mg3D_Animated_Sci-fi/Meshes/Pod_Arm_L_01_snaps012.asset using Guid(862eb80b2d35a48458da75264e63758f) Importer(2089858483,d624ce77472d68a35037170ec1d2d27e) (ScriptedImporter) -> (artifact id: 'f3488f89eec646c9c814da13d4a88f7b') in 0.0132307 seconds
Number of updated asset objects reloaded before import = 0Number of asset objects unloaded after import = 1

========================================================================
Received Import Request.
  Time since last request: 0.000017 seconds.
  path: Assets/AddOns/MgFPS_Enemy_Boss/Materials/Detection_Module_TV.mat
  artifactKey: Guid(1655599d4bcda304d8e036191b4135ef) Importer(2089858483,d624ce77472d68a35037170ec1d2d27e)
Start importing Assets/AddOns/MgFPS_Enemy_Boss/Materials/Detection_Module_TV.mat using Guid(1655599d4bcda304d8e036191b4135ef) Importer(2089858483,d624ce77472d68a35037170ec1d2d27e) (ScriptedImporter) -> (artifact id: '3cebeb0ea3c4a983a312aa0d60ac4553') in 0.0180803 seconds
Number of updated asset objects reloaded before import = 0Number of asset objects unloaded after import = 3

========================================================================
Received Import Request.
  Time since last request: 0.000019 seconds.
  path: Assets/AddOns/MgFPS_Enemy_Boss/Prefabs/Projectile_RocketLauncher.prefab
  artifactKey: Guid(1da0e6cfd62ef08458ea2a5e8199051a) Importer(2089858483,d624ce77472d68a35037170ec1d2d27e)
Start importing Assets/AddOns/MgFPS_Enemy_Boss/Prefabs/Projectile_RocketLauncher.prefab using Guid(1da0e6cfd62ef08458ea2a5e8199051a) Importer(2089858483,d624ce77472d68a35037170ec1d2d27e) (ScriptedImporter) -> (artifact id: '4d251046999f2afe4c67a4f634819eb7') in 0.0221676 seconds
Number of updated asset objects reloaded before import = 0Number of asset objects unloaded after import = 38

========================================================================
Received Import Request.
  Time since last request: 0.000024 seconds.
  path: Assets/AddOns/MgFPS_Enemy_Boss/Prefabs/Detection_Module_Laser02_L.prefab
  artifactKey: Guid(a09e05338b5374b438caf093bf84cc23) Importer(2089858483,d624ce77472d68a35037170ec1d2d27e)
Start importing Assets/AddOns/MgFPS_Enemy_Boss/Prefabs/Detection_Module_Laser02_L.prefab using Guid(a09e05338b5374b438caf093bf84cc23) Importer(2089858483,d624ce77472d68a35037170ec1d2d27e) (ScriptedImporter) -> (artifact id: '9f368b4e075f0447aef099834cd4e345') in 0.0169153 seconds
Number of updated asset objects reloaded before import = 0Number of asset objects unloaded after import = 18

========================================================================
Received Import Request.
  Time since last request: 0.000019 seconds.
  path: Assets/AddOns/MgFPS_Enemy_Boss/Prefabs/Detection_Module_Searchlight_L.prefab
  artifactKey: Guid(498328819fbd8c44780dc5371a300297) Importer(2089858483,d624ce77472d68a35037170ec1d2d27e)
Start importing Assets/AddOns/MgFPS_Enemy_Boss/Prefabs/Detection_Module_Searchlight_L.prefab using Guid(498328819fbd8c44780dc5371a300297) Importer(2089858483,d624ce77472d68a35037170ec1d2d27e) (ScriptedImporter) -> (artifact id: 'db82d2e941b95826b0050e6557a00a5c') in 0.0144417 seconds
Number of updated asset objects reloaded before import = 0Number of asset objects unloaded after import = 28

========================================================================
Received Import Request.
  Time since last request: 0.000019 seconds.
  path: Assets/AddOns/MgFPS_Enemy_Boss/Materials/Weapon_Module_RocketLauncher_Slot5.mat
  artifactKey: Guid(a6c63e66b2fe98f498a8b2db051215e0) Importer(2089858483,d624ce77472d68a35037170ec1d2d27e)
Start importing Assets/AddOns/MgFPS_Enemy_Boss/Materials/Weapon_Module_RocketLauncher_Slot5.mat using Guid(a6c63e66b2fe98f498a8b2db051215e0) Importer(2089858483,d624ce77472d68a35037170ec1d2d27e) (ScriptedImporter) -> (artifact id: 'c7a0b14f02b045ca3836446d3d8d7167') in 0.0144029 seconds
Number of updated asset objects reloaded before import = 0Number of asset objects unloaded after import = 1

========================================================================
Received Import Request.
  Time since last request: 0.000020 seconds.
  path: Assets/AddOns/MgFPS_Enemy_Boss/Materials/Weapon_Module_RocketLauncher_Slot6.mat
  artifactKey: Guid(4f7ad4893a7e4a84a82b81bdbf2ded13) Importer(2089858483,d624ce77472d68a35037170ec1d2d27e)
Start importing Assets/AddOns/MgFPS_Enemy_Boss/Materials/Weapon_Module_RocketLauncher_Slot6.mat using Guid(4f7ad4893a7e4a84a82b81bdbf2ded13) Importer(2089858483,d624ce77472d68a35037170ec1d2d27e) (ScriptedImporter) -> (artifact id: '01d6c46ef9c5f3f3626b85252e95e61d') in 0.013538 seconds
Number of updated asset objects reloaded before import = 0Number of asset objects unloaded after import = 1

========================================================================
Received Import Request.
  Time since last request: 0.000037 seconds.
  path: Assets/AddOns/MgFPS_Enemy_Boss/Prefabs/VFX_Railgun_Charge.prefab
  artifactKey: Guid(f57683642da875844a7a88e93c2dc673) Importer(2089858483,d624ce77472d68a35037170ec1d2d27e)
Start importing Assets/AddOns/MgFPS_Enemy_Boss/Prefabs/VFX_Railgun_Charge.prefab using Guid(f57683642da875844a7a88e93c2dc673) Importer(2089858483,d624ce77472d68a35037170ec1d2d27e) (ScriptedImporter) -> (artifact id: 'd44ddc9a250277cfe1f7983f0d9ee14d') in 0.0576243 seconds
Number of updated asset objects reloaded before import = 0Number of asset objects unloaded after import = 6

========================================================================
Received Import Request.
  Time since last request: 0.000017 seconds.
  path: Assets/AddOns/MgFPS_Enemy_Boss/Prefabs/VFX_Railgun_MuzzleFlash.prefab
  artifactKey: Guid(c6745e43eec8eaf438dab5654972c3ab) Importer(2089858483,d624ce77472d68a35037170ec1d2d27e)
Start importing Assets/AddOns/MgFPS_Enemy_Boss/Prefabs/VFX_Railgun_MuzzleFlash.prefab using Guid(c6745e43eec8eaf438dab5654972c3ab) Importer(2089858483,d624ce77472d68a35037170ec1d2d27e) (ScriptedImporter) -> (artifact id: '5ce70a1e75d8e75e0ab0a50402a5bc23') in 0.0275956 seconds
Number of updated asset objects reloaded before import = 0Number of asset objects unloaded after import = 20

========================================================================
Received Import Request.
  Time since last request: 0.000020 seconds.
  path: Assets/AddOns/MgFPS_Enemy_Boss/Prefabs/Weapon_Module_RocketLauncher_L.prefab
  artifactKey: Guid(fef62916f927ed64d85664e344814fe6) Importer(2089858483,d624ce77472d68a35037170ec1d2d27e)
Start importing Assets/AddOns/MgFPS_Enemy_Boss/Prefabs/Weapon_Module_RocketLauncher_L.prefab using Guid(fef62916f927ed64d85664e344814fe6) Importer(2089858483,d624ce77472d68a35037170ec1d2d27e) (ScriptedImporter) -> (artifact id: '51685799b39629e4a2dee17f713c8ef1') in 0.0372138 seconds
Number of updated asset objects reloaded before import = 0Number of asset objects unloaded after import = 132

========================================================================
Received Import Request.
  Time since last request: 0.000027 seconds.
  path: Assets/AddOns/MgFPS_Enemy_Boss/Models/Detection_Module_Searchlight_L.fbx
  artifactKey: Guid(8e73868cb2f6921408b920a4b713cabc) Importer(2089858483,d624ce77472d68a35037170ec1d2d27e)
Start importing Assets/AddOns/MgFPS_Enemy_Boss/Models/Detection_Module_Searchlight_L.fbx using Guid(8e73868cb2f6921408b920a4b713cabc) Importer(2089858483,d624ce77472d68a35037170ec1d2d27e) (ScriptedImporter) -> (artifact id: '4119666b58a359faa87ec8518e414768') in 0.0330183 seconds
Number of updated asset objects reloaded before import = 0Number of asset objects unloaded after import = 26

========================================================================
Received Import Request.
  Time since last request: 0.000018 seconds.
  path: Assets/AddOns/MgFPS_Enemy_Boss/Prefabs/Enemy_Boss.prefab
  artifactKey: Guid(15258371177e93745ad14ae7369a24cb) Importer(2089858483,d624ce77472d68a35037170ec1d2d27e)
Start importing Assets/AddOns/MgFPS_Enemy_Boss/Prefabs/Enemy_Boss.prefab using Guid(15258371177e93745ad14ae7369a24cb) Importer(2089858483,d624ce77472d68a35037170ec1d2d27e) (ScriptedImporter) -> (artifact id: '956ec592b4660105b19c52a18c776cab') in 0.053848 seconds
Number of updated asset objects reloaded before import = 0Number of asset objects unloaded after import = 147

========================================================================
Received Import Request.
  Time since last request: 0.000022 seconds.
  path: Assets/AddOns/MgFPS_Enemy_Boss/Prefabs/Navigation_Module_TwinJet.prefab
  artifactKey: Guid(1bd3d1e3182b44f4bb5bcf049e14067f) Importer(2089858483,d624ce77472d68a35037170ec1d2d27e)
Start importing Assets/AddOns/MgFPS_Enemy_Boss/Prefabs/Navigation_Module_TwinJet.prefab using Guid(1bd3d1e3182b44f4bb5bcf049e14067f) Importer(2089858483,d624ce77472d68a35037170ec1d2d27e) (ScriptedImporter) -> (artifact id: '18b2b85f19724f0d82067d4d62c6f4fc') in 0.0295402 seconds
Number of updated asset objects reloaded before import = 0Number of asset objects unloaded after import = 18

========================================================================
Received Import Request.
  Time since last request: 0.000029 seconds.
  path: Assets/AddOns/MgFPS_Enemy_Boss/Prefabs/Projectile_PhotonCannon.prefab
  artifactKey: Guid(c2339b04091b5d34da658efb68e9ca48) Importer(2089858483,d624ce77472d68a35037170ec1d2d27e)
Start importing Assets/AddOns/MgFPS_Enemy_Boss/Prefabs/Projectile_PhotonCannon.prefab using Guid(c2339b04091b5d34da658efb68e9ca48) Importer(2089858483,d624ce77472d68a35037170ec1d2d27e) (ScriptedImporter) -> (artifact id: '39bf825d536deb4c4a7b21037d46c0de') in 0.0187359 seconds
Number of updated asset objects reloaded before import = 0Number of asset objects unloaded after import = 15

========================================================================
Received Import Request.
  Time since last request: 0.000017 seconds.
  path: Assets/AddOns/MgFPS_Enemy_Boss/Textures/Weapon_Module_Railgun_AlbedoTransparency.png
  artifactKey: Guid(f59a34ff5bd7009438658478a4ae27e4) Importer(2089858483,d624ce77472d68a35037170ec1d2d27e)
Start importing Assets/AddOns/MgFPS_Enemy_Boss/Textures/Weapon_Module_Railgun_AlbedoTransparency.png using Guid(f59a34ff5bd7009438658478a4ae27e4) Importer(2089858483,d624ce77472d68a35037170ec1d2d27e) (ScriptedImporter) -> (artifact id: '5ed3b6c12123ad97fc95ad89b6a2e109') in 0.0149267 seconds
Number of updated asset objects reloaded before import = 0Number of asset objects unloaded after import = 1

========================================================================
Received Import Request.
  Time since last request: 0.000015 seconds.
  path: Assets/AddOns/MgFPS_Enemy_Boss_Skins/Materials/Weapon_Module_Railgun_Royal.mat
  artifactKey: Guid(b163fcf0254a9b6418533a94c845b5cb) Importer(2089858483,d624ce77472d68a35037170ec1d2d27e)
Start importing Assets/AddOns/MgFPS_Enemy_Boss_Skins/Materials/Weapon_Module_Railgun_Royal.mat using Guid(b163fcf0254a9b6418533a94c845b5cb) Importer(2089858483,d624ce77472d68a35037170ec1d2d27e) (ScriptedImporter) -> (artifact id: '6975bb73cd7534cc6f3c2296fcb11b7f') in 0.0262726 seconds
Number of updated asset objects reloaded before import = 0Number of asset objects unloaded after import = 5

========================================================================
Received Import Request.
  Time since last request: 0.000021 seconds.
  path: Assets/AddOns/MgFPS_Enemy_Boss/Scripts/TVDetectionModule.cs
  artifactKey: Guid(7ba3eaba9d53cab468d1f19f9c0629b8) Importer(2089858483,d624ce77472d68a35037170ec1d2d27e)
Start importing Assets/AddOns/MgFPS_Enemy_Boss/Scripts/TVDetectionModule.cs using Guid(7ba3eaba9d53cab468d1f19f9c0629b8) Importer(2089858483,d624ce77472d68a35037170ec1d2d27e) (ScriptedImporter) -> (artifact id: '1a8a86f0ca6dab577942b4b30005ba34') in 0.0132865 seconds
Number of updated asset objects reloaded before import = 0Number of asset objects unloaded after import = 0

========================================================================
Received Import Request.
  Time since last request: 0.000028 seconds.
  path: Assets/AddOns/MgFPS_Enemy_Boss_Skins/Textures/Detection_Module_Searchlight_Royal_Emission.png
  artifactKey: Guid(1e71cf81d7c5cfe42850580e273080f7) Importer(2089858483,d624ce77472d68a35037170ec1d2d27e)
Start importing Assets/AddOns/MgFPS_Enemy_Boss_Skins/Textures/Detection_Module_Searchlight_Royal_Emission.png using Guid(1e71cf81d7c5cfe42850580e273080f7) Importer(2089858483,d624ce77472d68a35037170ec1d2d27e) (ScriptedImporter) -> (artifact id: '0327e4907393870fcbe112884e951bbc') in 0.0156998 seconds
Number of updated asset objects reloaded before import = 0Number of asset objects unloaded after import = 1

========================================================================
Received Import Request.
  Time since last request: 0.000016 seconds.
  path: Assets/AddOns/MgFPS_Enemy_Boss_Skins/Textures/Detection_Module_SpinningRadar_Royal_AlbedoTransparency.png
  artifactKey: Guid(cdd237a701899ce41bb0aaf61e0b2628) Importer(2089858483,d624ce77472d68a35037170ec1d2d27e)
Start importing Assets/AddOns/MgFPS_Enemy_Boss_Skins/Textures/Detection_Module_SpinningRadar_Royal_AlbedoTransparency.png using Guid(cdd237a701899ce41bb0aaf61e0b2628) Importer(2089858483,d624ce77472d68a35037170ec1d2d27e) (ScriptedImporter) -> (artifact id: '1bd5a79ed7c620e218c0c32ff854a459') in 0.0187231 seconds
Number of updated asset objects reloaded before import = 0Number of asset objects unloaded after import = 1

========================================================================
Received Import Request.
  Time since last request: 0.000014 seconds.
  path: Assets/AddOns/MgFPS_Enemy_Boss_Skins/Materials/Weapon_Module_PhotonCannon_Royal.mat
  artifactKey: Guid(d2f7ed2dacf6b044785df09b4417b3a8) Importer(2089858483,d624ce77472d68a35037170ec1d2d27e)
Start importing Assets/AddOns/MgFPS_Enemy_Boss_Skins/Materials/Weapon_Module_PhotonCannon_Royal.mat using Guid(d2f7ed2dacf6b044785df09b4417b3a8) Importer(2089858483,d624ce77472d68a35037170ec1d2d27e) (ScriptedImporter) -> (artifact id: 'e08f3df218f08ec6319f181312bfcc2e') in 0.0186258 seconds
Number of updated asset objects reloaded before import = 0Number of asset objects unloaded after import = 4

========================================================================
Received Import Request.
  Time since last request: 0.000022 seconds.
  path: Assets/AddOns/MgFPS_Enemy_Boss/Textures/Navigation_Module_SingleJet_AlbedoTransparency.png
  artifactKey: Guid(04266dc87b5a1d5419549e3ee7480e9a) Importer(2089858483,d624ce77472d68a35037170ec1d2d27e)
Start importing Assets/AddOns/MgFPS_Enemy_Boss/Textures/Navigation_Module_SingleJet_AlbedoTransparency.png using Guid(04266dc87b5a1d5419549e3ee7480e9a) Importer(2089858483,d624ce77472d68a35037170ec1d2d27e) (ScriptedImporter) -> (artifact id: 'da7f0f76cf1740441d5348c68e702aed') in 0.0167805 seconds
Number of updated asset objects reloaded before import = 0Number of asset objects unloaded after import = 1

========================================================================
Received Import Request.
  Time since last request: 0.000029 seconds.
  path: Assets/AddOns/MgFPS_Enemy_Boss_Skins/Textures/Detection_Module_SpinningRadar_Royal_MetallicSmoothness.png
  artifactKey: Guid(1af9373aabb54344d8e75a50fccf0721) Importer(2089858483,d624ce77472d68a35037170ec1d2d27e)
Start importing Assets/AddOns/MgFPS_Enemy_Boss_Skins/Textures/Detection_Module_SpinningRadar_Royal_MetallicSmoothness.png using Guid(1af9373aabb54344d8e75a50fccf0721) Importer(2089858483,d624ce77472d68a35037170ec1d2d27e) (ScriptedImporter) -> (artifact id: '5fda9b22487b8c55e7f5768e4bc03585') in 0.0176452 seconds
Number of updated asset objects reloaded before import = 0Number of asset objects unloaded after import = 1

========================================================================
Received Import Request.
  Time since last request: 0.000019 seconds.
  path: Assets/AddOns/MgFPS_Enemy_Boss_Skins/Materials/Enemy_Boss_Eye_Royal.mat
  artifactKey: Guid(4018733ddb3518f409ce0d90086ec5e4) Importer(2089858483,d624ce77472d68a35037170ec1d2d27e)
Start importing Assets/AddOns/MgFPS_Enemy_Boss_Skins/Materials/Enemy_Boss_Eye_Royal.mat using Guid(4018733ddb3518f409ce0d90086ec5e4) Importer(2089858483,d624ce77472d68a35037170ec1d2d27e) (ScriptedImporter) -> (artifact id: 'acea047423b91894e179210d34d3274f') in 0.0231854 seconds
Number of updated asset objects reloaded before import = 0Number of asset objects unloaded after import = 5

========================================================================
Received Import Request.
  Time since last request: 0.000019 seconds.
  path: Assets/AddOns/MgFPS_Enemy_Boss/Textures/VFX_Distortion_Normal.png
  artifactKey: Guid(80c37f455ed3be74ebac186bc0f23558) Importer(2089858483,d624ce77472d68a35037170ec1d2d27e)
Start importing Assets/AddOns/MgFPS_Enemy_Boss/Textures/VFX_Distortion_Normal.png using Guid(80c37f455ed3be74ebac186bc0f23558) Importer(2089858483,d624ce77472d68a35037170ec1d2d27e) (ScriptedImporter) -> (artifact id: '46d8df49e08932a12ddbf8c1f2c2c3e5') in 0.0163194 seconds
Number of updated asset objects reloaded before import = 0Number of asset objects unloaded after import = 1

========================================================================
Received Import Request.
  Time since last request: 0.000016 seconds.
  path: Assets/AddOns/MgFPS_Enemy_Boss_Skins/Materials/Navigation_Module_TwinJet_Royal.mat
  artifactKey: Guid(8597894f99021014c927e772a271552c) Importer(2089858483,d624ce77472d68a35037170ec1d2d27e)
Start importing Assets/AddOns/MgFPS_Enemy_Boss_Skins/Materials/Navigation_Module_TwinJet_Royal.mat using Guid(8597894f99021014c927e772a271552c) Importer(2089858483,d624ce77472d68a35037170ec1d2d27e) (ScriptedImporter) -> (artifact id: '0b7646d9beced5b6b3aee88b1c54e10f') in 0.0193345 seconds
Number of updated asset objects reloaded before import = 0Number of asset objects unloaded after import = 4

========================================================================
Received Import Request.
  Time since last request: 0.000029 seconds.
  path: Assets/AddOns/MgFPS_Enemy_Boss/Textures/Detection_Module_TV_Idle_Albedo.png
  artifactKey: Guid(2a4f49261c522cb4ab93b7b48e020e00) Importer(2089858483,d624ce77472d68a35037170ec1d2d27e)
Start importing Assets/AddOns/MgFPS_Enemy_Boss/Textures/Detection_Module_TV_Idle_Albedo.png using Guid(2a4f49261c522cb4ab93b7b48e020e00) Importer(2089858483,d624ce77472d68a35037170ec1d2d27e) (ScriptedImporter) -> (artifact id: '1a487d954c2a98cb88b14f3c56038717') in 0.0191982 seconds
Number of updated asset objects reloaded before import = 0Number of asset objects unloaded after import = 1

========================================================================
Received Import Request.
  Time since last request: 0.000017 seconds.
  path: Assets/AddOns/MgFPS_Enemy_Boss_Skins/Textures/Detection_Module_Laser02_Royal_Normal.png
  artifactKey: Guid(f110d8b5b8a393a41b2ba396feb9d275) Importer(2089858483,d624ce77472d68a35037170ec1d2d27e)
Start importing Assets/AddOns/MgFPS_Enemy_Boss_Skins/Textures/Detection_Module_Laser02_Royal_Normal.png using Guid(f110d8b5b8a393a41b2ba396feb9d275) Importer(2089858483,d624ce77472d68a35037170ec1d2d27e) (ScriptedImporter) -> (artifact id: 'dc824eaa5b977f5d76a5a7b6a99152c3') in 0.095622 seconds
Number of updated asset objects reloaded before import = 0Number of asset objects unloaded after import = 1

========================================================================
Received Import Request.
  Time since last request: 0.000020 seconds.
  path: Assets/AddOns/MgFPS_PlasmaRain/PlasmaRain_SFX/PlasmaRain_Projectile_Explosion.wav
  artifactKey: Guid(4bbf52f65855e4c4191d617a007a808c) Importer(2089858483,d624ce77472d68a35037170ec1d2d27e)
Start importing Assets/AddOns/MgFPS_PlasmaRain/PlasmaRain_SFX/PlasmaRain_Projectile_Explosion.wav using Guid(4bbf52f65855e4c4191d617a007a808c) Importer(2089858483,d624ce77472d68a35037170ec1d2d27e) (ScriptedImporter) -> (artifact id: '011c268395949179b581450b61b9c702') in 0.0260117 seconds
Number of updated asset objects reloaded before import = 0Number of asset objects unloaded after import = 1

========================================================================
Received Import Request.
  Time since last request: 0.000027 seconds.
  path: Assets/AddOns/MgFPS_Enemy_Boss_Skins/Textures/Weapon_Module_Railgun_Royal_MetallicSmoothness.png
  artifactKey: Guid(6b1360019e8710f46aedeeb417c97468) Importer(2089858483,d624ce77472d68a35037170ec1d2d27e)
Start importing Assets/AddOns/MgFPS_Enemy_Boss_Skins/Textures/Weapon_Module_Railgun_Royal_MetallicSmoothness.png using Guid(6b1360019e8710f46aedeeb417c97468) Importer(2089858483,d624ce77472d68a35037170ec1d2d27e) (ScriptedImporter) -> (artifact id: '4ba818298088179c6523522f42689a9a') in 0.0198192 seconds
Number of updated asset objects reloaded before import = 0Number of asset objects unloaded after import = 1

========================================================================
Received Import Request.
  Time since last request: 0.000021 seconds.
  path: Assets/AddOns/MgFPS_PlasmaRain/PlasmaRainMeshAndTextures/PlasmaRainDiscMat.mat
  artifactKey: Guid(2eec46af5f531cb4dbc90a3f3b7e61cc) Importer(2089858483,d624ce77472d68a35037170ec1d2d27e)
Start importing Assets/AddOns/MgFPS_PlasmaRain/PlasmaRainMeshAndTextures/PlasmaRainDiscMat.mat using Guid(2eec46af5f531cb4dbc90a3f3b7e61cc) Importer(2089858483,d624ce77472d68a35037170ec1d2d27e) (ScriptedImporter) -> (artifact id: '73e4ff5bb1c64edb1f5679fb295426c2') in 0.0160376 seconds
Number of updated asset objects reloaded before import = 0Number of asset objects unloaded after import = 2

========================================================================
Received Import Request.
  Time since last request: 0.000019 seconds.
  path: Assets/AddOns/MgFPS_Fireballer/Fireballer_SFX/Fireballer_Loop.wav
  artifactKey: Guid(bd18094047d310141926f72b21df3d62) Importer(2089858483,d624ce77472d68a35037170ec1d2d27e)
Start importing Assets/AddOns/MgFPS_Fireballer/Fireballer_SFX/Fireballer_Loop.wav using Guid(bd18094047d310141926f72b21df3d62) Importer(2089858483,d624ce77472d68a35037170ec1d2d27e) (ScriptedImporter) -> (artifact id: 'a785a9d70b9872ac39a650e51702f281') in 0.0227254 seconds
Number of updated asset objects reloaded before import = 0Number of asset objects unloaded after import = 1

========================================================================
Received Import Request.
  Time since last request: 0.000020 seconds.
  path: Assets/AddOns/MgFPS_Fireballer/Fireballer_SFX/Fireballer_Shot.wav
  artifactKey: Guid(21760f0b7b28323469219aca13d5c0b0) Importer(2089858483,d624ce77472d68a35037170ec1d2d27e)
Start importing Assets/AddOns/MgFPS_Fireballer/Fireballer_SFX/Fireballer_Shot.wav using Guid(21760f0b7b28323469219aca13d5c0b0) Importer(2089858483,d624ce77472d68a35037170ec1d2d27e) (ScriptedImporter) -> (artifact id: '4d95feed612abb5f88fbd7509dbffa98') in 0.0233037 seconds
Number of updated asset objects reloaded before import = 0Number of asset objects unloaded after import = 1

========================================================================
Received Import Request.
  Time since last request: 0.000032 seconds.
  path: Assets/AddOns/MgFPS_Molt/Molt_Animation/Molt_Attack.anim
  artifactKey: Guid(7fce8020907e51147be92d382cc08c52) Importer(2089858483,d624ce77472d68a35037170ec1d2d27e)
Start importing Assets/AddOns/MgFPS_Molt/Molt_Animation/Molt_Attack.anim using Guid(7fce8020907e51147be92d382cc08c52) Importer(2089858483,d624ce77472d68a35037170ec1d2d27e) (ScriptedImporter) -> (artifact id: '5707de60e79ba8dd595dd8ce1146bed5') in 0.0160503 seconds
Number of updated asset objects reloaded before import = 0Number of asset objects unloaded after import = 1

========================================================================
Received Import Request.
  Time since last request: 0.000020 seconds.
  path: Assets/AddOns/MgFPS_Fireballer/FireballerMeshesAndTextures/M_Fireballer.mat
  artifactKey: Guid(5230efb9d4f472f47a4bb7db0fab08c6) Importer(2089858483,d624ce77472d68a35037170ec1d2d27e)
Start importing Assets/AddOns/MgFPS_Fireballer/FireballerMeshesAndTextures/M_Fireballer.mat using Guid(5230efb9d4f472f47a4bb7db0fab08c6) Importer(2089858483,d624ce77472d68a35037170ec1d2d27e) (ScriptedImporter) -> (artifact id: 'e9e91002c1658551c667f1be6a350ded') in 0.022826 seconds
Number of updated asset objects reloaded before import = 0Number of asset objects unloaded after import = 5

========================================================================
Received Import Request.
  Time since last request: 0.000017 seconds.
  path: Assets/AddOns/MgFPS_Enemy_Boss_Skins/Textures/Navigation_Module_TwinBladeJets_Royal_Normal.png
  artifactKey: Guid(921023fc584d0ba47a2867e10ed266d5) Importer(2089858483,d624ce77472d68a35037170ec1d2d27e)
Start importing Assets/AddOns/MgFPS_Enemy_Boss_Skins/Textures/Navigation_Module_TwinBladeJets_Royal_Normal.png using Guid(921023fc584d0ba47a2867e10ed266d5) Importer(2089858483,d624ce77472d68a35037170ec1d2d27e) (ScriptedImporter) -> (artifact id: '07f57d2d65d777d945e8ee4aa34d9e5a') in 0.0185118 seconds
Number of updated asset objects reloaded before import = 0Number of asset objects unloaded after import = 1

========================================================================
Received Import Request.
  Time since last request: 0.000017 seconds.
  path: Assets/AddOns/MgFPS_Haku/Haku_Animations/Haku_Reload.anim
  artifactKey: Guid(2288f02dfebff6c4ea148b2a7102a9ab) Importer(2089858483,d624ce77472d68a35037170ec1d2d27e)
Start importing Assets/AddOns/MgFPS_Haku/Haku_Animations/Haku_Reload.anim using Guid(2288f02dfebff6c4ea148b2a7102a9ab) Importer(2089858483,d624ce77472d68a35037170ec1d2d27e) (ScriptedImporter) -> (artifact id: '652dc4ff267f7e8278f3b83d45ed1ba0') in 0.0275314 seconds
Number of updated asset objects reloaded before import = 0Number of asset objects unloaded after import = 5

========================================================================
Received Import Request.
  Time since last request: 0.000030 seconds.
  path: Assets/AddOns/MgFPS_Haku/Haku_Animations/Weapon_Haku.controller
  artifactKey: Guid(ec7fba1164c47c94b9cb57d5d05b8187) Importer(2089858483,d624ce77472d68a35037170ec1d2d27e)
Start importing Assets/AddOns/MgFPS_Haku/Haku_Animations/Weapon_Haku.controller using Guid(ec7fba1164c47c94b9cb57d5d05b8187) Importer(2089858483,d624ce77472d68a35037170ec1d2d27e) (ScriptedImporter) -> (artifact id: '8be41f7fa08e3242368b244ab123d728') in 0.0158675 seconds
Number of updated asset objects reloaded before import = 0Number of asset objects unloaded after import = 11

========================================================================
Received Import Request.
  Time since last request: 0.000013 seconds.
  path: Assets/AddOns/MgFPS_Molt/Molt_VFX/VFX_MagicImpact_Molt.prefab
  artifactKey: Guid(7a7ca62a76a20fc40bb8d6d6d4d91edb) Importer(2089858483,d624ce77472d68a35037170ec1d2d27e)
Start importing Assets/AddOns/MgFPS_Molt/Molt_VFX/VFX_MagicImpact_Molt.prefab using Guid(7a7ca62a76a20fc40bb8d6d6d4d91edb) Importer(2089858483,d624ce77472d68a35037170ec1d2d27e) (ScriptedImporter) -> (artifact id: '50f8e5876b85fe69f32af654261eab62') in 0.0156286 seconds
Number of updated asset objects reloaded before import = 0Number of asset objects unloaded after import = 24

========================================================================
Received Import Request.
  Time since last request: 0.000013 seconds.
  path: Assets/AddOns/MgFPS_Quasar/Quasar_VFX/Quasar_Bolt.prefab
  artifactKey: Guid(43206ac45e9b24945bd0d4f46113077e) Importer(2089858483,d624ce77472d68a35037170ec1d2d27e)
Start importing Assets/AddOns/MgFPS_Quasar/Quasar_VFX/Quasar_Bolt.prefab using Guid(43206ac45e9b24945bd0d4f46113077e) Importer(2089858483,d624ce77472d68a35037170ec1d2d27e) (ScriptedImporter) -> (artifact id: 'c407d1a566ebb6a0e23f04f490fac400') in 0.0137315 seconds
Number of updated asset objects reloaded before import = 0Number of asset objects unloaded after import = 24

========================================================================
Received Import Request.
  Time since last request: 0.000020 seconds.
  path: Assets/AddOns/MgFPS_Quasar/Quasar_VFX/Quasar_DiscImpact.prefab
  artifactKey: Guid(35ad0cd6ad35e4d45af2a0b595bd3de0) Importer(2089858483,d624ce77472d68a35037170ec1d2d27e)
Start importing Assets/AddOns/MgFPS_Quasar/Quasar_VFX/Quasar_DiscImpact.prefab using Guid(35ad0cd6ad35e4d45af2a0b595bd3de0) Importer(2089858483,d624ce77472d68a35037170ec1d2d27e) (ScriptedImporter) -> (artifact id: '22b9cbded34032db790f3e480f471e1f') in 0.013687 seconds
Number of updated asset objects reloaded before import = 0Number of asset objects unloaded after import = 22

========================================================================
Received Import Request.
  Time since last request: 0.000027 seconds.
  path: Assets/AddOns/MgFPS_RemixSFX/Weapons/FPSRmx_Shotgun_Shot01.wav
  artifactKey: Guid(cd4f72715cb11244885df8c58d1e94df) Importer(2089858483,d624ce77472d68a35037170ec1d2d27e)
Start importing Assets/AddOns/MgFPS_RemixSFX/Weapons/FPSRmx_Shotgun_Shot01.wav using Guid(cd4f72715cb11244885df8c58d1e94df) Importer(2089858483,d624ce77472d68a35037170ec1d2d27e) (ScriptedImporter) -> (artifact id: 'f301088c36601c8c733f5f277c6798cf') in 0.0331065 seconds
Number of updated asset objects reloaded before import = 0Number of asset objects unloaded after import = 1

========================================================================
Received Import Request.
  Time since last request: 0.000017 seconds.
  path: Assets/AddOns/MgFPS_RemixSFX/UI/FPSRmx_Notification_Snap.wav
  artifactKey: Guid(3a9f8fd229b36db4f8ed6de424b767f5) Importer(2089858483,d624ce77472d68a35037170ec1d2d27e)
Start importing Assets/AddOns/MgFPS_RemixSFX/UI/FPSRmx_Notification_Snap.wav using Guid(3a9f8fd229b36db4f8ed6de424b767f5) Importer(2089858483,d624ce77472d68a35037170ec1d2d27e) (ScriptedImporter) -> (artifact id: '7579dd410f94bb5980d839ab9ec177ec') in 0.0254319 seconds
Number of updated asset objects reloaded before import = 0Number of asset objects unloaded after import = 1

========================================================================
Received Import Request.
  Time since last request: 0.000018 seconds.
  path: Assets/AddOns/MgFPS_Thunderlight/Thunderlight_SFX/Thunderlight_PowerUp.wav
  artifactKey: Guid(27ba75b9cd7426147b2986c0803f1abb) Importer(2089858483,d624ce77472d68a35037170ec1d2d27e)
Start importing Assets/AddOns/MgFPS_Thunderlight/Thunderlight_SFX/Thunderlight_PowerUp.wav using Guid(27ba75b9cd7426147b2986c0803f1abb) Importer(2089858483,d624ce77472d68a35037170ec1d2d27e) (ScriptedImporter) -> (artifact id: '08c59cdac3c2590b19c382d13d69b980') in 0.0233095 seconds
Number of updated asset objects reloaded before import = 0Number of asset objects unloaded after import = 1

========================================================================
Received Import Request.
  Time since last request: 0.000025 seconds.
  path: Assets/AddOns/MgFPS_RemixSFX/UI/FPSRmx_Notification_Chime.wav
  artifactKey: Guid(086ec68bb757fae4199cecbfeeb1fa4c) Importer(2089858483,d624ce77472d68a35037170ec1d2d27e)
Start importing Assets/AddOns/MgFPS_RemixSFX/UI/FPSRmx_Notification_Chime.wav using Guid(086ec68bb757fae4199cecbfeeb1fa4c) Importer(2089858483,d624ce77472d68a35037170ec1d2d27e) (ScriptedImporter) -> (artifact id: '08b9178cd10f9473602ece86af55c231') in 0.0240636 seconds
Number of updated asset objects reloaded before import = 0Number of asset objects unloaded after import = 1

========================================================================
Received Import Request.
  Time since last request: 0.000015 seconds.
  path: Assets/AddOns/MgFPS_Quasar/Quasar_VFX/Quasar_CanisterParticle.prefab
  artifactKey: Guid(67207f585b1ba5c4bbbe44f9c4afd084) Importer(2089858483,d624ce77472d68a35037170ec1d2d27e)
Start importing Assets/AddOns/MgFPS_Quasar/Quasar_VFX/Quasar_CanisterParticle.prefab using Guid(67207f585b1ba5c4bbbe44f9c4afd084) Importer(2089858483,d624ce77472d68a35037170ec1d2d27e) (ScriptedImporter) -> (artifact id: '7dec66c1deb9e6d5c9ba5bb0be50c949') in 0.0268549 seconds
Number of updated asset objects reloaded before import = 0Number of asset objects unloaded after import = 12

========================================================================
Received Import Request.
  Time since last request: 0.000020 seconds.
  path: Assets/AddOns/MgFPS_RemixSFX/Enemies/FPSRmx_Hoverbot_Attack.wav
  artifactKey: Guid(23ad775457c0398479054f790c092c29) Importer(2089858483,d624ce77472d68a35037170ec1d2d27e)
Start importing Assets/AddOns/MgFPS_RemixSFX/Enemies/FPSRmx_Hoverbot_Attack.wav using Guid(23ad775457c0398479054f790c092c29) Importer(2089858483,d624ce77472d68a35037170ec1d2d27e) (ScriptedImporter) -> (artifact id: '7c8063165ccb80c72b326373f7704dbc') in 0.0199041 seconds
Number of updated asset objects reloaded before import = 0Number of asset objects unloaded after import = 1

========================================================================
Received Import Request.
  Time since last request: 0.000032 seconds.
  path: Assets/AddOns/MgFPS_RemixSFX/Player/FPSRmx_Footstep01.wav
  artifactKey: Guid(03a1065e27953f148b89a36f7078563e) Importer(2089858483,d624ce77472d68a35037170ec1d2d27e)
Start importing Assets/AddOns/MgFPS_RemixSFX/Player/FPSRmx_Footstep01.wav using Guid(03a1065e27953f148b89a36f7078563e) Importer(2089858483,d624ce77472d68a35037170ec1d2d27e) (ScriptedImporter) -> (artifact id: '2fca6ca9043bb1bdb7430998f774c7a1') in 0.0210782 seconds
Number of updated asset objects reloaded before import = 0Number of asset objects unloaded after import = 1

========================================================================
Received Import Request.
  Time since last request: 0.000017 seconds.
  path: Assets/AddOns/MgFPS_Thunderlight/Thunderlight_Animation/MagicStaff_Attack.anim
  artifactKey: Guid(819fcdc6d2ec2b8458f22d2762084f15) Importer(2089858483,d624ce77472d68a35037170ec1d2d27e)
Start importing Assets/AddOns/MgFPS_Thunderlight/Thunderlight_Animation/MagicStaff_Attack.anim using Guid(819fcdc6d2ec2b8458f22d2762084f15) Importer(2089858483,d624ce77472d68a35037170ec1d2d27e) (ScriptedImporter) -> (artifact id: '7da6659ad61301d7e3cf29e735738c0f') in 0.013058 seconds
Number of updated asset objects reloaded before import = 0Number of asset objects unloaded after import = 1

========================================================================
Received Import Request.
  Time since last request: 0.000013 seconds.
  path: Assets/AddOns/MgFPS_Enemy_Boss_Skins/Textures/EnemyBoss_Royal_Normal.png
  artifactKey: Guid(f870f504ca0e76445b79a474501c4925) Importer(2089858483,d624ce77472d68a35037170ec1d2d27e)
Start importing Assets/AddOns/MgFPS_Enemy_Boss_Skins/Textures/EnemyBoss_Royal_Normal.png using Guid(f870f504ca0e76445b79a474501c4925) Importer(2089858483,d624ce77472d68a35037170ec1d2d27e) (ScriptedImporter) -> (artifact id: '763d6a24c3a20c88884b61c5ac63e691') in 0.0189543 seconds
Number of updated asset objects reloaded before import = 0Number of asset objects unloaded after import = 1

========================================================================
Received Import Request.
  Time since last request: 0.000020 seconds.
  path: Assets/AddOns/Mg_Scifi_Music/Mixes/SFMix_NoMelodies.ogg
  artifactKey: Guid(f12d7e423e8520943b5a5343e5619a4e) Importer(2089858483,d624ce77472d68a35037170ec1d2d27e)
Start importing Assets/AddOns/Mg_Scifi_Music/Mixes/SFMix_NoMelodies.ogg using Guid(f12d7e423e8520943b5a5343e5619a4e) Importer(2089858483,d624ce77472d68a35037170ec1d2d27e) (ScriptedImporter) -> (artifact id: '5ee865d6d06f79c512615aeaa1b34922') in 0.6413632 seconds
Number of updated asset objects reloaded before import = 0Number of asset objects unloaded after import = 1

========================================================================
Received Import Request.
  Time since last request: 0.000027 seconds.
  path: Assets/CodeMonkey/KeyDoorSystem/Objects/DoorPrefab Green.prefab
  artifactKey: Guid(3789f9e5acf3e9b46a48f3f0d3468a72) Importer(2089858483,d624ce77472d68a35037170ec1d2d27e)
Start importing Assets/CodeMonkey/KeyDoorSystem/Objects/DoorPrefab Green.prefab using Guid(3789f9e5acf3e9b46a48f3f0d3468a72) Importer(2089858483,d624ce77472d68a35037170ec1d2d27e) (ScriptedImporter) -> (artifact id: '557410ca5f381c187da6f46897297f51') in 0.0219096 seconds
Number of updated asset objects reloaded before import = 0Number of asset objects unloaded after import = 77

========================================================================
Received Import Request.
  Time since last request: 0.000019 seconds.
  path: Assets/AddOns/Mg_Scifi_Music/Mixers&Tracks/MS20Zaps.ogg
  artifactKey: Guid(ccefe8a53ab32a44a939ed94ef0ea630) Importer(2089858483,d624ce77472d68a35037170ec1d2d27e)
Start importing Assets/AddOns/Mg_Scifi_Music/Mixers&Tracks/MS20Zaps.ogg using Guid(ccefe8a53ab32a44a939ed94ef0ea630) Importer(2089858483,d624ce77472d68a35037170ec1d2d27e) (ScriptedImporter) -> (artifact id: '32ea403606b225904ca6290341646e0e') in 0.0714731 seconds
Number of updated asset objects reloaded before import = 0Number of asset objects unloaded after import = 1

========================================================================
Received Import Request.
  Time since last request: 0.000020 seconds.
  path: Assets/AddOns/Mg_Scifi_Music/Mixers&Tracks/PluckSynth.ogg
  artifactKey: Guid(52f66d7baf2e8a24695e71b6cf748af2) Importer(2089858483,d624ce77472d68a35037170ec1d2d27e)
Start importing Assets/AddOns/Mg_Scifi_Music/Mixers&Tracks/PluckSynth.ogg using Guid(52f66d7baf2e8a24695e71b6cf748af2) Importer(2089858483,d624ce77472d68a35037170ec1d2d27e) (ScriptedImporter) -> (artifact id: '560e99236f9468d7323044566cc83a8d') in 0.0752169 seconds
Number of updated asset objects reloaded before import = 0Number of asset objects unloaded after import = 1

========================================================================
Received Import Request.
  Time since last request: 0.000029 seconds.
  path: Assets/AddOns/Mg_Scifi_Music/Mixers&Tracks/Piano_PluckSynth.ogg
  artifactKey: Guid(6655f2649bb395e40af5d70f9b90ca76) Importer(2089858483,d624ce77472d68a35037170ec1d2d27e)
Start importing Assets/AddOns/Mg_Scifi_Music/Mixers&Tracks/Piano_PluckSynth.ogg using Guid(6655f2649bb395e40af5d70f9b90ca76) Importer(2089858483,d624ce77472d68a35037170ec1d2d27e) (ScriptedImporter) -> (artifact id: '2f844d33aee17cbf2e01d5320c2a0636') in 0.0690343 seconds
Number of updated asset objects reloaded before import = 0Number of asset objects unloaded after import = 1

========================================================================
Received Import Request.
  Time since last request: 0.000018 seconds.
  path: Assets/AddOns/MgFPS_RemixSFX/Weapons/FPSRmx_Shotgun_Shot02.wav
  artifactKey: Guid(c1a6f18a3d7901f4faf9cc467ed52eba) Importer(2089858483,d624ce77472d68a35037170ec1d2d27e)
Start importing Assets/AddOns/MgFPS_RemixSFX/Weapons/FPSRmx_Shotgun_Shot02.wav using Guid(c1a6f18a3d7901f4faf9cc467ed52eba) Importer(2089858483,d624ce77472d68a35037170ec1d2d27e) (ScriptedImporter) -> (artifact id: '392c36e38fb526755fb45f347159ad36') in 0.0213986 seconds
Number of updated asset objects reloaded before import = 0Number of asset objects unloaded after import = 1

========================================================================
Received Import Request.
  Time since last request: 0.000018 seconds.
  path: Assets/AddOns/MgFPS_Fireballer/Fireballer_VFX/VFX_Fireballer_Impact.prefab
  artifactKey: Guid(cf9ed5769486df14798080bee5d38692) Importer(2089858483,d624ce77472d68a35037170ec1d2d27e)
Start importing Assets/AddOns/MgFPS_Fireballer/Fireballer_VFX/VFX_Fireballer_Impact.prefab using Guid(cf9ed5769486df14798080bee5d38692) Importer(2089858483,d624ce77472d68a35037170ec1d2d27e) (ScriptedImporter) -> (artifact id: 'd5b2f4cb5c6883e0ceb5ed2ff668eedf') in 0.0247863 seconds
Number of updated asset objects reloaded before import = 0Number of asset objects unloaded after import = 22

========================================================================
Received Import Request.
  Time since last request: 0.000036 seconds.
  path: Assets/CodeMonkey/KeyDoorSystem/Objects/KeyPrefabBlue.prefab
  artifactKey: Guid(153b48c1a8887d44ab10780bec4533d1) Importer(2089858483,d624ce77472d68a35037170ec1d2d27e)
Start importing Assets/CodeMonkey/KeyDoorSystem/Objects/KeyPrefabBlue.prefab using Guid(153b48c1a8887d44ab10780bec4533d1) Importer(2089858483,d624ce77472d68a35037170ec1d2d27e) (ScriptedImporter) -> (artifact id: '92277cfc65cc1f57e4eaba6fb8107227') in 0.0172088 seconds
Number of updated asset objects reloaded before import = 0Number of asset objects unloaded after import = 29

========================================================================
Received Import Request.
  Time since last request: 0.000020 seconds.
  path: Assets/AddOns/MgFPS_Enemy_Boss_Skins/Textures/Navigation_Module_TwinJet_Royal_AlbedoTransparency.png
  artifactKey: Guid(269090b3fc605c24c807ba1af5b998fd) Importer(2089858483,d624ce77472d68a35037170ec1d2d27e)
Start importing Assets/AddOns/MgFPS_Enemy_Boss_Skins/Textures/Navigation_Module_TwinJet_Royal_AlbedoTransparency.png using Guid(269090b3fc605c24c807ba1af5b998fd) Importer(2089858483,d624ce77472d68a35037170ec1d2d27e) (ScriptedImporter) -> (artifact id: '7a4e57b0a6a37c8de68c8ac1dfe09914') in 0.0165494 seconds
Number of updated asset objects reloaded before import = 0Number of asset objects unloaded after import = 1

========================================================================
Received Import Request.
  Time since last request: 0.000017 seconds.
  path: Assets/CodeMonkey/KeyDoorSystem/Materials/DoorLockTumblerGreen.mat
  artifactKey: Guid(5e21860ea98f60644a9d4396d77aef71) Importer(2089858483,d624ce77472d68a35037170ec1d2d27e)
Start importing Assets/CodeMonkey/KeyDoorSystem/Materials/DoorLockTumblerGreen.mat using Guid(5e21860ea98f60644a9d4396d77aef71) Importer(2089858483,d624ce77472d68a35037170ec1d2d27e) (ScriptedImporter) -> (artifact id: '5445c18ae7c3eaffe63c26c3d1215077') in 0.0143214 seconds
Number of updated asset objects reloaded before import = 0Number of asset objects unloaded after import = 2

========================================================================
Received Import Request.
  Time since last request: 0.000022 seconds.
  path: Assets/AddOns/Mg_Scifi_Music/Mixers&Tracks/WobblySynth.ogg
  artifactKey: Guid(b0f8ca693f4b5fa42b044db806f12006) Importer(2089858483,d624ce77472d68a35037170ec1d2d27e)
Start importing Assets/AddOns/Mg_Scifi_Music/Mixers&Tracks/WobblySynth.ogg using Guid(b0f8ca693f4b5fa42b044db806f12006) Importer(2089858483,d624ce77472d68a35037170ec1d2d27e) (ScriptedImporter) -> (artifact id: '38f81b3522b3aeacfaaf037923477b43') in 0.0673578 seconds
Number of updated asset objects reloaded before import = 0Number of asset objects unloaded after import = 1

========================================================================
Received Import Request.
  Time since last request: 0.000030 seconds.
  path: Assets/AddOns/MgFPS_RemixSFX/Player/FPSRmx_Land.wav
  artifactKey: Guid(2eb8edcabeba569468366e37ebe6d7b6) Importer(2089858483,d624ce77472d68a35037170ec1d2d27e)
Start importing Assets/AddOns/MgFPS_RemixSFX/Player/FPSRmx_Land.wav using Guid(2eb8edcabeba569468366e37ebe6d7b6) Importer(2089858483,d624ce77472d68a35037170ec1d2d27e) (ScriptedImporter) -> (artifact id: '41dc3c93080e97daefbb2d65d77fad95') in 0.0255677 seconds
Number of updated asset objects reloaded before import = 0Number of asset objects unloaded after import = 1

========================================================================
Received Import Request.
  Time since last request: 0.000020 seconds.
  path: Assets/AddOns/Mg3D_Animated_Sci-fi/Meshes/Generator_A_02.asset
  artifactKey: Guid(d0f136b1ca0f5624ba52e484ce360542) Importer(2089858483,d624ce77472d68a35037170ec1d2d27e)
Start importing Assets/AddOns/Mg3D_Animated_Sci-fi/Meshes/Generator_A_02.asset using Guid(d0f136b1ca0f5624ba52e484ce360542) Importer(2089858483,d624ce77472d68a35037170ec1d2d27e) (ScriptedImporter) -> (artifact id: '50ae25de3efc9f07c2c30690da4a7591') in 0.0137529 seconds
Number of updated asset objects reloaded before import = 0Number of asset objects unloaded after import = 1

========================================================================
Received Import Request.
  Time since last request: 0.000018 seconds.
  path: Assets/AddOns/MgFPS_Enemy_Boss/Prefabs/Detection_Module_TV_R.prefab
  artifactKey: Guid(379e7f2f1f0ed26438b516d5a77df71d) Importer(2089858483,d624ce77472d68a35037170ec1d2d27e)
Start importing Assets/AddOns/MgFPS_Enemy_Boss/Prefabs/Detection_Module_TV_R.prefab using Guid(379e7f2f1f0ed26438b516d5a77df71d) Importer(2089858483,d624ce77472d68a35037170ec1d2d27e) (ScriptedImporter) -> (artifact id: 'e661a259fb640c513e52f57980f41a7a') in 0.0292963 seconds
Number of updated asset objects reloaded before import = 0Number of asset objects unloaded after import = 26

========================================================================
Received Import Request.
  Time since last request: 0.000018 seconds.
  path: Assets/AddOns/Mg3D_Hats/PajamaHat.fbx
  artifactKey: Guid(1e46f1bfa8a3e6f4c89441c63032e7f4) Importer(2089858483,d624ce77472d68a35037170ec1d2d27e)
Start importing Assets/AddOns/Mg3D_Hats/PajamaHat.fbx using Guid(1e46f1bfa8a3e6f4c89441c63032e7f4) Importer(2089858483,d624ce77472d68a35037170ec1d2d27e) (ScriptedImporter) -> (artifact id: 'e7648b6be28bd68a8e3bcf1419460257') in 0.0194583 seconds
Number of updated asset objects reloaded before import = 0Number of asset objects unloaded after import = 11

========================================================================
Received Import Request.
  Time since last request: 0.314002 seconds.
  path: Assets/CodeMonkey/KeyDoorSystem/Scripts/DoorLock.cs
  artifactKey: Guid(42a815ea911f18941a896201aedb4363) Importer(2089858483,d624ce77472d68a35037170ec1d2d27e)
Start importing Assets/CodeMonkey/KeyDoorSystem/Scripts/DoorLock.cs using Guid(42a815ea911f18941a896201aedb4363) Importer(2089858483,d624ce77472d68a35037170ec1d2d27e) (ScriptedImporter) -> (artifact id: 'ae99febb2069c4c945f41ee0e8cd8709') in 0.0186411 seconds
Number of updated asset objects reloaded before import = 0Number of asset objects unloaded after import = 0

========================================================================
Received Import Request.
  Time since last request: 0.000015 seconds.
  path: Assets/FPS/Animation/Rigs/HoverBot.fbx
  artifactKey: Guid(8e64c7aa328349d4ea713298f19a414f) Importer(2089858483,d624ce77472d68a35037170ec1d2d27e)
Start importing Assets/FPS/Animation/Rigs/HoverBot.fbx using Guid(8e64c7aa328349d4ea713298f19a414f) Importer(2089858483,d624ce77472d68a35037170ec1d2d27e) (ScriptedImporter) -> (artifact id: 'b8cb7c1d86bffbeda0538c604a7e6a5f') in 0.0223887 seconds
Number of updated asset objects reloaded before import = 0Number of asset objects unloaded after import = 54

========================================================================
Received Import Request.
  Time since last request: 0.000028 seconds.
  path: Assets/FPS/Prefabs/RootObjects/OBJWall_4m.obj
  artifactKey: Guid(3a5510c8020397346b8db5d31aed01ac) Importer(2089858483,d624ce77472d68a35037170ec1d2d27e)
Start importing Assets/FPS/Prefabs/RootObjects/OBJWall_4m.obj using Guid(3a5510c8020397346b8db5d31aed01ac) Importer(2089858483,d624ce77472d68a35037170ec1d2d27e) (ScriptedImporter) -> (artifact id: 'b322094ce0968cfa12641921c07ed63d') in 0.0230335 seconds
Number of updated asset objects reloaded before import = 0Number of asset objects unloaded after import = 10

========================================================================
Received Import Request.
  Time since last request: 0.000013 seconds.
  path: Assets/FPS/Prefabs/Pickups/Loot_Health.prefab
  artifactKey: Guid(9973c412032becb4ca116ca08be62edf) Importer(2089858483,d624ce77472d68a35037170ec1d2d27e)
Start importing Assets/FPS/Prefabs/Pickups/Loot_Health.prefab using Guid(9973c412032becb4ca116ca08be62edf) Importer(2089858483,d624ce77472d68a35037170ec1d2d27e) (ScriptedImporter) -> (artifact id: '969909c7bb4e99f2bacbf0e6e414c274') in 0.0345001 seconds
Number of updated asset objects reloaded before import = 0Number of asset objects unloaded after import = 52

========================================================================
Received Import Request.
  Time since last request: 0.000016 seconds.
  path: Assets/FPS/Art/Models/Mesh_Projectile.fbx
  artifactKey: Guid(dac2420a19d8c8e46b7d36c8e3817523) Importer(2089858483,d624ce77472d68a35037170ec1d2d27e)
Start importing Assets/FPS/Art/Models/Mesh_Projectile.fbx using Guid(dac2420a19d8c8e46b7d36c8e3817523) Importer(2089858483,d624ce77472d68a35037170ec1d2d27e) (ScriptedImporter) -> (artifact id: '31cea20ff2d4749a7d76c3343b3d4d01') in 0.0333488 seconds
Number of updated asset objects reloaded before import = 0Number of asset objects unloaded after import = 7

========================================================================
Received Import Request.
  Time since last request: 0.000018 seconds.
  path: Assets/FPS/Prefabs/RootObjects/Altar.mtl
  artifactKey: Guid(ffbd29ad2bba3994a866553cda74f5f5) Importer(2089858483,d624ce77472d68a35037170ec1d2d27e)
Start importing Assets/FPS/Prefabs/RootObjects/Altar.mtl using Guid(ffbd29ad2bba3994a866553cda74f5f5) Importer(2089858483,d624ce77472d68a35037170ec1d2d27e) (ScriptedImporter) -> (artifact id: '33561bf28dcb2c0f233c799066e3ba88') in 0.0119945 seconds
Number of updated asset objects reloaded before import = 0Number of asset objects unloaded after import = 1

========================================================================
Received Import Request.
  Time since last request: 0.000020 seconds.
  path: Assets/FPS/Animation/Turret/Turret@AttackOut.fbx
  artifactKey: Guid(a43aac245dca8ed4da27d100a5b9e5a3) Importer(2089858483,d624ce77472d68a35037170ec1d2d27e)
Start importing Assets/FPS/Animation/Turret/Turret@AttackOut.fbx using Guid(a43aac245dca8ed4da27d100a5b9e5a3) Importer(2089858483,d624ce77472d68a35037170ec1d2d27e) (ScriptedImporter) -> (artifact id: '0fa1fc554008362da980fa585086e10f') in 0.0473254 seconds
Number of updated asset objects reloaded before import = 0Number of asset objects unloaded after import = 20

========================================================================
Received Import Request.
  Time since last request: 0.000013 seconds.
  path: Assets/FPS/Prefabs/UI/GameMessageGeneric.prefab
  artifactKey: Guid(dbfc7742a2f49bf42a9a012e4ec4b773) Importer(2089858483,d624ce77472d68a35037170ec1d2d27e)
Start importing Assets/FPS/Prefabs/UI/GameMessageGeneric.prefab using Guid(dbfc7742a2f49bf42a9a012e4ec4b773) Importer(2089858483,d624ce77472d68a35037170ec1d2d27e) (ScriptedImporter) -> (artifact id: 'ea19f4b9f54e770a4f0626a9495e28ba') in 0.0384391 seconds
Number of updated asset objects reloaded before import = 0Number of asset objects unloaded after import = 19

========================================================================
Received Import Request.
  Time since last request: 0.000017 seconds.
  path: Assets/FPS/Prefabs/Projectiles/Projectile_Shotgun.prefab
  artifactKey: Guid(f05c7e6fbbfbe824388456bb4abff9d4) Importer(2089858483,d624ce77472d68a35037170ec1d2d27e)
Start importing Assets/FPS/Prefabs/Projectiles/Projectile_Shotgun.prefab using Guid(f05c7e6fbbfbe824388456bb4abff9d4) Importer(2089858483,d624ce77472d68a35037170ec1d2d27e) (ScriptedImporter) -> (artifact id: '15face016d4859943a7ddd91b0fc9f83') in 0.017155 seconds
Number of updated asset objects reloaded before import = 0Number of asset objects unloaded after import = 17

========================================================================
Received Import Request.
  Time since last request: 0.000029 seconds.
  path: Assets/FPS/Prefabs/RootObjects/OBJWall_1m.obj
  artifactKey: Guid(045caaf225a94314da92f49a829f116c) Importer(2089858483,d624ce77472d68a35037170ec1d2d27e)
Start importing Assets/FPS/Prefabs/RootObjects/OBJWall_1m.obj using Guid(045caaf225a94314da92f49a829f116c) Importer(2089858483,d624ce77472d68a35037170ec1d2d27e) (ScriptedImporter) -> (artifact id: '75212f7884bcabe216e113e0c0ec7b24') in 0.0217675 seconds
Number of updated asset objects reloaded before import = 0Number of asset objects unloaded after import = 10

========================================================================
Received Import Request.
  Time since last request: 0.000015 seconds.
  path: Assets/FPS/Scripts/AI/EnemyTurret.cs
  artifactKey: Guid(a4cb5371dba09ee46806cbe0c2aa2c9c) Importer(2089858483,d624ce77472d68a35037170ec1d2d27e)
Start importing Assets/FPS/Scripts/AI/EnemyTurret.cs using Guid(a4cb5371dba09ee46806cbe0c2aa2c9c) Importer(2089858483,d624ce77472d68a35037170ec1d2d27e) (ScriptedImporter) -> (artifact id: 'df02cb099fbb73e5663347da55e3c657') in 0.0173681 seconds
Number of updated asset objects reloaded before import = 0Number of asset objects unloaded after import = 0

========================================================================
Received Import Request.
  Time since last request: 0.000019 seconds.
  path: Assets/FPS/Prefabs/VFX/VFX_LazerSparksGreen.prefab
  artifactKey: Guid(a7d68b1a502e02a49b8efb1b86a8c931) Importer(2089858483,d624ce77472d68a35037170ec1d2d27e)
Start importing Assets/FPS/Prefabs/VFX/VFX_LazerSparksGreen.prefab using Guid(a7d68b1a502e02a49b8efb1b86a8c931) Importer(2089858483,d624ce77472d68a35037170ec1d2d27e) (ScriptedImporter) -> (artifact id: '222969c7a03004e94d69b4b8de81c3d7') in 0.0311865 seconds
Number of updated asset objects reloaded before import = 0Number of asset objects unloaded after import = 6

========================================================================
Received Import Request.
  Time since last request: 0.000018 seconds.
  path: Assets/FPS/Prefabs/VFX/VFX_MuzzleFlashRed.prefab
  artifactKey: Guid(3f5b545b9a1e74c418b061bba5bb9e2c) Importer(2089858483,d624ce77472d68a35037170ec1d2d27e)
Start importing Assets/FPS/Prefabs/VFX/VFX_MuzzleFlashRed.prefab using Guid(3f5b545b9a1e74c418b061bba5bb9e2c) Importer(2089858483,d624ce77472d68a35037170ec1d2d27e) (ScriptedImporter) -> (artifact id: '4864d87fc7e82baf4ffe93cfd99cb888') in 0.0283228 seconds
Number of updated asset objects reloaded before import = 0Number of asset objects unloaded after import = 6

========================================================================
Received Import Request.
  Time since last request: 0.000024 seconds.
  path: Assets/FPS/Prefabs/VFX/VFX_LazerSparksRed.prefab
  artifactKey: Guid(4d48b487f11e62940a978c7c0c0cbcb4) Importer(2089858483,d624ce77472d68a35037170ec1d2d27e)
Start importing Assets/FPS/Prefabs/VFX/VFX_LazerSparksRed.prefab using Guid(4d48b487f11e62940a978c7c0c0cbcb4) Importer(2089858483,d624ce77472d68a35037170ec1d2d27e) (ScriptedImporter) -> (artifact id: '653f92d3e62b35e6d4e5236f5529e1bb') in 0.0267354 seconds
Number of updated asset objects reloaded before import = 0Number of asset objects unloaded after import = 6

========================================================================
Received Import Request.
  Time since last request: 0.000012 seconds.
  path: Assets/FPS/Prefabs/UI/ObjectiveToastPrimary.prefab
  artifactKey: Guid(825d6b0d7b3a7394a9f51c7b6900c135) Importer(2089858483,d624ce77472d68a35037170ec1d2d27e)
Start importing Assets/FPS/Prefabs/UI/ObjectiveToastPrimary.prefab using Guid(825d6b0d7b3a7394a9f51c7b6900c135) Importer(2089858483,d624ce77472d68a35037170ec1d2d27e) (ScriptedImporter) -> (artifact id: 'e7a0cef2bf230306ab63a0b96e4079ce') in 0.7031748 seconds
Number of updated asset objects reloaded before import = 0Number of asset objects unloaded after import = 42

========================================================================
Received Import Request.
  Time since last request: 0.000017 seconds.
  path: Assets/FPS/Tutorials/AddARoom/50-Project-Window.asset
  artifactKey: Guid(1412dffa60f2b49ca800527d3e14db38) Importer(2089858483,d624ce77472d68a35037170ec1d2d27e)
Start importing Assets/FPS/Tutorials/AddARoom/50-Project-Window.asset using Guid(1412dffa60f2b49ca800527d3e14db38) Importer(2089858483,d624ce77472d68a35037170ec1d2d27e) (ScriptedImporter) -> (artifact id: '137d3fab9a72f3bc9eacc118e5910d1c') in 0.048163 seconds
Number of updated asset objects reloaded before import = 0Number of asset objects unloaded after import = 3

========================================================================
Received Import Request.
  Time since last request: 0.000028 seconds.
  path: Assets/FPS/Tutorials/AddARoom/08.asset
  artifactKey: Guid(894f5e0cc670c46f687629af79655cc4) Importer(2089858483,d624ce77472d68a35037170ec1d2d27e)
Start importing Assets/FPS/Tutorials/AddARoom/08.asset using Guid(894f5e0cc670c46f687629af79655cc4) Importer(2089858483,d624ce77472d68a35037170ec1d2d27e) (ScriptedImporter) -> (artifact id: 'c6b9272bf43f64697704b6aeabe53c33') in 0.0251801 seconds
Number of updated asset objects reloaded before import = 0Number of asset objects unloaded after import = 3

========================================================================
Received Import Request.
  Time since last request: 0.000021 seconds.
  path: Assets/FPS/Prefabs/Weapons/Weapon_Blaster.prefab
  artifactKey: Guid(b318fabc73446b746a1005cede0c4ceb) Importer(2089858483,d624ce77472d68a35037170ec1d2d27e)
Start importing Assets/FPS/Prefabs/Weapons/Weapon_Blaster.prefab using Guid(b318fabc73446b746a1005cede0c4ceb) Importer(2089858483,d624ce77472d68a35037170ec1d2d27e) (ScriptedImporter) -> (artifact id: 'bef592c5f7686015a519ae992de97192') in 0.0435277 seconds
Number of updated asset objects reloaded before import = 0Number of asset objects unloaded after import = 109

========================================================================
Received Import Request.
  Time since last request: 0.000023 seconds.
  path: Assets/FPS/Scenes/MainScene/NavMesh-NavMeshSurface 2.asset
  artifactKey: Guid(127238512233a4645994c52c2d3f8918) Importer(2089858483,d624ce77472d68a35037170ec1d2d27e)
Start importing Assets/FPS/Scenes/MainScene/NavMesh-NavMeshSurface 2.asset using Guid(127238512233a4645994c52c2d3f8918) Importer(2089858483,d624ce77472d68a35037170ec1d2d27e) (ScriptedImporter) -> (artifact id: '328120ee70b5b6d409bfff1b01c5e7eb') in 0.0208606 seconds
Number of updated asset objects reloaded before import = 0Number of asset objects unloaded after import = 1

========================================================================
Received Import Request.
  Time since last request: 0.000025 seconds.
  path: Assets/FPS/Scripts/UI/EnemyCounter.cs
  artifactKey: Guid(08c7efe3ccf2ba046911cbd83f3c8b72) Importer(2089858483,d624ce77472d68a35037170ec1d2d27e)
Start importing Assets/FPS/Scripts/UI/EnemyCounter.cs using Guid(08c7efe3ccf2ba046911cbd83f3c8b72) Importer(2089858483,d624ce77472d68a35037170ec1d2d27e) (ScriptedImporter) -> (artifact id: 'eb0372bc421389f78695758c7417493d') in 0.0156851 seconds
Number of updated asset objects reloaded before import = 0Number of asset objects unloaded after import = 0

========================================================================
Received Import Request.
  Time since last request: 0.000020 seconds.
  path: Assets/FPS/Scripts/UI/DisplayMessage.cs
  artifactKey: Guid(ea4170175d245c6409bb0cb4cc7b2c5f) Importer(2089858483,d624ce77472d68a35037170ec1d2d27e)
Start importing Assets/FPS/Scripts/UI/DisplayMessage.cs using Guid(ea4170175d245c6409bb0cb4cc7b2c5f) Importer(2089858483,d624ce77472d68a35037170ec1d2d27e) (ScriptedImporter) -> (artifact id: '2902a5b5736b3965fe4763a826c574a3') in 0.0108417 seconds
Number of updated asset objects reloaded before import = 0Number of asset objects unloaded after import = 0

========================================================================
Received Import Request.
  Time since last request: 0.000016 seconds.
  path: Assets/FPS/Scripts/UI/DisplayMessageManager.cs
  artifactKey: Guid(f05022e63392c3c499c70ac5ae3b5d4d) Importer(2089858483,d624ce77472d68a35037170ec1d2d27e)
Start importing Assets/FPS/Scripts/UI/DisplayMessageManager.cs using Guid(f05022e63392c3c499c70ac5ae3b5d4d) Importer(2089858483,d624ce77472d68a35037170ec1d2d27e) (ScriptedImporter) -> (artifact id: 'fc717172766206fd64a36622582c9794') in 0.0170809 seconds
Number of updated asset objects reloaded before import = 0Number of asset objects unloaded after import = 0

========================================================================
Received Import Request.
  Time since last request: 0.000021 seconds.
  path: Assets/FPS/Scripts/AI/fps.AI.asmdef
  artifactKey: Guid(e9dc24b3d0971d64a9e95b6986d97af5) Importer(2089858483,d624ce77472d68a35037170ec1d2d27e)
Start importing Assets/FPS/Scripts/AI/fps.AI.asmdef using Guid(e9dc24b3d0971d64a9e95b6986d97af5) Importer(2089858483,d624ce77472d68a35037170ec1d2d27e) (ScriptedImporter) -> (artifact id: '7e7e46774699d201c0b0f1633ea627d9') in 0.0315611 seconds
Number of updated asset objects reloaded before import = 0Number of asset objects unloaded after import = 1

========================================================================
Received Import Request.
  Time since last request: 0.000028 seconds.
  path: Assets/CodeMonkey/KeyDoorSystem/_Demo/KeyDoorSystem_Player.cs
  artifactKey: Guid(54a22e6a490b625498c0db191515d230) Importer(2089858483,d624ce77472d68a35037170ec1d2d27e)
Start importing Assets/CodeMonkey/KeyDoorSystem/_Demo/KeyDoorSystem_Player.cs using Guid(54a22e6a490b625498c0db191515d230) Importer(2089858483,d624ce77472d68a35037170ec1d2d27e) (ScriptedImporter) -> (artifact id: 'bf78277efc83e612e0969f4e201f8523') in 0.0194626 seconds
Number of updated asset objects reloaded before import = 0Number of asset objects unloaded after import = 0

========================================================================
Received Import Request.
  Time since last request: 0.000013 seconds.
  path: Assets/FPS/Prefabs/RootObjects/OBJWall_DoorLarge.obj
  artifactKey: Guid(9666b3e5e6a511b46b236073a147d986) Importer(2089858483,d624ce77472d68a35037170ec1d2d27e)
Start importing Assets/FPS/Prefabs/RootObjects/OBJWall_DoorLarge.obj using Guid(9666b3e5e6a511b46b236073a147d986) Importer(2089858483,d624ce77472d68a35037170ec1d2d27e) (ScriptedImporter) -> (artifact id: 'e34cb6a1e45df2df1e20e81b78de6976') in 0.0275216 seconds
Number of updated asset objects reloaded before import = 0Number of asset objects unloaded after import = 11

========================================================================
Received Import Request.
  Time since last request: 0.000018 seconds.
  path: Assets/FPS/Tutorials/EditColors/07-Exit-Play - delete.asset
  artifactKey: Guid(15155edbeeb2248f59f97ad7fb417415) Importer(2089858483,d624ce77472d68a35037170ec1d2d27e)
Start importing Assets/FPS/Tutorials/EditColors/07-Exit-Play - delete.asset using Guid(15155edbeeb2248f59f97ad7fb417415) Importer(2089858483,d624ce77472d68a35037170ec1d2d27e) (ScriptedImporter) -> (artifact id: '572481cf9867bf9d930830d67edb0473') in 0.3712371 seconds
Number of updated asset objects reloaded before import = 0Number of asset objects unloaded after import = 3

========================================================================
Received Import Request.
  Time since last request: 0.000013 seconds.
  path: Assets/FPS/Tutorials/AddARoom/Add-A-Room-Walkthrough.asset
  artifactKey: Guid(97ff54290d4d54a86b2e22ed724ab843) Importer(2089858483,d624ce77472d68a35037170ec1d2d27e)
Start importing Assets/FPS/Tutorials/AddARoom/Add-A-Room-Walkthrough.asset using Guid(97ff54290d4d54a86b2e22ed724ab843) Importer(2089858483,d624ce77472d68a35037170ec1d2d27e) (ScriptedImporter) -> (artifact id: '357d6996a3f55dc00e729ae9a4cf7f27') in 0.2641567 seconds
Number of updated asset objects reloaded before import = 0Number of asset objects unloaded after import = 879

========================================================================
Received Import Request.
  Time since last request: 0.000029 seconds.
  path: Assets/FPS/Tutorials/Playtest/WT-Hiearchy.png
  artifactKey: Guid(6f72f138bef974fbc9d23c3d07132789) Importer(2089858483,d624ce77472d68a35037170ec1d2d27e)
Start importing Assets/FPS/Tutorials/Playtest/WT-Hiearchy.png using Guid(6f72f138bef974fbc9d23c3d07132789) Importer(2089858483,d624ce77472d68a35037170ec1d2d27e) (ScriptedImporter) -> (artifact id: 'ad37e2c3580747d641119ad82d181272') in 0.0225158 seconds
Number of updated asset objects reloaded before import = 0Number of asset objects unloaded after import = 1

========================================================================
Received Import Request.
  Time since last request: 0.000017 seconds.
  path: Assets/FPS/Tutorials/WhatsNext/WhatsNext 02.asset
  artifactKey: Guid(474cf41e6576c9d428e243b035664456) Importer(2089858483,d624ce77472d68a35037170ec1d2d27e)
Start importing Assets/FPS/Tutorials/WhatsNext/WhatsNext 02.asset using Guid(474cf41e6576c9d428e243b035664456) Importer(2089858483,d624ce77472d68a35037170ec1d2d27e) (ScriptedImporter) -> (artifact id: '43d4759723c48f1704cca2a5f9540ad8') in 0.0181932 seconds
Number of updated asset objects reloaded before import = 0Number of asset objects unloaded after import = 3

========================================================================
Received Import Request.
  Time since last request: 0.000017 seconds.
  path: Assets/FPS/Scripts/UI/WeaponHUDManager.cs
  artifactKey: Guid(d92192f1b2e47e444a80f725b8cbca36) Importer(2089858483,d624ce77472d68a35037170ec1d2d27e)
Start importing Assets/FPS/Scripts/UI/WeaponHUDManager.cs using Guid(d92192f1b2e47e444a80f725b8cbca36) Importer(2089858483,d624ce77472d68a35037170ec1d2d27e) (ScriptedImporter) -> (artifact id: '67b35d84161ee4e0f2ab3a38296efaa1') in 0.0478804 seconds
Number of updated asset objects reloaded before import = 0Number of asset objects unloaded after import = 0

========================================================================
Received Import Request.
  Time since last request: 0.000020 seconds.
  path: Assets/FPS/Tutorials/BuildAndPublish/WT-Publish-Click.mov
  artifactKey: Guid(1e217e28d0252294f8db002b95c87209) Importer(2089858483,d624ce77472d68a35037170ec1d2d27e)
Start importing Assets/FPS/Tutorials/BuildAndPublish/WT-Publish-Click.mov using Guid(1e217e28d0252294f8db002b95c87209) Importer(2089858483,d624ce77472d68a35037170ec1d2d27e) (ScriptedImporter) -> (artifact id: '5cf0f9ac2244e16421439dedb327e926') in 0.022014 seconds
Number of updated asset objects reloaded before import = 0Number of asset objects unloaded after import = 1

========================================================================
Received Import Request.
  Time since last request: 0.000037 seconds.
  path: Assets/FPS/Tutorials/EditColors/08-Done.asset
  artifactKey: Guid(d7e4166225f6e40a6a76a0ef2e7ce187) Importer(2089858483,d624ce77472d68a35037170ec1d2d27e)
Start importing Assets/FPS/Tutorials/EditColors/08-Done.asset using Guid(d7e4166225f6e40a6a76a0ef2e7ce187) Importer(2089858483,d624ce77472d68a35037170ec1d2d27e) (ScriptedImporter) -> (artifact id: '545920ba19560b712133668f8c60b3ce') in 0.3149065 seconds
Number of updated asset objects reloaded before import = 0Number of asset objects unloaded after import = 879

========================================================================
Received Import Request.
  Time since last request: 0.000039 seconds.
  path: Assets/FPS/Scripts/Game/PrefabReplacer.cs
  artifactKey: Guid(55cca505d6267e94fbd3796f4f059ec8) Importer(2089858483,d624ce77472d68a35037170ec1d2d27e)
Start importing Assets/FPS/Scripts/Game/PrefabReplacer.cs using Guid(55cca505d6267e94fbd3796f4f059ec8) Importer(2089858483,d624ce77472d68a35037170ec1d2d27e) (ScriptedImporter) -> (artifact id: '6736f44ef9f3e656a1f41f4ca2bade46') in 0.0195796 seconds
Number of updated asset objects reloaded before import = 0Number of asset objects unloaded after import = 0

========================================================================
Received Import Request.
  Time since last request: 0.000034 seconds.
  path: Assets/FPS/Tutorials/BuildAndPublish/Walkthrough7-020.asset
  artifactKey: Guid(6f964d3cc40f45747aebcf0c57f609ba) Importer(2089858483,d624ce77472d68a35037170ec1d2d27e)
Start importing Assets/FPS/Tutorials/BuildAndPublish/Walkthrough7-020.asset using Guid(6f964d3cc40f45747aebcf0c57f609ba) Importer(2089858483,d624ce77472d68a35037170ec1d2d27e) (ScriptedImporter) -> (artifact id: '1f2411a03c5341f14040caaa6d507322') in 0.0277218 seconds
Number of updated asset objects reloaded before import = 0Number of asset objects unloaded after import = 6

========================================================================
Received Import Request.
  Time since last request: 0.000026 seconds.
  path: Assets/FPS/Tutorials/EditColors/04-Change-Albedo.asset
  artifactKey: Guid(a1a7b0e37eeeb4df28dff27ddf50c9cd) Importer(2089858483,d624ce77472d68a35037170ec1d2d27e)
Start importing Assets/FPS/Tutorials/EditColors/04-Change-Albedo.asset using Guid(a1a7b0e37eeeb4df28dff27ddf50c9cd) Importer(2089858483,d624ce77472d68a35037170ec1d2d27e) (ScriptedImporter) -> (artifact id: '77b30992363c44e16dd919cd7e48f871') in 0.0211572 seconds
Number of updated asset objects reloaded before import = 0Number of asset objects unloaded after import = 5

========================================================================
Received Import Request.
  Time since last request: 0.000026 seconds.
  path: Assets/ModAssets/Materials/Custom Materials/Glass Clear.mat
  artifactKey: Guid(0a7aee634f0a04f16a55b768e33e5040) Importer(2089858483,d624ce77472d68a35037170ec1d2d27e)
Start importing Assets/ModAssets/Materials/Custom Materials/Glass Clear.mat using Guid(0a7aee634f0a04f16a55b768e33e5040) Importer(2089858483,d624ce77472d68a35037170ec1d2d27e) (ScriptedImporter) -> (artifact id: 'dccd7896603f66a80ec32798f230acfc') in 0.0349599 seconds
Number of updated asset objects reloaded before import = 0Number of asset objects unloaded after import = 1

========================================================================
Received Import Request.
  Time since last request: 0.000026 seconds.
  path: Assets/FPS/Animation/Turret/Turret@AttackLoop.fbx
  artifactKey: Guid(8960478e18a418b4da048978e6a4b534) Importer(2089858483,d624ce77472d68a35037170ec1d2d27e)
Start importing Assets/FPS/Animation/Turret/Turret@AttackLoop.fbx using Guid(8960478e18a418b4da048978e6a4b534) Importer(2089858483,d624ce77472d68a35037170ec1d2d27e) (ScriptedImporter) -> (artifact id: '0ffff60faa0682f761ecead9c9823857') in 0.0508132 seconds
Number of updated asset objects reloaded before import = 0Number of asset objects unloaded after import = 20

========================================================================
Received Import Request.
  Time since last request: 0.000018 seconds.
  path: Assets/ModAssets/Models/NatureProps/Cactus.fbx
  artifactKey: Guid(abd8d6df37cf14c4485291b3d13cd460) Importer(2089858483,d624ce77472d68a35037170ec1d2d27e)
Start importing Assets/ModAssets/Models/NatureProps/Cactus.fbx using Guid(abd8d6df37cf14c4485291b3d13cd460) Importer(2089858483,d624ce77472d68a35037170ec1d2d27e) (ScriptedImporter) -> (artifact id: 'f88aeaa8614357a55076175f87edf96f') in 0.0681745 seconds
Number of updated asset objects reloaded before import = 0Number of asset objects unloaded after import = 8

========================================================================
Received Import Request.
  Time since last request: 0.000023 seconds.
  path: Assets/ModAssets/Models/NatureProps/FirTree.fbx
  artifactKey: Guid(5fc0e3d37ec294384aaa0b18e537ff86) Importer(2089858483,d624ce77472d68a35037170ec1d2d27e)
Start importing Assets/ModAssets/Models/NatureProps/FirTree.fbx using Guid(5fc0e3d37ec294384aaa0b18e537ff86) Importer(2089858483,d624ce77472d68a35037170ec1d2d27e) (ScriptedImporter) -> (artifact id: '6b99ce0efe410391f9d28b28e8e711df') in 0.0865816 seconds
Number of updated asset objects reloaded before import = 0Number of asset objects unloaded after import = 9

========================================================================
Received Import Request.
  Time since last request: 0.000026 seconds.
  path: Assets/FPS/Tutorials/WhatsNext/WT-JuniorPgmr.png
  artifactKey: Guid(8d7d04bee915d874186cb9fe24374366) Importer(2089858483,d624ce77472d68a35037170ec1d2d27e)
Start importing Assets/FPS/Tutorials/WhatsNext/WT-JuniorPgmr.png using Guid(8d7d04bee915d874186cb9fe24374366) Importer(2089858483,d624ce77472d68a35037170ec1d2d27e) (ScriptedImporter) -> (artifact id: '0bc361dace31c5847a9f635fb961e97b') in 0.1409472 seconds
Number of updated asset objects reloaded before import = 0Number of asset objects unloaded after import = 3

========================================================================
Received Import Request.
  Time since last request: 0.000015 seconds.
  path: Assets/FPS/Tutorials/AddEnemyBot/WT-Drag-Prefab.mov
  artifactKey: Guid(6f0ce9b5d31f44b9cbb3501409e8913f) Importer(2089858483,d624ce77472d68a35037170ec1d2d27e)
Start importing Assets/FPS/Tutorials/AddEnemyBot/WT-Drag-Prefab.mov using Guid(6f0ce9b5d31f44b9cbb3501409e8913f) Importer(2089858483,d624ce77472d68a35037170ec1d2d27e) (ScriptedImporter) -> (artifact id: '9c2d7086274304e4f1de36101c75b820') in 0.0365679 seconds
Number of updated asset objects reloaded before import = 0Number of asset objects unloaded after import = 1

========================================================================
Received Import Request.
  Time since last request: 0.000026 seconds.
  path: Assets/FPS/Prefabs/RootObjects/OBJRamp_4m.obj
  artifactKey: Guid(22fd404f75517024ca75ed6ea174002e) Importer(2089858483,d624ce77472d68a35037170ec1d2d27e)
Start importing Assets/FPS/Prefabs/RootObjects/OBJRamp_4m.obj using Guid(22fd404f75517024ca75ed6ea174002e) Importer(2089858483,d624ce77472d68a35037170ec1d2d27e) (ScriptedImporter) -> (artifact id: '1e641e4e8c069e0e079c926afd83b4dc') in 0.0176616 seconds
Number of updated asset objects reloaded before import = 0Number of asset objects unloaded after import = 10

========================================================================
Received Import Request.
  Time since last request: 0.000019 seconds.
  path: Assets/AddOns/MgFPS_Aurous/AurousMeshandTextures/Materials/Aurous.mat
  artifactKey: Guid(c6fc44d18442fad4ab2e2ac91a79780d) Importer(2089858483,d624ce77472d68a35037170ec1d2d27e)
Start importing Assets/AddOns/MgFPS_Aurous/AurousMeshandTextures/Materials/Aurous.mat using Guid(c6fc44d18442fad4ab2e2ac91a79780d) Importer(2089858483,d624ce77472d68a35037170ec1d2d27e) (ScriptedImporter) -> (artifact id: '9ecbd932572d4ca49d5d3b7c506b74a9') in 0.023242 seconds
Number of updated asset objects reloaded before import = 0Number of asset objects unloaded after import = 5

========================================================================
Received Import Request.
  Time since last request: 0.000020 seconds.
  path: Assets/AddOns/MgFPS_Aurous/AurousMeshandTextures/Textures/Aurous_MetallicSmoothness.png
  artifactKey: Guid(288082cde36a71342aeb3e3513c50598) Importer(2089858483,d624ce77472d68a35037170ec1d2d27e)
Start importing Assets/AddOns/MgFPS_Aurous/AurousMeshandTextures/Textures/Aurous_MetallicSmoothness.png using Guid(288082cde36a71342aeb3e3513c50598) Importer(2089858483,d624ce77472d68a35037170ec1d2d27e) (ScriptedImporter) -> (artifact id: '12cff75775027421b6cf04157a25c7e4') in 0.017836 seconds
Number of updated asset objects reloaded before import = 0Number of asset objects unloaded after import = 1

========================================================================
Received Import Request.
  Time since last request: 0.000023 seconds.
  path: Assets/ModAssets/Prefabs/Particle Prefabs/ConfettiCelebration.prefab
  artifactKey: Guid(2f5d313409ec64adc9647e645f3fd9f2) Importer(2089858483,d624ce77472d68a35037170ec1d2d27e)
Start importing Assets/ModAssets/Prefabs/Particle Prefabs/ConfettiCelebration.prefab using Guid(2f5d313409ec64adc9647e645f3fd9f2) Importer(2089858483,d624ce77472d68a35037170ec1d2d27e) (ScriptedImporter) -> (artifact id: '1da39438f024a735c8819d6625e435a4') in 0.0277777 seconds
Number of updated asset objects reloaded before import = 0Number of asset objects unloaded after import = 10

========================================================================
Received Import Request.
  Time since last request: 0.000025 seconds.
  path: Assets/FPS/Tutorials/AddEnemyBot/WT-Scale-Object.mov
  artifactKey: Guid(7f3cef5e0a5454fda88c29f03c3615ab) Importer(2089858483,d624ce77472d68a35037170ec1d2d27e)
Start importing Assets/FPS/Tutorials/AddEnemyBot/WT-Scale-Object.mov using Guid(7f3cef5e0a5454fda88c29f03c3615ab) Importer(2089858483,d624ce77472d68a35037170ec1d2d27e) (ScriptedImporter) -> (artifact id: 'a6d5b3af09d9d6d4a691567f129f6bb3') in 0.0141982 seconds
Number of updated asset objects reloaded before import = 0Number of asset objects unloaded after import = 1

========================================================================
Received Import Request.
  Time since last request: 0.000017 seconds.
  path: Assets/TextMesh Pro/Resources/Shaders/TMPro_Surface.cginc
  artifactKey: Guid(22834a605e7826c42a09a9be75b4cf0b) Importer(2089858483,d624ce77472d68a35037170ec1d2d27e)
Start importing Assets/TextMesh Pro/Resources/Shaders/TMPro_Surface.cginc using Guid(22834a605e7826c42a09a9be75b4cf0b) Importer(2089858483,d624ce77472d68a35037170ec1d2d27e) (ScriptedImporter) -> (artifact id: '82bfc27f1dc7268b8b5f21eca3172543') in 0.0243883 seconds
Number of updated asset objects reloaded before import = 0Number of asset objects unloaded after import = 1

========================================================================
Received Import Request.
  Time since last request: 0.000018 seconds.
  path: Assets/ModAssets/Models/NatureProps/Mushroom.fbx
  artifactKey: Guid(403205f95f9214aa7a1f003ae7bd2333) Importer(2089858483,d624ce77472d68a35037170ec1d2d27e)
Start importing Assets/ModAssets/Models/NatureProps/Mushroom.fbx using Guid(403205f95f9214aa7a1f003ae7bd2333) Importer(2089858483,d624ce77472d68a35037170ec1d2d27e) (ScriptedImporter) -> (artifact id: 'e2746c19f5c30b252526dc9dcd28cd38') in 0.0222607 seconds
Number of updated asset objects reloaded before import = 0Number of asset objects unloaded after import = 9

========================================================================
Received Import Request.
  Time since last request: 0.000017 seconds.
  path: Assets/AddOns/MgFPS_Boomshot/BoomShotMeshesandTextures/Materials/BoomShot_Main.mat
  artifactKey: Guid(a21ecfffa716cb64c9d98dcde0765d5c) Importer(2089858483,d624ce77472d68a35037170ec1d2d27e)
Start importing Assets/AddOns/MgFPS_Boomshot/BoomShotMeshesandTextures/Materials/BoomShot_Main.mat using Guid(a21ecfffa716cb64c9d98dcde0765d5c) Importer(2089858483,d624ce77472d68a35037170ec1d2d27e) (ScriptedImporter) -> (artifact id: '63ce9a867a744a1de7e658aa9f492cfc') in 0.0251346 seconds
Number of updated asset objects reloaded before import = 0Number of asset objects unloaded after import = 5

========================================================================
Received Import Request.
  Time since last request: 0.000031 seconds.
  path: Assets/AddOns/MgFPS_Aurous/Aurous_VFX/Textures/Spell_Aurous.png
  artifactKey: Guid(b06450d4eca0b3b4ca535e8bb6fe6fcb) Importer(2089858483,d624ce77472d68a35037170ec1d2d27e)
Start importing Assets/AddOns/MgFPS_Aurous/Aurous_VFX/Textures/Spell_Aurous.png using Guid(b06450d4eca0b3b4ca535e8bb6fe6fcb) Importer(2089858483,d624ce77472d68a35037170ec1d2d27e) (ScriptedImporter) -> (artifact id: '8ef1622489f318b455a02490d62696d8') in 0.0258676 seconds
Number of updated asset objects reloaded before import = 0Number of asset objects unloaded after import = 1

========================================================================
Received Import Request.
  Time since last request: 0.000015 seconds.
  path: Assets/AddOns/MgFPS_Boomshot/BoomShotMeshesandTextures/Textures/BoomShot_Emissive.png
  artifactKey: Guid(7f82a3404e070d84f99439db6116f09b) Importer(2089858483,d624ce77472d68a35037170ec1d2d27e)
Start importing Assets/AddOns/MgFPS_Boomshot/BoomShotMeshesandTextures/Textures/BoomShot_Emissive.png using Guid(7f82a3404e070d84f99439db6116f09b) Importer(2089858483,d624ce77472d68a35037170ec1d2d27e) (ScriptedImporter) -> (artifact id: '8089495686882a072e06090ed88de7af') in 0.0168153 seconds
Number of updated asset objects reloaded before import = 0Number of asset objects unloaded after import = 1

========================================================================
Received Import Request.
  Time since last request: 0.000013 seconds.
  path: Assets/AddOns/MgFPS_Boomshot/BoomShotMeshesandTextures/Models/Weapon_BoomShot.fbx
  artifactKey: Guid(2407b973d8703644c96d9128f78294f0) Importer(2089858483,d624ce77472d68a35037170ec1d2d27e)
Start importing Assets/AddOns/MgFPS_Boomshot/BoomShotMeshesandTextures/Models/Weapon_BoomShot.fbx using Guid(2407b973d8703644c96d9128f78294f0) Importer(2089858483,d624ce77472d68a35037170ec1d2d27e) (ScriptedImporter) -> (artifact id: 'e3f9172476c46607838e2afbe9e2bb34') in 0.0213787 seconds
Number of updated asset objects reloaded before import = 0Number of asset objects unloaded after import = 41

========================================================================
Received Import Request.
  Time since last request: 0.000017 seconds.
  path: Assets/AddOns/MgFPS_Boomshot/BoomShotMeshesandTextures/Textures/HUD_BoomShot.png
  artifactKey: Guid(36fd289e49325f648a841b9c6b9cae08) Importer(2089858483,d624ce77472d68a35037170ec1d2d27e)
Start importing Assets/AddOns/MgFPS_Boomshot/BoomShotMeshesandTextures/Textures/HUD_BoomShot.png using Guid(36fd289e49325f648a841b9c6b9cae08) Importer(2089858483,d624ce77472d68a35037170ec1d2d27e) (ScriptedImporter) -> (artifact id: '42e550c8db19365dd3dcd1d0b2e97204') in 0.0186724 seconds
Number of updated asset objects reloaded before import = 0Number of asset objects unloaded after import = 3

========================================================================
Received Import Request.
  Time since last request: 0.000023 seconds.
  path: Assets/ModAssets/Prefabs/Hat Prefabs/PartyHat.prefab
  artifactKey: Guid(332a6a14085b74fdd9c8f81357a61185) Importer(2089858483,d624ce77472d68a35037170ec1d2d27e)
Start importing Assets/ModAssets/Prefabs/Hat Prefabs/PartyHat.prefab using Guid(332a6a14085b74fdd9c8f81357a61185) Importer(2089858483,d624ce77472d68a35037170ec1d2d27e) (ScriptedImporter) -> (artifact id: 'ccc833338bb5085f831ba517b64dd4d3') in 0.1066698 seconds
Number of updated asset objects reloaded before import = 0Number of asset objects unloaded after import = 14

========================================================================
Received Import Request.
  Time since last request: 0.000015 seconds.
  path: Assets/ModAssets/Models/Totems/Mesh_Statue_Wall.fbx
  artifactKey: Guid(2f7d530ec3a891f44a0ee8e124d8d841) Importer(2089858483,d624ce77472d68a35037170ec1d2d27e)
Start importing Assets/ModAssets/Models/Totems/Mesh_Statue_Wall.fbx using Guid(2f7d530ec3a891f44a0ee8e124d8d841) Importer(2089858483,d624ce77472d68a35037170ec1d2d27e) (ScriptedImporter) -> (artifact id: 'b2cf98e8f1e3d0402f9378511824dbda') in 0.0270075 seconds
Number of updated asset objects reloaded before import = 0Number of asset objects unloaded after import = 7

========================================================================
Received Import Request.
  Time since last request: 0.000014 seconds.
  path: Assets/FPS/Tutorials/Playtest/08-Play-New-Speed.asset
  artifactKey: Guid(e5075e49e79114a2483ea78deb603d8c) Importer(2089858483,d624ce77472d68a35037170ec1d2d27e)
Start importing Assets/FPS/Tutorials/Playtest/08-Play-New-Speed.asset using Guid(e5075e49e79114a2483ea78deb603d8c) Importer(2089858483,d624ce77472d68a35037170ec1d2d27e) (ScriptedImporter) -> (artifact id: 'b720711d0ab493b994663be50d1d3a8b') in 0.0607295 seconds
Number of updated asset objects reloaded before import = 0Number of asset objects unloaded after import = 4

========================================================================
Received Import Request.
  Time since last request: 0.000026 seconds.
  path: Assets/FPS/Tutorials/AddARoom/03-Hand-Tool.asset
  artifactKey: Guid(900124fb13aba4ef4bf556c0f782d127) Importer(2089858483,d624ce77472d68a35037170ec1d2d27e)
Start importing Assets/FPS/Tutorials/AddARoom/03-Hand-Tool.asset using Guid(900124fb13aba4ef4bf556c0f782d127) Importer(2089858483,d624ce77472d68a35037170ec1d2d27e) (ScriptedImporter) -> (artifact id: '7ef8b4ecd77b7dd66c4b8915982976ad') in 0.0576299 seconds
Number of updated asset objects reloaded before import = 0Number of asset objects unloaded after import = 744

========================================================================
Received Import Request.
  Time since last request: 0.000014 seconds.
  path: Assets/FPS/Tutorials/AddEnemyBot/032.asset
  artifactKey: Guid(e83dc02e6ff064ab3b6b55d346838376) Importer(2089858483,d624ce77472d68a35037170ec1d2d27e)
Start importing Assets/FPS/Tutorials/AddEnemyBot/032.asset using Guid(e83dc02e6ff064ab3b6b55d346838376) Importer(2089858483,d624ce77472d68a35037170ec1d2d27e) (ScriptedImporter) -> (artifact id: '1aa075b7b2b113e18e95522bdd77a3b8') in 0.1831799 seconds
Number of updated asset objects reloaded before import = 0Number of asset objects unloaded after import = 746

========================================================================
Received Import Request.
  Time since last request: 0.000016 seconds.
  path: Assets/AddOns/MgFPS_Enemy_Boss/Animations/Animation/Weapon_Module@RocketLauncher_L_Shoot5.fbx
  artifactKey: Guid(1ddd45704d8f84846a61e5a29097c1ef) Importer(2089858483,d624ce77472d68a35037170ec1d2d27e)
Start importing Assets/AddOns/MgFPS_Enemy_Boss/Animations/Animation/Weapon_Module@RocketLauncher_L_Shoot5.fbx using Guid(1ddd45704d8f84846a61e5a29097c1ef) Importer(2089858483,d624ce77472d68a35037170ec1d2d27e) (ScriptedImporter) -> (artifact id: '06aa5603c2395d3ed21d935ecf16cf0f') in 0.1277477 seconds
Number of updated asset objects reloaded before import = 0Number of asset objects unloaded after import = 22

========================================================================
Received Import Request.
  Time since last request: 0.000030 seconds.
  path: Assets/AddOns/MgFPS_Enemy_Boss/Animations/Animation/Weapon_Module@RocketLauncher_L_Shoot3.fbx
  artifactKey: Guid(579ec619bb9e19d40ab1c7cfe86059e3) Importer(2089858483,d624ce77472d68a35037170ec1d2d27e)
Start importing Assets/AddOns/MgFPS_Enemy_Boss/Animations/Animation/Weapon_Module@RocketLauncher_L_Shoot3.fbx using Guid(579ec619bb9e19d40ab1c7cfe86059e3) Importer(2089858483,d624ce77472d68a35037170ec1d2d27e) (ScriptedImporter) -> (artifact id: '52610ae7aa56ac075f199e093c920c83') in 0.0229884 seconds
Number of updated asset objects reloaded before import = 0Number of asset objects unloaded after import = 22

========================================================================
Received Import Request.
  Time since last request: 0.000018 seconds.
  path: Assets/AddOns/MgFPS_Enemy_Boss/Animations/Animation/Weapon_Module@SpinningRadar_R_Hurt.fbx
  artifactKey: Guid(3fdbf73ffbbdf044ab2bef4deda89a9e) Importer(2089858483,d624ce77472d68a35037170ec1d2d27e)
Start importing Assets/AddOns/MgFPS_Enemy_Boss/Animations/Animation/Weapon_Module@SpinningRadar_R_Hurt.fbx using Guid(3fdbf73ffbbdf044ab2bef4deda89a9e) Importer(2089858483,d624ce77472d68a35037170ec1d2d27e) (ScriptedImporter) -> (artifact id: '336f762638b81bb5775971ff3f7d283e') in 0.0198663 seconds
Number of updated asset objects reloaded before import = 0Number of asset objects unloaded after import = 10

========================================================================
Received Import Request.
  Time since last request: 0.000019 seconds.
  path: Assets/AddOns/MgFPS_Haku/Haku_VFX/Materials/Haku_MuzzleFlash_01.mat
  artifactKey: Guid(896a91812f3b21e4dbece1341daeee3e) Importer(2089858483,d624ce77472d68a35037170ec1d2d27e)
Start importing Assets/AddOns/MgFPS_Haku/Haku_VFX/Materials/Haku_MuzzleFlash_01.mat using Guid(896a91812f3b21e4dbece1341daeee3e) Importer(2089858483,d624ce77472d68a35037170ec1d2d27e) (ScriptedImporter) -> (artifact id: 'c679329275c7e4a334ee61a3b43f80c7') in 0.0151905 seconds
Number of updated asset objects reloaded before import = 0Number of asset objects unloaded after import = 2

========================================================================
Received Import Request.
  Time since last request: 0.000022 seconds.
  path: Assets/AddOns/MgFPS_Haku/Haku_VFX/Materials/Haku_MuzzleFlash_02.mat
  artifactKey: Guid(5f35cc2034d1c7c43ae240b56d99f4d5) Importer(2089858483,d624ce77472d68a35037170ec1d2d27e)
Start importing Assets/AddOns/MgFPS_Haku/Haku_VFX/Materials/Haku_MuzzleFlash_02.mat using Guid(5f35cc2034d1c7c43ae240b56d99f4d5) Importer(2089858483,d624ce77472d68a35037170ec1d2d27e) (ScriptedImporter) -> (artifact id: 'ec6d5736a1153f80883d7140add65286') in 0.0163348 seconds
Number of updated asset objects reloaded before import = 0Number of asset objects unloaded after import = 2

========================================================================
Received Import Request.
  Time since last request: 0.000028 seconds.
  path: Assets/AddOns/MgFPS_Enemy_Boss/Animations/Animation/Navigation_Module@TwinJets.fbx
  artifactKey: Guid(a1176965a8764b94d953c81ab22c7fca) Importer(2089858483,d624ce77472d68a35037170ec1d2d27e)
Start importing Assets/AddOns/MgFPS_Enemy_Boss/Animations/Animation/Navigation_Module@TwinJets.fbx using Guid(a1176965a8764b94d953c81ab22c7fca) Importer(2089858483,d624ce77472d68a35037170ec1d2d27e) (ScriptedImporter) -> (artifact id: '3806ff0591273eb9f37c7028726f8063') in 0.0179623 seconds
Number of updated asset objects reloaded before import = 0Number of asset objects unloaded after import = 12

========================================================================
Received Import Request.
  Time since last request: 0.000018 seconds.
  path: Assets/AddOns/MgFPS_Fireballer/Fireballer_VFX/Textures/FireballerSmoke.png
  artifactKey: Guid(2176e235ab89f6e43b8094f529c323d2) Importer(2089858483,d624ce77472d68a35037170ec1d2d27e)
Start importing Assets/AddOns/MgFPS_Fireballer/Fireballer_VFX/Textures/FireballerSmoke.png using Guid(2176e235ab89f6e43b8094f529c323d2) Importer(2089858483,d624ce77472d68a35037170ec1d2d27e) (ScriptedImporter) -> (artifact id: '39c043b4aafb106dce1674a4d6513be4') in 0.0264649 seconds
Number of updated asset objects reloaded before import = 0Number of asset objects unloaded after import = 1

========================================================================
Received Import Request.
  Time since last request: 0.000018 seconds.
  path: Assets/AddOns/MgFPS_Enemy_Boss/Animations/Controllers/RocketLauncher_L_AnimationController.controller
  artifactKey: Guid(956ca3a62889ad549b12b45e62aefe95) Importer(2089858483,d624ce77472d68a35037170ec1d2d27e)
Start importing Assets/AddOns/MgFPS_Enemy_Boss/Animations/Controllers/RocketLauncher_L_AnimationController.controller using Guid(956ca3a62889ad549b12b45e62aefe95) Importer(2089858483,d624ce77472d68a35037170ec1d2d27e) (ScriptedImporter) -> (artifact id: '629d6668d4d32285041ceae6f8546efa') in 0.0183105 seconds
Number of updated asset objects reloaded before import = 0Number of asset objects unloaded after import = 22

========================================================================
Received Import Request.
  Time since last request: 0.000018 seconds.
  path: Assets/AddOns/MgFPS_Enemy_Boss/Animations/Animation/Weapon_Module@PhotonCannon_R.fbx
  artifactKey: Guid(f4d6160f2422d3049932259523045d89) Importer(2089858483,d624ce77472d68a35037170ec1d2d27e)
Start importing Assets/AddOns/MgFPS_Enemy_Boss/Animations/Animation/Weapon_Module@PhotonCannon_R.fbx using Guid(f4d6160f2422d3049932259523045d89) Importer(2089858483,d624ce77472d68a35037170ec1d2d27e) (ScriptedImporter) -> (artifact id: 'b47a8243a1b55221dea51dd03725525b') in 0.0238021 seconds
Number of updated asset objects reloaded before import = 0Number of asset objects unloaded after import = 20

========================================================================
Received Import Request.
  Time since last request: 0.000022 seconds.
  path: Assets/AddOns/MgFPS_Molt/Molt_VFX/Textures/MoltTrailTexture.png
  artifactKey: Guid(ebf0fa5397239f948a277063f9c34a58) Importer(2089858483,d624ce77472d68a35037170ec1d2d27e)
Start importing Assets/AddOns/MgFPS_Molt/Molt_VFX/Textures/MoltTrailTexture.png using Guid(ebf0fa5397239f948a277063f9c34a58) Importer(2089858483,d624ce77472d68a35037170ec1d2d27e) (ScriptedImporter) -> (artifact id: '9dbfd466429a8f522ff230c6c1c9b9de') in 0.515936 seconds
Number of updated asset objects reloaded before import = 0Number of asset objects unloaded after import = 1

========================================================================
Received Import Request.
  Time since last request: 0.000013 seconds.
  path: Assets/AddOns/MgFPS_PlasmaRain/PlasmaRain_VFX/Textures/PlasmaRainTexture.png
  artifactKey: Guid(1eca1fbb09a4d314c81198991d3faba8) Importer(2089858483,d624ce77472d68a35037170ec1d2d27e)
Start importing Assets/AddOns/MgFPS_PlasmaRain/PlasmaRain_VFX/Textures/PlasmaRainTexture.png using Guid(1eca1fbb09a4d314c81198991d3faba8) Importer(2089858483,d624ce77472d68a35037170ec1d2d27e) (ScriptedImporter) -> (artifact id: '32f82e9c5f82bdd159a4cdbca7fa02c6') in 0.0427682 seconds
Number of updated asset objects reloaded before import = 0Number of asset objects unloaded after import = 1

========================================================================
Received Import Request.
  Time since last request: 0.000017 seconds.
  path: Assets/AddOns/MgFPS_Quasar/Quasar_MeshAndTexture/Models/Weapon_Quasar.fbx
  artifactKey: Guid(478901a0d1aac354688e61771dc69de4) Importer(2089858483,d624ce77472d68a35037170ec1d2d27e)
Start importing Assets/AddOns/MgFPS_Quasar/Quasar_MeshAndTexture/Models/Weapon_Quasar.fbx using Guid(478901a0d1aac354688e61771dc69de4) Importer(2089858483,d624ce77472d68a35037170ec1d2d27e) (ScriptedImporter) -> (artifact id: '2c50bdc370aa21b6295abde131fcca57') in 0.0478711 seconds
Number of updated asset objects reloaded before import = 0Number of asset objects unloaded after import = 31

========================================================================
Received Import Request.
  Time since last request: 0.000018 seconds.
  path: Assets/AddOns/MgFPS_Quasar/Quasar_MeshAndTexture/Materials/Quasar_Liquid.mat
  artifactKey: Guid(b86ca07f7f6be7d4697ee23648e62cb4) Importer(2089858483,d624ce77472d68a35037170ec1d2d27e)
Start importing Assets/AddOns/MgFPS_Quasar/Quasar_MeshAndTexture/Materials/Quasar_Liquid.mat using Guid(b86ca07f7f6be7d4697ee23648e62cb4) Importer(2089858483,d624ce77472d68a35037170ec1d2d27e) (ScriptedImporter) -> (artifact id: '55a76651ad42bd8b4d316be4bb48a7f9') in 0.0464965 seconds
Number of updated asset objects reloaded before import = 0Number of asset objects unloaded after import = 5

========================================================================
Received Import Request.
  Time since last request: 0.000018 seconds.
  path: Assets/AddOns/MgFPS_Molt/Molt_VFX/Materials/Boom02_Molt.mat
  artifactKey: Guid(068e79fc1d577fd4b8fa10ce9395a0ea) Importer(2089858483,d624ce77472d68a35037170ec1d2d27e)
Start importing Assets/AddOns/MgFPS_Molt/Molt_VFX/Materials/Boom02_Molt.mat using Guid(068e79fc1d577fd4b8fa10ce9395a0ea) Importer(2089858483,d624ce77472d68a35037170ec1d2d27e) (ScriptedImporter) -> (artifact id: 'a7a15a3d43e66e2b8cda8ec150b74e6a') in 0.0335334 seconds
Number of updated asset objects reloaded before import = 0Number of asset objects unloaded after import = 2

========================================================================
Received Import Request.
  Time since last request: 0.000024 seconds.
  path: Assets/AddOns/MgFPS_PlasmaRain/PlasmaRain_VFX/Materials/TrailAdditive.mat
  artifactKey: Guid(124917417bf1acd45a6cd86c7af6f85a) Importer(2089858483,d624ce77472d68a35037170ec1d2d27e)
Start importing Assets/AddOns/MgFPS_PlasmaRain/PlasmaRain_VFX/Materials/TrailAdditive.mat using Guid(124917417bf1acd45a6cd86c7af6f85a) Importer(2089858483,d624ce77472d68a35037170ec1d2d27e) (ScriptedImporter) -> (artifact id: '0bd7d2518e59a195ca3cc78589ada9fd') in 0.0293633 seconds
Number of updated asset objects reloaded before import = 0Number of asset objects unloaded after import = 2

========================================================================
Received Import Request.
  Time since last request: 0.000017 seconds.
  path: Assets/AddOns/MgFPS_Haku/Haku_VFX/Materials/Haku_BulletSparkTrail.mat
  artifactKey: Guid(b24ec026ef038ea45b4d6937d7b6ff6c) Importer(2089858483,d624ce77472d68a35037170ec1d2d27e)
Start importing Assets/AddOns/MgFPS_Haku/Haku_VFX/Materials/Haku_BulletSparkTrail.mat using Guid(b24ec026ef038ea45b4d6937d7b6ff6c) Importer(2089858483,d624ce77472d68a35037170ec1d2d27e) (ScriptedImporter) -> (artifact id: 'a8ea4423b2088bce9e35a078474e5f21') in 0.0134755 seconds
Number of updated asset objects reloaded before import = 0Number of asset objects unloaded after import = 1

========================================================================
Received Import Request.
  Time since last request: 0.000017 seconds.
  path: Assets/AddOns/MgFPS_Molt/Molt_VFX/Textures/MoltMagic_Flash.png
  artifactKey: Guid(34bb9c0f91c9ce641afd78c6b7b052f6) Importer(2089858483,d624ce77472d68a35037170ec1d2d27e)
Start importing Assets/AddOns/MgFPS_Molt/Molt_VFX/Textures/MoltMagic_Flash.png using Guid(34bb9c0f91c9ce641afd78c6b7b052f6) Importer(2089858483,d624ce77472d68a35037170ec1d2d27e) (ScriptedImporter) -> (artifact id: 'a86a496d2c276552b32d88eaac954296') in 0.0164486 seconds
Number of updated asset objects reloaded before import = 0Number of asset objects unloaded after import = 1

========================================================================
Received Import Request.
  Time since last request: 0.000021 seconds.
  path: Assets/FPS/Prefabs/Enemies/Enemy_HoverBot.prefab
  artifactKey: Guid(25a1b0efadb966e44889fce712c8ff8d) Importer(2089858483,d624ce77472d68a35037170ec1d2d27e)
Start importing Assets/FPS/Prefabs/Enemies/Enemy_HoverBot.prefab using Guid(25a1b0efadb966e44889fce712c8ff8d) Importer(2089858483,d624ce77472d68a35037170ec1d2d27e) (ScriptedImporter) -> (artifact id: 'dfbbee95836bf1800af5d1e17bf1807d') in 0.0798501 seconds
Number of updated asset objects reloaded before import = 0Number of asset objects unloaded after import = 219

========================================================================
Received Import Request.
  Time since last request: 0.000022 seconds.
  path: Assets/FPS/Prefabs/RootObjects/OBJRamp_8m.obj
  artifactKey: Guid(b13f5faa09e1e184290877278ca51839) Importer(2089858483,d624ce77472d68a35037170ec1d2d27e)
Start importing Assets/FPS/Prefabs/RootObjects/OBJRamp_8m.obj using Guid(b13f5faa09e1e184290877278ca51839) Importer(2089858483,d624ce77472d68a35037170ec1d2d27e) (ScriptedImporter) -> (artifact id: '88f23af01c78cf555345f9c4f6fa51a8') in 0.0144496 seconds
Number of updated asset objects reloaded before import = 0Number of asset objects unloaded after import = 9

========================================================================
Received Import Request.
  Time since last request: 0.000014 seconds.
  path: Assets/FPS/Prefabs/VFX/VFX_PickupSparkles.prefab
  artifactKey: Guid(4d1efaa062e333f4cbc4c3564702d135) Importer(2089858483,d624ce77472d68a35037170ec1d2d27e)
Start importing Assets/FPS/Prefabs/VFX/VFX_PickupSparkles.prefab using Guid(4d1efaa062e333f4cbc4c3564702d135) Importer(2089858483,d624ce77472d68a35037170ec1d2d27e) (ScriptedImporter) -> (artifact id: '5cce5a819e6d2261472c7808a0fdff3b') in 0.0272625 seconds
Number of updated asset objects reloaded before import = 0Number of asset objects unloaded after import = 6

========================================================================
Received Import Request.
  Time since last request: 0.000013 seconds.
  path: Assets/AddOns/MgFPS_Enemy_Boss/Animations/Animation/Weapon_Module@RocketLauncher_L_Shoot1.fbx
  artifactKey: Guid(bc3d39701a34d2f47832570764d62961) Importer(2089858483,d624ce77472d68a35037170ec1d2d27e)
Start importing Assets/AddOns/MgFPS_Enemy_Boss/Animations/Animation/Weapon_Module@RocketLauncher_L_Shoot1.fbx using Guid(bc3d39701a34d2f47832570764d62961) Importer(2089858483,d624ce77472d68a35037170ec1d2d27e) (ScriptedImporter) -> (artifact id: 'a821088529df8febed29714a24231447') in 0.0153332 seconds
Number of updated asset objects reloaded before import = 0Number of asset objects unloaded after import = 22

========================================================================
Received Import Request.
  Time since last request: 0.000021 seconds.
  path: Assets/FPS/Scripts/Game/TimedSelfDestruct.cs
  artifactKey: Guid(09df4c6380233d34397a4a7506903302) Importer(2089858483,d624ce77472d68a35037170ec1d2d27e)
Start importing Assets/FPS/Scripts/Game/TimedSelfDestruct.cs using Guid(09df4c6380233d34397a4a7506903302) Importer(2089858483,d624ce77472d68a35037170ec1d2d27e) (ScriptedImporter) -> (artifact id: 'a3debbfca20dc41199303991c8399c20') in 0.0156735 seconds
Number of updated asset objects reloaded before import = 0Number of asset objects unloaded after import = 0

========================================================================
Received Import Request.
  Time since last request: 0.000028 seconds.
  path: Assets/FPS/Scenes/SecondaryScene/LightingData.asset
  artifactKey: Guid(71d822b50dbb0ee48818734bde93a095) Importer(2089858483,d624ce77472d68a35037170ec1d2d27e)
Start importing Assets/FPS/Scenes/SecondaryScene/LightingData.asset using Guid(71d822b50dbb0ee48818734bde93a095) Importer(2089858483,d624ce77472d68a35037170ec1d2d27e) (ScriptedImporter)Lighting data asset ‘LightingData’ is incompatible with the current Unity version because the scene it was baked for was not serialized. Please use Generate Lighting to rebuild the lighting data, or assign the target scene to the Lighting Data Asset in the inspector.
UnityEngine.Debug:ExtractStackTraceNoAlloc (byte*,int,string)
UnityEngine.StackTraceUtility:ExtractStackTrace ()
UnityEditor.AssetDatabase:LoadMainAssetAtPath (string)
UnityEditor.Search.AssetIndexer:IndexProperties (int&,string&,bool&)
UnityEditor.Search.AssetIndexer:IndexDocument (string,bool)
UnityEditor.Search.SearchIndexArtifactImporter:OnImportAsset (UnityEditor.AssetImporters.AssetImportContext)
UnityEditor.AssetImporters.ScriptedImporter:GenerateAssetData (UnityEditor.AssetImporters.AssetImportContext)

[C:\build\output\unity\unity\Editor\Src\GI\Enlighten\LightingDataAsset.cpp line 458]

 -> (artifact id: 'b2f8a7b3d13a9b8b587efcc0abc3a53b') in 0.0172982 seconds
Number of updated asset objects reloaded before import = 0Number of asset objects unloaded after import = 1

========================================================================
Received Import Request.
  Time since last request: 0.000021 seconds.
  path: Assets/FPS/Prefabs/UI/CompassMarkerDirection.prefab
  artifactKey: Guid(921d2796cf4779f4392d4e2f9f36cb6b) Importer(2089858483,d624ce77472d68a35037170ec1d2d27e)
Start importing Assets/FPS/Prefabs/UI/CompassMarkerDirection.prefab using Guid(921d2796cf4779f4392d4e2f9f36cb6b) Importer(2089858483,d624ce77472d68a35037170ec1d2d27e) (ScriptedImporter) -> (artifact id: 'c72e5a767cd31c01befdc5496af15ce7') in 0.0270812 seconds
Number of updated asset objects reloaded before import = 0Number of asset objects unloaded after import = 15

========================================================================
Received Import Request.
  Time since last request: 0.000013 seconds.
  path: Assets/FPS/Scripts/UI/WorldspaceHealthBar.cs
  artifactKey: Guid(88567379ffc126c4e96b34011148ffa0) Importer(2089858483,d624ce77472d68a35037170ec1d2d27e)
Start importing Assets/FPS/Scripts/UI/WorldspaceHealthBar.cs using Guid(88567379ffc126c4e96b34011148ffa0) Importer(2089858483,d624ce77472d68a35037170ec1d2d27e) (ScriptedImporter) -> (artifact id: '240ea672f0a2e807848abf395392a73e') in 0.012254 seconds
Number of updated asset objects reloaded before import = 0Number of asset objects unloaded after import = 0

========================================================================
Received Import Request.
  Time since last request: 0.000021 seconds.
  path: Assets/FPS/Scenes/MainScene/NavMesh-NavMeshSurface 3.asset
  artifactKey: Guid(015a2e17ea71c42f88a867caaa47823d) Importer(2089858483,d624ce77472d68a35037170ec1d2d27e)
Start importing Assets/FPS/Scenes/MainScene/NavMesh-NavMeshSurface 3.asset using Guid(015a2e17ea71c42f88a867caaa47823d) Importer(2089858483,d624ce77472d68a35037170ec1d2d27e) (ScriptedImporter) -> (artifact id: '26d017a267216b9425130af5b867870f') in 0.0193251 seconds
Number of updated asset objects reloaded before import = 0Number of asset objects unloaded after import = 1

========================================================================
Received Import Request.
  Time since last request: 0.000022 seconds.
  path: Assets/ModAssets/Models/AncientProps/Obelisk.fbx
  artifactKey: Guid(b5f62aa1f09e3403baa23022a5d9e4b1) Importer(2089858483,d624ce77472d68a35037170ec1d2d27e)
Start importing Assets/ModAssets/Models/AncientProps/Obelisk.fbx using Guid(b5f62aa1f09e3403baa23022a5d9e4b1) Importer(2089858483,d624ce77472d68a35037170ec1d2d27e) (ScriptedImporter) -> (artifact id: 'b81e7672f95ff4b66397b509f5d87229') in 0.0175803 seconds
Number of updated asset objects reloaded before import = 0Number of asset objects unloaded after import = 8

========================================================================
Received Import Request.
  Time since last request: 0.000015 seconds.
  path: Assets/AddOns/MgFPS_Molt/Molt_VFX/Textures/Spark_Molt.png
  artifactKey: Guid(30b35392b9e32e4498a5c6f2e24231ff) Importer(2089858483,d624ce77472d68a35037170ec1d2d27e)
Start importing Assets/AddOns/MgFPS_Molt/Molt_VFX/Textures/Spark_Molt.png using Guid(30b35392b9e32e4498a5c6f2e24231ff) Importer(2089858483,d624ce77472d68a35037170ec1d2d27e) (ScriptedImporter) -> (artifact id: '6dc3ab65ed0c4bcb61d3479971ebe297') in 0.0242604 seconds
Number of updated asset objects reloaded before import = 0Number of asset objects unloaded after import = 1

========================================================================
Received Import Request.
  Time since last request: 0.000015 seconds.
  path: Assets/FPS/Scripts/UI/NotificationToast.cs
  artifactKey: Guid(7105c0d95b5d43042b5ab0674df1e09a) Importer(2089858483,d624ce77472d68a35037170ec1d2d27e)
Start importing Assets/FPS/Scripts/UI/NotificationToast.cs using Guid(7105c0d95b5d43042b5ab0674df1e09a) Importer(2089858483,d624ce77472d68a35037170ec1d2d27e) (ScriptedImporter) -> (artifact id: 'c8649a6cd912c7fec3a949d03ddfa265') in 0.0549753 seconds
Number of updated asset objects reloaded before import = 0Number of asset objects unloaded after import = 0

========================================================================
Received Import Request.
  Time since last request: 0.000018 seconds.
  path: Assets/FPS/Animation/Masks/HoverBot.mask
  artifactKey: Guid(05f902747d9ff7548b022736b1592f33) Importer(2089858483,d624ce77472d68a35037170ec1d2d27e)
Start importing Assets/FPS/Animation/Masks/HoverBot.mask using Guid(05f902747d9ff7548b022736b1592f33) Importer(2089858483,d624ce77472d68a35037170ec1d2d27e) (ScriptedImporter) -> (artifact id: '2bbccafb78602898fb91a7d62d49c024') in 0.0184818 seconds
Number of updated asset objects reloaded before import = 0Number of asset objects unloaded after import = 1

========================================================================
Received Import Request.
  Time since last request: 0.000025 seconds.
  path: Assets/FPS/Tutorials/EditColors/WT-Select-Material.mov
  artifactKey: Guid(83661c05b7f0c44c0b0738f507b6b607) Importer(2089858483,d624ce77472d68a35037170ec1d2d27e)
Start importing Assets/FPS/Tutorials/EditColors/WT-Select-Material.mov using Guid(83661c05b7f0c44c0b0738f507b6b607) Importer(2089858483,d624ce77472d68a35037170ec1d2d27e) (ScriptedImporter) -> (artifact id: '54758d54d822ecc83deba1204b0729b4') in 0.0156452 seconds
Number of updated asset objects reloaded before import = 0Number of asset objects unloaded after import = 1

========================================================================
Received Import Request.
  Time since last request: 0.000012 seconds.
  path: Assets/FPS/Prefabs/VFX/VFX_HitSparks.prefab
  artifactKey: Guid(7593818fba43c7f4c8372299ce5e893f) Importer(2089858483,d624ce77472d68a35037170ec1d2d27e)
Start importing Assets/FPS/Prefabs/VFX/VFX_HitSparks.prefab using Guid(7593818fba43c7f4c8372299ce5e893f) Importer(2089858483,d624ce77472d68a35037170ec1d2d27e) (ScriptedImporter) -> (artifact id: '4589daf08890dbb720a1dd328436f061') in 0.0737167 seconds
Number of updated asset objects reloaded before import = 0Number of asset objects unloaded after import = 6

========================================================================
Received Import Request.
  Time since last request: 0.000015 seconds.
  path: Assets/ModAssets/Prefabs/BillboardPrefabs/BillboardTall.prefab
  artifactKey: Guid(eb2165edd3e7844999a55b305c92b541) Importer(2089858483,d624ce77472d68a35037170ec1d2d27e)
Start importing Assets/ModAssets/Prefabs/BillboardPrefabs/BillboardTall.prefab using Guid(eb2165edd3e7844999a55b305c92b541) Importer(2089858483,d624ce77472d68a35037170ec1d2d27e) (ScriptedImporter) -> (artifact id: '0efa55815508d02bcb9b7b7308fa52cf') in 0.0833946 seconds
Number of updated asset objects reloaded before import = 0Number of asset objects unloaded after import = 26

========================================================================
Received Import Request.
  Time since last request: 0.000028 seconds.
  path: Assets/FPS/Scripts/UI/JetpackCounter.cs
  artifactKey: Guid(c971cff0496fb3d48a9ce082496d6ef8) Importer(2089858483,d624ce77472d68a35037170ec1d2d27e)
Start importing Assets/FPS/Scripts/UI/JetpackCounter.cs using Guid(c971cff0496fb3d48a9ce082496d6ef8) Importer(2089858483,d624ce77472d68a35037170ec1d2d27e) (ScriptedImporter) -> (artifact id: 'a9756d34cd5ff918be15760cb664c808') in 0.0110381 seconds
Number of updated asset objects reloaded before import = 0Number of asset objects unloaded after import = 0

========================================================================
Received Import Request.
  Time since last request: 1.621029 seconds.
  path: Assets/AddOns/MgFPS_Quasar/Quasar_VFX/Materials/Quasar_DistortedCircle.mat
  artifactKey: Guid(c96c3b955e6c27c4ea50522cec3d7c9e) Importer(2089858483,d624ce77472d68a35037170ec1d2d27e)
Start importing Assets/AddOns/MgFPS_Quasar/Quasar_VFX/Materials/Quasar_DistortedCircle.mat using Guid(c96c3b955e6c27c4ea50522cec3d7c9e) Importer(2089858483,d624ce77472d68a35037170ec1d2d27e) (ScriptedImporter) -> (artifact id: '0641b7658f5b5bf37156fe765a70a060') in 0.0141588 seconds
Number of updated asset objects reloaded before import = 0Number of asset objects unloaded after import = 2

========================================================================
Received Import Request.
  Time since last request: 0.000017 seconds.
  path: Assets/FPS/Art/Materials/Weapons/Gun.mat
  artifactKey: Guid(17a7e49545726f94f9d0b396b9b6d60b) Importer(2089858483,d624ce77472d68a35037170ec1d2d27e)
Start importing Assets/FPS/Art/Materials/Weapons/Gun.mat using Guid(17a7e49545726f94f9d0b396b9b6d60b) Importer(2089858483,d624ce77472d68a35037170ec1d2d27e) (ScriptedImporter) -> (artifact id: 'cdf377ca3db8ebf2c893ba06b81d486c') in 0.0177464 seconds
Number of updated asset objects reloaded before import = 0Number of asset objects unloaded after import = 1

========================================================================
Received Import Request.
  Time since last request: 0.000020 seconds.
  path: Assets/FPS/Art/Textures/Props/StatueBig_Emissive.png
  artifactKey: Guid(f48d14bd5127f334bb881b71a7f0f76c) Importer(2089858483,d624ce77472d68a35037170ec1d2d27e)
Start importing Assets/FPS/Art/Textures/Props/StatueBig_Emissive.png using Guid(f48d14bd5127f334bb881b71a7f0f76c) Importer(2089858483,d624ce77472d68a35037170ec1d2d27e) (ScriptedImporter) -> (artifact id: 'fd3e97b5727cd3b04fc25d8dbe738027') in 0.0146044 seconds
Number of updated asset objects reloaded before import = 0Number of asset objects unloaded after import = 1

========================================================================
Received Import Request.
  Time since last request: 0.000026 seconds.
  path: Assets/FPS/Art/Textures/UI/Crosshair_Hexa.png
  artifactKey: Guid(e881aa18189b12f4e915fc5b14ddc421) Importer(2089858483,d624ce77472d68a35037170ec1d2d27e)
Start importing Assets/FPS/Art/Textures/UI/Crosshair_Hexa.png using Guid(e881aa18189b12f4e915fc5b14ddc421) Importer(2089858483,d624ce77472d68a35037170ec1d2d27e) (ScriptedImporter) -> (artifact id: '4c1035d12edf4c30a47498240466d5d9') in 0.0289775 seconds
Number of updated asset objects reloaded before import = 0Number of asset objects unloaded after import = 3

========================================================================
Received Import Request.
  Time since last request: 0.000018 seconds.
  path: Assets/AddOns/MgFPS_Thunderlight/Thunderlight_VFX/Textures/Magic_Flash.png
  artifactKey: Guid(df70577171e14374b87a3e7fcf540cb1) Importer(2089858483,d624ce77472d68a35037170ec1d2d27e)
Start importing Assets/AddOns/MgFPS_Thunderlight/Thunderlight_VFX/Textures/Magic_Flash.png using Guid(df70577171e14374b87a3e7fcf540cb1) Importer(2089858483,d624ce77472d68a35037170ec1d2d27e) (ScriptedImporter) -> (artifact id: '77842dbe56e42158416a7d78e63e90c7') in 0.0141625 seconds
Number of updated asset objects reloaded before import = 0Number of asset objects unloaded after import = 1

========================================================================
Received Import Request.
  Time since last request: 0.000012 seconds.
  path: Assets/FPS/Art/Materials/VFX/Spark.mat
  artifactKey: Guid(93c163e6f58fe2242964723bdb6ff7ef) Importer(2089858483,d624ce77472d68a35037170ec1d2d27e)
Start importing Assets/FPS/Art/Materials/VFX/Spark.mat using Guid(93c163e6f58fe2242964723bdb6ff7ef) Importer(2089858483,d624ce77472d68a35037170ec1d2d27e) (ScriptedImporter) -> (artifact id: 'bbdb50d76dea211adabc6b439c47b967') in 0.0680706 seconds
Number of updated asset objects reloaded before import = 0Number of asset objects unloaded after import = 1

========================================================================
Received Import Request.
  Time since last request: 0.000016 seconds.
  path: Assets/FPS/Audio/SFX/Weapons/Blaster_Shot.wav
  artifactKey: Guid(53d2238f4c4b2aa4f8e559c7af9e0126) Importer(2089858483,d624ce77472d68a35037170ec1d2d27e)
Start importing Assets/FPS/Audio/SFX/Weapons/Blaster_Shot.wav using Guid(53d2238f4c4b2aa4f8e559c7af9e0126) Importer(2089858483,d624ce77472d68a35037170ec1d2d27e) (ScriptedImporter) -> (artifact id: '48e308e92f918449bfd2651fcceeee50') in 0.1061454 seconds
Number of updated asset objects reloaded before import = 0Number of asset objects unloaded after import = 1

========================================================================
Received Import Request.
  Time since last request: 0.000023 seconds.
  path: Assets/FPS/Audio/SFX/Enemies/Hoverbot_Alert.wav
  artifactKey: Guid(25722734eeccba042a18e26e376ca542) Importer(2089858483,d624ce77472d68a35037170ec1d2d27e)
Start importing Assets/FPS/Audio/SFX/Enemies/Hoverbot_Alert.wav using Guid(25722734eeccba042a18e26e376ca542) Importer(2089858483,d624ce77472d68a35037170ec1d2d27e) (ScriptedImporter) -> (artifact id: '62b26802e97625c486a5a43b78a83ff6') in 0.0518761 seconds
Number of updated asset objects reloaded before import = 0Number of asset objects unloaded after import = 1

========================================================================
Received Import Request.
  Time since last request: 0.000014 seconds.
  path: Assets/FPS/Art/Textures/UI/HUD_Weapon02.png
  artifactKey: Guid(8cbb10368086f014a8b7fc8932e7f436) Importer(2089858483,d624ce77472d68a35037170ec1d2d27e)
Start importing Assets/FPS/Art/Textures/UI/HUD_Weapon02.png using Guid(8cbb10368086f014a8b7fc8932e7f436) Importer(2089858483,d624ce77472d68a35037170ec1d2d27e) (ScriptedImporter) -> (artifact id: 'ab3f5517b17fe07bb8b830eb5dcc25be') in 0.0437241 seconds
Number of updated asset objects reloaded before import = 0Number of asset objects unloaded after import = 3

========================================================================
Received Import Request.
  Time since last request: 0.000021 seconds.
  path: Assets/FPS/Art/Materials/Level/Sign_Orange_Transparent.mat
  artifactKey: Guid(f265aebb27994b642b7483b3ab817694) Importer(2089858483,d624ce77472d68a35037170ec1d2d27e)
Start importing Assets/FPS/Art/Materials/Level/Sign_Orange_Transparent.mat using Guid(f265aebb27994b642b7483b3ab817694) Importer(2089858483,d624ce77472d68a35037170ec1d2d27e) (ScriptedImporter) -> (artifact id: 'd93e74dbef160f11f1fccf414efee2c4') in 0.0125599 seconds
Number of updated asset objects reloaded before import = 0Number of asset objects unloaded after import = 1

========================================================================
Received Import Request.
  Time since last request: 0.000029 seconds.
  path: Assets/FPS/Prefabs/Level/Floors/Floor_HalfIndented.prefab
  artifactKey: Guid(f0b642223a6a4d549bb9882da04969c7) Importer(2089858483,d624ce77472d68a35037170ec1d2d27e)
Start importing Assets/FPS/Prefabs/Level/Floors/Floor_HalfIndented.prefab using Guid(f0b642223a6a4d549bb9882da04969c7) Importer(2089858483,d624ce77472d68a35037170ec1d2d27e) (ScriptedImporter) -> (artifact id: '966dc2a0717535e44ed85098b35a247f') in 0.0551937 seconds
Number of updated asset objects reloaded before import = 0Number of asset objects unloaded after import = 10

========================================================================
Received Import Request.
  Time since last request: 0.000018 seconds.
  path: Assets/FPS/Prefabs/Level/Signs/Sign_Pyramid_Green.prefab
  artifactKey: Guid(bee7071e13881aa42803589be7b78c73) Importer(2089858483,d624ce77472d68a35037170ec1d2d27e)
Start importing Assets/FPS/Prefabs/Level/Signs/Sign_Pyramid_Green.prefab using Guid(bee7071e13881aa42803589be7b78c73) Importer(2089858483,d624ce77472d68a35037170ec1d2d27e) (ScriptedImporter) -> (artifact id: 'c167e9f1fb07c94279a31089337c8b81') in 0.0159979 seconds
Number of updated asset objects reloaded before import = 0Number of asset objects unloaded after import = 8

========================================================================
Received Import Request.
  Time since last request: 0.000021 seconds.
  path: Assets/AddOns/MgFPS_Thunderlight/Thunderlight_VFX/Textures/Magic_Circle.png
  artifactKey: Guid(32683792b859dba478f74a3e99f5123b) Importer(2089858483,d624ce77472d68a35037170ec1d2d27e)
Start importing Assets/AddOns/MgFPS_Thunderlight/Thunderlight_VFX/Textures/Magic_Circle.png using Guid(32683792b859dba478f74a3e99f5123b) Importer(2089858483,d624ce77472d68a35037170ec1d2d27e) (ScriptedImporter) -> (artifact id: '9bde437483af837da21fb1c7a6d39c49') in 0.0158785 seconds
Number of updated asset objects reloaded before import = 0Number of asset objects unloaded after import = 1

========================================================================
Received Import Request.
  Time since last request: 0.000030 seconds.
  path: Assets/FPS/Art/Textures/VFX/Symbol_Speedlines.tga
  artifactKey: Guid(015bdd9936c309c4b8ae14480d3a51b4) Importer(2089858483,d624ce77472d68a35037170ec1d2d27e)
Start importing Assets/FPS/Art/Textures/VFX/Symbol_Speedlines.tga using Guid(015bdd9936c309c4b8ae14480d3a51b4) Importer(2089858483,d624ce77472d68a35037170ec1d2d27e) (ScriptedImporter) -> (artifact id: '29b19a866ebaf59c6f4634bd2d202e21') in 0.0166574 seconds
Number of updated asset objects reloaded before import = 0Number of asset objects unloaded after import = 1

========================================================================
Received Import Request.
  Time since last request: 0.000019 seconds.
  path: Assets/FPS/Art/Textures/Characters/HoverBot_Body_MetallicSmooth.png
  artifactKey: Guid(0bf3deb1f2c8e2c4eb4c4a2262f3ea3e) Importer(2089858483,d624ce77472d68a35037170ec1d2d27e)
Start importing Assets/FPS/Art/Textures/Characters/HoverBot_Body_MetallicSmooth.png using Guid(0bf3deb1f2c8e2c4eb4c4a2262f3ea3e) Importer(2089858483,d624ce77472d68a35037170ec1d2d27e) (ScriptedImporter) -> (artifact id: 'b031d7a80dce63eed7a8b4c7cb789c7e') in 0.0168463 seconds
Number of updated asset objects reloaded before import = 0Number of asset objects unloaded after import = 1

========================================================================
Received Import Request.
  Time since last request: 0.000018 seconds.
  path: Assets/FPS/Prefabs/PBObjects/Floors/PBFloor_HalfIndented.prefab
  artifactKey: Guid(32faa95f023037845b85edb3fbf50243) Importer(2089858483,d624ce77472d68a35037170ec1d2d27e)
Start importing Assets/FPS/Prefabs/PBObjects/Floors/PBFloor_HalfIndented.prefab using Guid(32faa95f023037845b85edb3fbf50243) Importer(2089858483,d624ce77472d68a35037170ec1d2d27e) (ScriptedImporter) -> (artifact id: '9045d01207ebdbd2c1e22a73a5ea67eb') in 0.0229778 seconds
Number of updated asset objects reloaded before import = 0Number of asset objects unloaded after import = 30

========================================================================
Received Import Request.
  Time since last request: 0.000017 seconds.
  path: Assets/FPS/Art/Materials/VFX/Lazer_Green.mat
  artifactKey: Guid(b4f29d2b8d27495478384372a6e55304) Importer(2089858483,d624ce77472d68a35037170ec1d2d27e)
Start importing Assets/FPS/Art/Materials/VFX/Lazer_Green.mat using Guid(b4f29d2b8d27495478384372a6e55304) Importer(2089858483,d624ce77472d68a35037170ec1d2d27e) (ScriptedImporter) -> (artifact id: 'cd10ee5318e1b89178d9d691b2afebb5') in 0.0718084 seconds
Number of updated asset objects reloaded before import = 0Number of asset objects unloaded after import = 1

========================================================================
Received Import Request.
  Time since last request: 0.000025 seconds.
  path: Assets/FPS/Prefabs/Level/Floors/Floor_15x15.prefab
  artifactKey: Guid(a184f532e69857842a7a13b462a749d8) Importer(2089858483,d624ce77472d68a35037170ec1d2d27e)
Start importing Assets/FPS/Prefabs/Level/Floors/Floor_15x15.prefab using Guid(a184f532e69857842a7a13b462a749d8) Importer(2089858483,d624ce77472d68a35037170ec1d2d27e) (ScriptedImporter) -> (artifact id: '6cd5b8f5057645776461ee9b31a7f280') in 0.3612069 seconds
Number of updated asset objects reloaded before import = 0Number of asset objects unloaded after import = 1640

========================================================================
Received Import Request.
  Time since last request: 0.000018 seconds.
  path: Assets/FPS/Scripts/Gameplay/Managers/PlayerInputHandler.cs
  artifactKey: Guid(dac5ddb3ce9b8884ca9588dc620ffcab) Importer(2089858483,d624ce77472d68a35037170ec1d2d27e)
Start importing Assets/FPS/Scripts/Gameplay/Managers/PlayerInputHandler.cs using Guid(dac5ddb3ce9b8884ca9588dc620ffcab) Importer(2089858483,d624ce77472d68a35037170ec1d2d27e) (ScriptedImporter) -> (artifact id: 'c150d0601c2b2c0bfe1aa26b58de84cc') in 0.0109601 seconds
Number of updated asset objects reloaded before import = 0Number of asset objects unloaded after import = 0

========================================================================
Received Import Request.
  Time since last request: 0.000028 seconds.
  path: Assets/FPS/Art/Textures/VFX/ThickSmoke_N.png
  artifactKey: Guid(f1886104ab135304cbc19070c093982d) Importer(2089858483,d624ce77472d68a35037170ec1d2d27e)
Start importing Assets/FPS/Art/Textures/VFX/ThickSmoke_N.png using Guid(f1886104ab135304cbc19070c093982d) Importer(2089858483,d624ce77472d68a35037170ec1d2d27e) (ScriptedImporter) -> (artifact id: '318c5a76dc31a3ed2808a5e3ce41efe9') in 0.0157763 seconds
Number of updated asset objects reloaded before import = 0Number of asset objects unloaded after import = 1

========================================================================
Received Import Request.
  Time since last request: 0.000015 seconds.
  path: Assets/FPS/Prefabs/PBObjects/Signs/Diamond_Sign.obj
  artifactKey: Guid(b13d7a31114e72d45aa1057483b23f8d) Importer(2089858483,d624ce77472d68a35037170ec1d2d27e)
Start importing Assets/FPS/Prefabs/PBObjects/Signs/Diamond_Sign.obj using Guid(b13d7a31114e72d45aa1057483b23f8d) Importer(2089858483,d624ce77472d68a35037170ec1d2d27e) (ScriptedImporter) -> (artifact id: '6fc0cbd0e48e96c0a261416df824c511') in 0.076989 seconds
Number of updated asset objects reloaded before import = 0Number of asset objects unloaded after import = 9

========================================================================
Received Import Request.
  Time since last request: 0.000023 seconds.
  path: Assets/FPS/Prefabs/Level/MainLvl/Section1/Observatory_Hall.prefab
  artifactKey: Guid(a3c82ee5effb7634f949be4798cda766) Importer(2089858483,d624ce77472d68a35037170ec1d2d27e)
Start importing Assets/FPS/Prefabs/Level/MainLvl/Section1/Observatory_Hall.prefab using Guid(a3c82ee5effb7634f949be4798cda766) Importer(2089858483,d624ce77472d68a35037170ec1d2d27e) (ScriptedImporter) -> (artifact id: '9c0b6398cb384408b566bac8095b992d') in 0.0154807 seconds
Number of updated asset objects reloaded before import = 0Number of asset objects unloaded after import = 316

========================================================================
Received Import Request.
  Time since last request: 0.000023 seconds.
  path: Assets/FPS/Prefabs/Level/MainLvl/Section2/Entryway_Jumps.prefab
  artifactKey: Guid(b4b6ce0a68f3cd94fac6085cd3351fc5) Importer(2089858483,d624ce77472d68a35037170ec1d2d27e)
Start importing Assets/FPS/Prefabs/Level/MainLvl/Section2/Entryway_Jumps.prefab using Guid(b4b6ce0a68f3cd94fac6085cd3351fc5) Importer(2089858483,d624ce77472d68a35037170ec1d2d27e) (ScriptedImporter) -> (artifact id: '778bac4e31ff900ca3ed01430d2cc402') in 0.0631722 seconds
Number of updated asset objects reloaded before import = 0Number of asset objects unloaded after import = 154

========================================================================
Received Import Request.
  Time since last request: 0.000018 seconds.
  path: Assets/FPS/Art/Textures/UI/HUD_Jetpack_Icon.png
  artifactKey: Guid(d329fd11893b4ee42b624f01d3131680) Importer(2089858483,d624ce77472d68a35037170ec1d2d27e)
Start importing Assets/FPS/Art/Textures/UI/HUD_Jetpack_Icon.png using Guid(d329fd11893b4ee42b624f01d3131680) Importer(2089858483,d624ce77472d68a35037170ec1d2d27e) (ScriptedImporter) -> (artifact id: 'd1368ba4bce64c2c0c9fe2db5aab89b3') in 0.0334609 seconds
Number of updated asset objects reloaded before import = 0Number of asset objects unloaded after import = 3

========================================================================
Received Import Request.
  Time since last request: 0.000052 seconds.
  path: Assets/FPS/Prefabs/Level/Dungeon/Dun_Hall.prefab
  artifactKey: Guid(fc17ef824b45b2d4f8067b22da77a8d5) Importer(2089858483,d624ce77472d68a35037170ec1d2d27e)
Start importing Assets/FPS/Prefabs/Level/Dungeon/Dun_Hall.prefab using Guid(fc17ef824b45b2d4f8067b22da77a8d5) Importer(2089858483,d624ce77472d68a35037170ec1d2d27e) (ScriptedImporter) -> (artifact id: '620e8526d282b8ed71c280f97e2d5dc6') in 0.0122735 seconds
Number of updated asset objects reloaded before import = 0Number of asset objects unloaded after import = 93

========================================================================
Received Import Request.
  Time since last request: 0.000031 seconds.
  path: Assets/FPS/Art/Materials/VFX/DiskSpinning.mat
  artifactKey: Guid(968af284edcef924bb56ad46d60123e6) Importer(2089858483,d624ce77472d68a35037170ec1d2d27e)
Start importing Assets/FPS/Art/Materials/VFX/DiskSpinning.mat using Guid(968af284edcef924bb56ad46d60123e6) Importer(2089858483,d624ce77472d68a35037170ec1d2d27e) (ScriptedImporter) -> (artifact id: '17359d2d60556aa8e85a619fa08c56b2') in 0.0132815 seconds
Number of updated asset objects reloaded before import = 0Number of asset objects unloaded after import = 1

========================================================================
Received Import Request.
  Time since last request: 0.000015 seconds.
  path: Assets/FPS/Art/Textures/Characters/Turret_Body_AO.png
  artifactKey: Guid(b4221e4f27f28c0409eb9d419a6b8037) Importer(2089858483,d624ce77472d68a35037170ec1d2d27e)
Start importing Assets/FPS/Art/Textures/Characters/Turret_Body_AO.png using Guid(b4221e4f27f28c0409eb9d419a6b8037) Importer(2089858483,d624ce77472d68a35037170ec1d2d27e) (ScriptedImporter) -> (artifact id: '35806500720dec8ac28d1f05a055a860') in 0.0609237 seconds
Number of updated asset objects reloaded before import = 0Number of asset objects unloaded after import = 1

========================================================================
Received Import Request.
  Time since last request: 0.000019 seconds.
  path: Assets/FPS/Prefabs/Level/BaseObjects/Ramp_4m_Mesh.prefab
  artifactKey: Guid(f82ad03af081ae7449925e80f34dbe6c) Importer(2089858483,d624ce77472d68a35037170ec1d2d27e)
Start importing Assets/FPS/Prefabs/Level/BaseObjects/Ramp_4m_Mesh.prefab using Guid(f82ad03af081ae7449925e80f34dbe6c) Importer(2089858483,d624ce77472d68a35037170ec1d2d27e) (ScriptedImporter) -> (artifact id: '3352e4304e292d46740471cd93741ff2') in 0.0296992 seconds
Number of updated asset objects reloaded before import = 0Number of asset objects unloaded after import = 9

========================================================================
Received Import Request.
  Time since last request: 0.000029 seconds.
  path: Assets/FPS/Art/Textures/VFX/Projectile_Trail.bmp
  artifactKey: Guid(48c3c863a9144e142a78398db7603db9) Importer(2089858483,d624ce77472d68a35037170ec1d2d27e)
Start importing Assets/FPS/Art/Textures/VFX/Projectile_Trail.bmp using Guid(48c3c863a9144e142a78398db7603db9) Importer(2089858483,d624ce77472d68a35037170ec1d2d27e) (ScriptedImporter) -> (artifact id: '8479f90417f5656d5ca47e7892ae0b45') in 0.0244928 seconds
Number of updated asset objects reloaded before import = 0Number of asset objects unloaded after import = 1

========================================================================
Received Import Request.
  Time since last request: 0.000019 seconds.
  path: Assets/FPS/Scripts/Game/Shared/Health.cs
  artifactKey: Guid(e27364eefd6dd0341ba72a3bfc0d9727) Importer(2089858483,d624ce77472d68a35037170ec1d2d27e)
Start importing Assets/FPS/Scripts/Game/Shared/Health.cs using Guid(e27364eefd6dd0341ba72a3bfc0d9727) Importer(2089858483,d624ce77472d68a35037170ec1d2d27e) (ScriptedImporter) -> (artifact id: '9a03d543dc5e433a80d978e706cafbbf') in 0.0266928 seconds
Number of updated asset objects reloaded before import = 0Number of asset objects unloaded after import = 0

========================================================================
Received Import Request.
  Time since last request: 0.000017 seconds.
  path: Assets/FPS/Audio/SFX/Enemies/Turret_Alert.mp3
  artifactKey: Guid(7fac2ef5c59df1a45985d3eb894e8d47) Importer(2089858483,d624ce77472d68a35037170ec1d2d27e)
Start importing Assets/FPS/Audio/SFX/Enemies/Turret_Alert.mp3 using Guid(7fac2ef5c59df1a45985d3eb894e8d47) Importer(2089858483,d624ce77472d68a35037170ec1d2d27e) (ScriptedImporter) -> (artifact id: '0b08454f8a6a0c97b1272f51ff6e42e1') in 0.0698608 seconds
Number of updated asset objects reloaded before import = 0Number of asset objects unloaded after import = 1

========================================================================
Received Import Request.
  Time since last request: 0.000021 seconds.
  path: Assets/FPS/Prefabs/PBObjects/Walls/PBWall_1m.prefab
  artifactKey: Guid(970ed67b83851bd40b1d0b57741b8ad1) Importer(2089858483,d624ce77472d68a35037170ec1d2d27e)
Start importing Assets/FPS/Prefabs/PBObjects/Walls/PBWall_1m.prefab using Guid(970ed67b83851bd40b1d0b57741b8ad1) Importer(2089858483,d624ce77472d68a35037170ec1d2d27e) (ScriptedImporter) -> (artifact id: '71283359f67945ced046bd3458bcd1cb') in 0.011473 seconds
Number of updated asset objects reloaded before import = 0Number of asset objects unloaded after import = 16

========================================================================
Received Import Request.
  Time since last request: 0.000027 seconds.
  path: Assets/FPS/Art/Textures/Weapons/Blaster_Emissive.png
  artifactKey: Guid(20b216283c466304b861dd810ff1afac) Importer(2089858483,d624ce77472d68a35037170ec1d2d27e)
Start importing Assets/FPS/Art/Textures/Weapons/Blaster_Emissive.png using Guid(20b216283c466304b861dd810ff1afac) Importer(2089858483,d624ce77472d68a35037170ec1d2d27e) (ScriptedImporter) -> (artifact id: '04ccc5ed62e8855727abc72bb1d41454') in 0.0451975 seconds
Number of updated asset objects reloaded before import = 0Number of asset objects unloaded after import = 1

========================================================================
Received Import Request.
  Time since last request: 0.000014 seconds.
  path: Assets/FPS/Art/Textures/UI/Transparent_Center.png
  artifactKey: Guid(61e9c8b64d003e047ab7cfc7f5d74555) Importer(2089858483,d624ce77472d68a35037170ec1d2d27e)
Start importing Assets/FPS/Art/Textures/UI/Transparent_Center.png using Guid(61e9c8b64d003e047ab7cfc7f5d74555) Importer(2089858483,d624ce77472d68a35037170ec1d2d27e) (ScriptedImporter) -> (artifact id: 'b8008ab115df2909c1ec1f03cd519499') in 0.0523512 seconds
Number of updated asset objects reloaded before import = 0Number of asset objects unloaded after import = 3

========================================================================
Received Import Request.
  Time since last request: 0.000018 seconds.
  path: Assets/FPS/Prefabs/PBObjects/Walls/PBDun_BigDoor.prefab
  artifactKey: Guid(f9c6acb4512286140ba3d80a15b53cc9) Importer(2089858483,d624ce77472d68a35037170ec1d2d27e)
Start importing Assets/FPS/Prefabs/PBObjects/Walls/PBDun_BigDoor.prefab using Guid(f9c6acb4512286140ba3d80a15b53cc9) Importer(2089858483,d624ce77472d68a35037170ec1d2d27e) (ScriptedImporter) -> (artifact id: '51a75ea1c1a4268ce54c16032ed47faf') in 0.0197423 seconds
Number of updated asset objects reloaded before import = 0Number of asset objects unloaded after import = 11

========================================================================
Received Import Request.
  Time since last request: 0.000023 seconds.
  path: Assets/AddOns/MgFPS_Thunderlight/Thunderlight_VFX/Materials/Circle.mat
  artifactKey: Guid(4fb5fff0337372a4ca617914f010ed94) Importer(2089858483,d624ce77472d68a35037170ec1d2d27e)
Start importing Assets/AddOns/MgFPS_Thunderlight/Thunderlight_VFX/Materials/Circle.mat using Guid(4fb5fff0337372a4ca617914f010ed94) Importer(2089858483,d624ce77472d68a35037170ec1d2d27e) (ScriptedImporter) -> (artifact id: '73632d0fcaf30096bd35e8d43ca894e3') in 0.0122092 seconds
Number of updated asset objects reloaded before import = 0Number of asset objects unloaded after import = 2

========================================================================
Received Import Request.
  Time since last request: 0.000019 seconds.
  path: Assets/FPS/Prefabs/Level/Crawl/Crawl_Ramp.prefab
  artifactKey: Guid(bf72addb49312404c8892098d8d911ad) Importer(2089858483,d624ce77472d68a35037170ec1d2d27e)
Start importing Assets/FPS/Prefabs/Level/Crawl/Crawl_Ramp.prefab using Guid(bf72addb49312404c8892098d8d911ad) Importer(2089858483,d624ce77472d68a35037170ec1d2d27e) (ScriptedImporter) -> (artifact id: '65af79d7bee9d7a16af5fb8e4a4e2cc4') in 0.0157437 seconds
Number of updated asset objects reloaded before import = 0Number of asset objects unloaded after import = 353

========================================================================
Received Import Request.
  Time since last request: 0.000019 seconds.
  path: Assets/FPS/Prefabs/Level/Floors/Floor_12x12.prefab
  artifactKey: Guid(9265be16246178c47aa95ef30f900b13) Importer(2089858483,d624ce77472d68a35037170ec1d2d27e)
Start importing Assets/FPS/Prefabs/Level/Floors/Floor_12x12.prefab using Guid(9265be16246178c47aa95ef30f900b13) Importer(2089858483,d624ce77472d68a35037170ec1d2d27e) (ScriptedImporter) -> (artifact id: 'aeb9f4e6a023a98f82f5ddaec4df3884') in 0.017016 seconds
Number of updated asset objects reloaded before import = 0Number of asset objects unloaded after import = 1053

========================================================================
Received Import Request.
  Time since last request: 0.000017 seconds.
  path: Assets/FPS/Art/Textures/Weapons/Launcher_Emissive.png
  artifactKey: Guid(093ab6fec1e97ff4da24b451cb8a4d26) Importer(2089858483,d624ce77472d68a35037170ec1d2d27e)
Start importing Assets/FPS/Art/Textures/Weapons/Launcher_Emissive.png using Guid(093ab6fec1e97ff4da24b451cb8a4d26) Importer(2089858483,d624ce77472d68a35037170ec1d2d27e) (ScriptedImporter) -> (artifact id: '6fbb7d42b77006f4be5d6b4d8cad0ed6') in 0.0151309 seconds
Number of updated asset objects reloaded before import = 0Number of asset objects unloaded after import = 1

========================================================================
Received Import Request.
  Time since last request: 0.000032 seconds.
  path: Assets/AddOns/MgFPS_Vaporizer/VaporizerMeshAndTexture/Models/Vaporizer.fbx
  artifactKey: Guid(3267f7b5551c1e5458a78f57f687432c) Importer(2089858483,d624ce77472d68a35037170ec1d2d27e)
Start importing Assets/AddOns/MgFPS_Vaporizer/VaporizerMeshAndTexture/Models/Vaporizer.fbx using Guid(3267f7b5551c1e5458a78f57f687432c) Importer(2089858483,d624ce77472d68a35037170ec1d2d27e) (ScriptedImporter) -> (artifact id: '3508366457f37e7666e2f1423b7dc25a') in 0.1907844 seconds
Number of updated asset objects reloaded before import = 0Number of asset objects unloaded after import = 29

========================================================================
Received Import Request.
  Time since last request: 0.000021 seconds.
  path: Assets/FPS/Prefabs/Level/MainLvl/Section3/Pit_Walls.prefab
  artifactKey: Guid(6f72a8daf2a7b2d4d8c0e3438358a8f1) Importer(2089858483,d624ce77472d68a35037170ec1d2d27e)
Start importing Assets/FPS/Prefabs/Level/MainLvl/Section3/Pit_Walls.prefab using Guid(6f72a8daf2a7b2d4d8c0e3438358a8f1) Importer(2089858483,d624ce77472d68a35037170ec1d2d27e) (ScriptedImporter) -> (artifact id: '756eb67eb563a54bbc2014be9723971e') in 0.0549215 seconds
Number of updated asset objects reloaded before import = 0Number of asset objects unloaded after import = 139

========================================================================
Received Import Request.
  Time since last request: 0.000028 seconds.
  path: Assets/AddOns/MgFPS_Vaporizer/VaporizerMeshAndTexture/Textures/HUD_Vaporizer.png
  artifactKey: Guid(5fb454febdf7a4f4babb0f251d38efae) Importer(2089858483,d624ce77472d68a35037170ec1d2d27e)
Start importing Assets/AddOns/MgFPS_Vaporizer/VaporizerMeshAndTexture/Textures/HUD_Vaporizer.png using Guid(5fb454febdf7a4f4babb0f251d38efae) Importer(2089858483,d624ce77472d68a35037170ec1d2d27e) (ScriptedImporter) -> (artifact id: '3f375f51b4cfc6c9cd576f44cc54e657') in 0.015336 seconds
Number of updated asset objects reloaded before import = 0Number of asset objects unloaded after import = 3

========================================================================
Received Import Request.
  Time since last request: 0.000016 seconds.
  path: Assets/FPS/Art/Materials/Level/Floor_DarkGrey.mat
  artifactKey: Guid(35fe0b7167cdb944a868e2996465f9da) Importer(2089858483,d624ce77472d68a35037170ec1d2d27e)
Start importing Assets/FPS/Art/Materials/Level/Floor_DarkGrey.mat using Guid(35fe0b7167cdb944a868e2996465f9da) Importer(2089858483,d624ce77472d68a35037170ec1d2d27e) (ScriptedImporter) -> (artifact id: '9862bf8896bc229e3f0ba9463b37b8be') in 0.0115676 seconds
Number of updated asset objects reloaded before import = 0Number of asset objects unloaded after import = 1

========================================================================
Received Import Request.
  Time since last request: 0.000017 seconds.
  path: Assets/AddOns/MgFPS_Thunderlight/Thunderlight_VFX/Textures/Magic_Spark.png
  artifactKey: Guid(49b52faaabc32b5448974f81c4adb0c3) Importer(2089858483,d624ce77472d68a35037170ec1d2d27e)
Start importing Assets/AddOns/MgFPS_Thunderlight/Thunderlight_VFX/Textures/Magic_Spark.png using Guid(49b52faaabc32b5448974f81c4adb0c3) Importer(2089858483,d624ce77472d68a35037170ec1d2d27e) (ScriptedImporter) -> (artifact id: 'aa9329272c4210fecfd9d64b6a948101') in 0.0162054 seconds
Number of updated asset objects reloaded before import = 0Number of asset objects unloaded after import = 1

========================================================================
Received Import Request.
  Time since last request: 0.000018 seconds.
  path: Assets/FPS/Art/Textures/Weapons/Blaster_MetallicSmooth.png
  artifactKey: Guid(1e3afee8a77520246b5e9d25112044aa) Importer(2089858483,d624ce77472d68a35037170ec1d2d27e)
Start importing Assets/FPS/Art/Textures/Weapons/Blaster_MetallicSmooth.png using Guid(1e3afee8a77520246b5e9d25112044aa) Importer(2089858483,d624ce77472d68a35037170ec1d2d27e) (ScriptedImporter) -> (artifact id: '26740f17dedbc1658a6541a5795996fa') in 0.0148348 seconds
Number of updated asset objects reloaded before import = 0Number of asset objects unloaded after import = 1

========================================================================
Received Import Request.
  Time since last request: 0.000026 seconds.
  path: Assets/FPS/Prefabs/Level/Walls/Wall_1m.prefab
  artifactKey: Guid(3e1dd0ea23e4fde4988edf3207e53029) Importer(2089858483,d624ce77472d68a35037170ec1d2d27e)
Start importing Assets/FPS/Prefabs/Level/Walls/Wall_1m.prefab using Guid(3e1dd0ea23e4fde4988edf3207e53029) Importer(2089858483,d624ce77472d68a35037170ec1d2d27e) (ScriptedImporter) -> (artifact id: 'e77d2dd1bf11472718c6d86ab28a0afb') in 0.0363746 seconds
Number of updated asset objects reloaded before import = 0Number of asset objects unloaded after import = 10

========================================================================
Received Import Request.
  Time since last request: 0.000015 seconds.
  path: Assets/FPS/Art/Materials/Weapons/WeaponDisc.mat
  artifactKey: Guid(bbfadc30c17002448a215c8857fefa7a) Importer(2089858483,d624ce77472d68a35037170ec1d2d27e)
Start importing Assets/FPS/Art/Materials/Weapons/WeaponDisc.mat using Guid(bbfadc30c17002448a215c8857fefa7a) Importer(2089858483,d624ce77472d68a35037170ec1d2d27e) (ScriptedImporter) -> (artifact id: '9c0d7b559c10074e2201a9c655abb8ef') in 0.0662882 seconds
Number of updated asset objects reloaded before import = 0Number of asset objects unloaded after import = 6

========================================================================
Received Import Request.
  Time since last request: 0.000015 seconds.
  path: Assets/FPS/Audio/SFX/Weapons/Weapon_Cooling.wav
  artifactKey: Guid(93331a7c9fe98494a84f18effb358899) Importer(2089858483,d624ce77472d68a35037170ec1d2d27e)
Start importing Assets/FPS/Audio/SFX/Weapons/Weapon_Cooling.wav using Guid(93331a7c9fe98494a84f18effb358899) Importer(2089858483,d624ce77472d68a35037170ec1d2d27e) (ScriptedImporter) -> (artifact id: '4865cc755e1c4c8639bfc6e2cef8f403') in 0.0271417 seconds
Number of updated asset objects reloaded before import = 0Number of asset objects unloaded after import = 1

========================================================================
Received Import Request.
  Time since last request: 0.000025 seconds.
  path: Assets/FPS/Audio/SFX/Player/Jump.wav
  artifactKey: Guid(13b59a14d34add64d84a623867546ff1) Importer(2089858483,d624ce77472d68a35037170ec1d2d27e)
Start importing Assets/FPS/Audio/SFX/Player/Jump.wav using Guid(13b59a14d34add64d84a623867546ff1) Importer(2089858483,d624ce77472d68a35037170ec1d2d27e) (ScriptedImporter) -> (artifact id: '1dc7753db615c4efc92d675efa9c1a81') in 0.0650223 seconds
Number of updated asset objects reloaded before import = 0Number of asset objects unloaded after import = 1

========================================================================
Received Import Request.
  Time since last request: 0.000019 seconds.
  path: Assets/FPS/Art/Materials/Weapons/WeaponDisc_Transparent.mat
  artifactKey: Guid(9ae6d1cb1fd13ec4e956f81a56ceccfb) Importer(2089858483,d624ce77472d68a35037170ec1d2d27e)
Start importing Assets/FPS/Art/Materials/Weapons/WeaponDisc_Transparent.mat using Guid(9ae6d1cb1fd13ec4e956f81a56ceccfb) Importer(2089858483,d624ce77472d68a35037170ec1d2d27e) (ScriptedImporter) -> (artifact id: '2c6d693d0974bdf105c4287bcd3cba0e') in 0.0171629 seconds
Number of updated asset objects reloaded before import = 0Number of asset objects unloaded after import = 6

========================================================================
Received Import Request.
  Time since last request: 0.000018 seconds.
  path: Assets/FPS/Prefabs/Level/Dungeon/Dun_Descent.prefab
  artifactKey: Guid(91e047326c7121248bcdf81ab6f4a6fa) Importer(2089858483,d624ce77472d68a35037170ec1d2d27e)
Start importing Assets/FPS/Prefabs/Level/Dungeon/Dun_Descent.prefab using Guid(91e047326c7121248bcdf81ab6f4a6fa) Importer(2089858483,d624ce77472d68a35037170ec1d2d27e) (ScriptedImporter) -> (artifact id: '21621be1639e3d522e4a5dcb57e0e20c') in 0.0155637 seconds
Number of updated asset objects reloaded before import = 0Number of asset objects unloaded after import = 542

========================================================================
Received Import Request.
  Time since last request: 0.000030 seconds.
  path: Assets/AddOns/MgFPS_Enemy_Boss/Audio/SFX/Boss/Detection/Radar.wav
  artifactKey: Guid(5b2687ed4e9fddd4ab750c59e9c4174b) Importer(2089858483,d624ce77472d68a35037170ec1d2d27e)
Start importing Assets/AddOns/MgFPS_Enemy_Boss/Audio/SFX/Boss/Detection/Radar.wav using Guid(5b2687ed4e9fddd4ab750c59e9c4174b) Importer(2089858483,d624ce77472d68a35037170ec1d2d27e) (ScriptedImporter) -> (artifact id: '980d8ae493ff73a5fa3bf97f1f7c40f1') in 0.0535004 seconds
Number of updated asset objects reloaded before import = 0Number of asset objects unloaded after import = 1

========================================================================
Received Import Request.
  Time since last request: 0.000016 seconds.
  path: Assets/FPS/Art/Materials/VFX/ProjectileTrail.mat
  artifactKey: Guid(97a1887a7cfda624fb3c2b8aa7e32973) Importer(2089858483,d624ce77472d68a35037170ec1d2d27e)
Start importing Assets/FPS/Art/Materials/VFX/ProjectileTrail.mat using Guid(97a1887a7cfda624fb3c2b8aa7e32973) Importer(2089858483,d624ce77472d68a35037170ec1d2d27e) (ScriptedImporter) -> (artifact id: '238db32d03a060cca1cb6cfb31322f5b') in 0.0164666 seconds
Number of updated asset objects reloaded before import = 0Number of asset objects unloaded after import = 2

========================================================================
Received Import Request.
  Time since last request: 0.000017 seconds.
  path: Assets/FPS/Art/Textures/Backgrounds/Unity_skyboxBG02.png
  artifactKey: Guid(91c91768bbde1d24da879a8907f0edd5) Importer(2089858483,d624ce77472d68a35037170ec1d2d27e)
Start importing Assets/FPS/Art/Textures/Backgrounds/Unity_skyboxBG02.png using Guid(91c91768bbde1d24da879a8907f0edd5) Importer(2089858483,d624ce77472d68a35037170ec1d2d27e) (ScriptedImporter) -> (artifact id: '3c599633b42bcf05b1a9337907a5bdb2') in 0.0168652 seconds
Number of updated asset objects reloaded before import = 0Number of asset objects unloaded after import = 3

========================================================================
Received Import Request.
  Time since last request: 0.000029 seconds.
  path: Assets/FPS/Scripts/Game/Shared/Damageable.cs
  artifactKey: Guid(f9b0ce1bb69c96b49a7ac1098a7f5796) Importer(2089858483,d624ce77472d68a35037170ec1d2d27e)
Start importing Assets/FPS/Scripts/Game/Shared/Damageable.cs using Guid(f9b0ce1bb69c96b49a7ac1098a7f5796) Importer(2089858483,d624ce77472d68a35037170ec1d2d27e) (ScriptedImporter) -> (artifact id: 'aaab0ba9c79be2131e3539a63f010a25') in 0.0117374 seconds
Number of updated asset objects reloaded before import = 0Number of asset objects unloaded after import = 0

========================================================================
Received Import Request.
  Time since last request: 0.000018 seconds.
  path: Assets/FPS/Scripts/Game/Managers/GameFlowManager.cs
  artifactKey: Guid(5e1fea5cb3ddbc249bd0181e6766db68) Importer(2089858483,d624ce77472d68a35037170ec1d2d27e)
Start importing Assets/FPS/Scripts/Game/Managers/GameFlowManager.cs using Guid(5e1fea5cb3ddbc249bd0181e6766db68) Importer(2089858483,d624ce77472d68a35037170ec1d2d27e) (ScriptedImporter) -> (artifact id: '7b236ddf54cf18eda757e14ff7ec09e7') in 0.0118506 seconds
Number of updated asset objects reloaded before import = 0Number of asset objects unloaded after import = 0

========================================================================
Received Import Request.
  Time since last request: 0.000020 seconds.
  path: Assets/FPS/Art/Textures/UI/Radar_Enemy_IconBg.png
  artifactKey: Guid(65c7da85c6d645744b9081be5782b153) Importer(2089858483,d624ce77472d68a35037170ec1d2d27e)
Start importing Assets/FPS/Art/Textures/UI/Radar_Enemy_IconBg.png using Guid(65c7da85c6d645744b9081be5782b153) Importer(2089858483,d624ce77472d68a35037170ec1d2d27e) (ScriptedImporter) -> (artifact id: '8005a0b290e981c4bb63255f6bb1275d') in 0.0158784 seconds
Number of updated asset objects reloaded before import = 0Number of asset objects unloaded after import = 3

========================================================================
Received Import Request.
  Time since last request: 0.000018 seconds.
  path: Assets/FPS/Prefabs/Level/MainLvl/Section2/Walls_Entry.prefab
  artifactKey: Guid(a33d95ac04c59de42a7a880bd53d42d8) Importer(2089858483,d624ce77472d68a35037170ec1d2d27e)
Start importing Assets/FPS/Prefabs/Level/MainLvl/Section2/Walls_Entry.prefab using Guid(a33d95ac04c59de42a7a880bd53d42d8) Importer(2089858483,d624ce77472d68a35037170ec1d2d27e) (ScriptedImporter) -> (artifact id: '394be3cf5ba689745fc557288a2fc122') in 0.0154318 seconds
Number of updated asset objects reloaded before import = 0Number of asset objects unloaded after import = 356

========================================================================
Received Import Request.
  Time since last request: 0.000032 seconds.
  path: Assets/FPS/Audio/SFX/UI/Notification_Chime.wav
  artifactKey: Guid(179db782f1044bc48b9dff5d487c4bef) Importer(2089858483,d624ce77472d68a35037170ec1d2d27e)
Start importing Assets/FPS/Audio/SFX/UI/Notification_Chime.wav using Guid(179db782f1044bc48b9dff5d487c4bef) Importer(2089858483,d624ce77472d68a35037170ec1d2d27e) (ScriptedImporter) -> (artifact id: 'cc76b7adb6cd54b5ec953b7a87d640fa') in 0.0347225 seconds
Number of updated asset objects reloaded before import = 0Number of asset objects unloaded after import = 1

Editor requested this worker to shutdown with reason: Scaling down because of idle timeout
AssetImportWorkerClient::OnTransportError - code=2 error=End of file
AssetImportWorker is now disconnected from the server
Process exiting
Exiting without the bug reporter. Application will terminate with return code 0