[Licensing::Module] Trying to connect to existing licensing client channel...
Built from '6000.3/staging' branch; Version is '6000.3.8f1 (1c7db571dde0) revision 1867189'; Using compiler version '194234433'; Build Type 'Release'
OS: 'Windows 11  (10.0.26100) Education' Language: 'en' Physical Memory: 65129 MB
[Licensing::IpcConnector] Successfully connected to: "LicenseClient-nigel.morris" at "2026-06-19T10:28:17.2401573Z"
BatchMode: 1, IsHumanControllingUs: 0, StartBugReporterOnCrash: 0, Is64bit: 1
System  architecture: x64
Process architecture: x64
Date: 2026-06-19T10:28:17Z

COMMAND LINE ARGUMENTS:
C:\Program Files\Unity\Hub\Editor\6000.3.8f1\Editor\Unity.exe
-adb2
-batchMode
-noUpm
-name
AssetImportWorker4
-projectPath
C:/Users/nigel.morris/OneDrive - eastsussexcollegegroup/Documents/GitHub/FPS-Microgame-2025
-logFile
Logs/AssetImportWorker4.log
-srvPort
60591
-licensingIpc
LicenseClient-nigel.morris
-job-worker-count
11
-background-job-worker-count
8
-gc-helper-count
1
-name
AssetImport
Successfully changed project path to: C:/Users/nigel.morris/OneDrive - eastsussexcollegegroup/Documents/GitHub/FPS-Microgame-2025
C:/Users/nigel.morris/OneDrive - eastsussexcollegegroup/Documents/GitHub/FPS-Microgame-2025
[UnityMemory] Configuration Parameters - Can be set up in boot.config
    "memorysetup-temp-allocator-size-nav-mesh-worker=65536"
    "memorysetup-temp-allocator-size-audio-worker=65536"
    "memorysetup-temp-allocator-size-gfx=262144"
    "memorysetup-allocator-temp-initial-block-size-main=262144"
    "memorysetup-allocator-temp-initial-block-size-worker=262144"
    "memorysetup-temp-allocator-size-background-worker=32768"
    "memorysetup-temp-allocator-size-job-worker=262144"
    "memorysetup-temp-allocator-size-preload-manager=33554432"
    "memorysetup-temp-allocator-size-gi-baking-worker=262144"
    "memorysetup-temp-allocator-size-gi-baking-worker=262144"
    "memorysetup-temp-allocator-size-gi-baking-worker=262144"
    "memorysetup-temp-allocator-size-gi-baking-worker=262144"
    "memorysetup-temp-allocator-size-gi-baking-worker=262144"
    "memorysetup-bucket-allocator-granularity=16"
    "memorysetup-bucket-allocator-bucket-count=8"
    "memorysetup-bucket-allocator-block-size=33554432"
    "memorysetup-bucket-allocator-block-count=8"
    "memorysetup-main-allocator-block-size=16777216"
    "memorysetup-thread-allocator-block-size=16777216"
    "memorysetup-gfx-main-allocator-block-size=16777216"
    "memorysetup-gfx-thread-allocator-block-size=16777216"
    "memorysetup-cache-allocator-block-size=4194304"
    "memorysetup-typetree-allocator-block-size=2097152"
    "memorysetup-profiler-bucket-allocator-granularity=16"
    "memorysetup-profiler-bucket-allocator-bucket-count=8"
    "memorysetup-profiler-bucket-allocator-block-size=33554432"
    "memorysetup-profiler-bucket-allocator-block-count=8"
    "memorysetup-profiler-allocator-block-size=16777216"
    "memorysetup-profiler-editor-allocator-block-size=1048576"
    "memorysetup-temp-allocator-size-main=16777216"
    "memorysetup-job-temp-allocator-block-size=2097152"
    "memorysetup-job-temp-allocator-block-size-background=1048576"
    "memorysetup-job-temp-allocator-reduction-small-platforms=262144"
    "memorysetup-temp-allocator-size-cloud-worker=32768"
Player connection [23772]  Target information:

Player connection [23772]  * "[IP] 172.27.185.99 [Port] 0 [Flags] 2 [Guid] 3934383518 [EditorId] 3934383518 [Version] 1048832 [Id] WindowsEditor(7,L-CB346-16422T) [Debug] 1 [PackageName] WindowsEditor [ProjectName] Editor" 

Player connection [23772] Host joined multi-casting on [225.0.0.222:54997]...
Player connection [23772] Host joined alternative multi-casting on [225.0.0.222:34997]...
JobSystem: Creating JobQueue using job-worker-count value 11
Input System module state changed to: Initialized.
[Physics::Module] Initialized fallback backend.
[Physics::Module] Id: 0xdecafbad
Library Redirect Path: Library/
[Physics::Module] Selected backend.
[Physics::Module] Name: PhysX
[Physics::Module] Id: 0xf2b8ea05
[Physics::Module] SDK Version: 4.1.2
[Physics::Module] Integration Version: 1.0.0
[Physics::Module] Threading Mode: Multi-Threaded
Refreshing native plugins compatible for Editor in 1.90 ms, found 2 plugins.
Preloading 0 native plugins for Editor in 0.00 ms.
Initialize engine version: 6000.3.8f1 (1c7db571dde0)
[Subsystems] Discovering subsystems at path C:/Program Files/Unity/Hub/Editor/6000.3.8f1/Editor/Data/Resources/UnitySubsystems
[Subsystems] Discovering subsystems at path C:/Users/nigel.morris/OneDrive - eastsussexcollegegroup/Documents/GitHub/FPS-Microgame-2025/Assets
GfxDevice: creating device client; kGfxThreadingModeNonThreaded
Direct3D:
    Version:  Direct3D 11.0 [level 11.1]
    Renderer: NVIDIA GeForce RTX 4090 (ID=0x2684)
    Vendor:   NVIDIA
    VRAM:     24138 MB
    Driver:   32.0.15.9597
Initialize mono
Mono path[0] = 'C:/Program Files/Unity/Hub/Editor/6000.3.8f1/Editor/Data/Managed'
Mono path[1] = 'C:/Program Files/Unity/Hub/Editor/6000.3.8f1/Editor/Data/MonoBleedingEdge/lib/mono/unityjit-win32'
Mono config path = 'C:/Program Files/Unity/Hub/Editor/6000.3.8f1/Editor/Data/MonoBleedingEdge/etc'
Using monoOptions --debugger-agent=transport=dt_socket,embedding=1,server=y,suspend=n,address=127.0.0.1:56200
Begin MonoManager ReloadAssembly
Registering precompiled unity dll's ...
Register platform support module: C:/Program Files/Unity/Hub/Editor/6000.3.8f1/Editor/Data/PlaybackEngines/WebGLSupport/UnityEditor.WebGL.Extensions.dll
Register platform support module: C:/Program Files/Unity/Hub/Editor/6000.3.8f1/Editor/Data/PlaybackEngines/MacStandaloneSupport/UnityEditor.OSXStandalone.Extensions.dll
Register platform support module: C:/Program Files/Unity/Hub/Editor/6000.3.8f1/Editor/Data/PlaybackEngines/WindowsStandaloneSupport/UnityEditor.WindowsStandalone.Extensions.dll
[Licensing::Module] Licensing is not yet initialized.
[Licensing::Client] Handshaking with LicensingClient:
  Version:                 1.17.4+4293ba1
  Session Id:              aa10edda710548dcbf2dd381a1793ca5
  Correlation Id:          dc980e05017fa1495aec9c92f4574af5
  External correlation Id: 3235315222814044099
  Machine Id:              MDg+barcQ7c7z6KV2Ua+xBe39l8=
[Licensing::Module] Successfully connected to LicensingClient on channel: "LicenseClient-nigel.morris" (connect: 0.00s, validation: 0.00s, handshake: 1.24s)
[Licensing::IpcConnector] Successfully connected to: "LicenseClient-nigel.morris-notifications" at "2026-06-19T10:28:18.4780414Z"
[Licensing::Module] Licensing Background thread has ended after 1.24s
[Licensing::Module] Licensing is initialized (took 0.34s).
[Licensing::Client] Successfully resolved entitlement details
[Licensing::Module] License group:
  Id: E4-5EVD-TUDB-EX42-UW92-XXXX
  Product: Unity Education
  Type: ULF
  Expiration: 2026-11-08T22:20:47Z
Register platform support module: C:/Program Files/Unity/Hub/Editor/6000.3.8f1/Editor/Data/PlaybackEngines/MetroSupport/UnityEditor.UWP.Extensions.dll
[Licensing::Client] Successfully resolved entitlement details
Register platform support module: C:/Program Files/Unity/Hub/Editor/6000.3.8f1/Editor/Data/PlaybackEngines/AndroidPlayer/UnityEditor.Android.Extensions.dll
[Licensing::Client] Successfully resolved entitlement details
Register platform support module: C:/Program Files/Unity/Hub/Editor/6000.3.8f1/Editor/Data/PlaybackEngines/iOSSupport/UnityEditor.iOS.Extensions.dll
Register platform support module: C:/Program Files/Unity/Hub/Editor/6000.3.8f1/Editor/Data/PlaybackEngines/AppleTVSupport/UnityEditor.AppleTV.Extensions.dll
Register platform support module: C:/Program Files/Unity/Hub/Editor/6000.3.8f1/Editor/Data/PlaybackEngines/LinuxStandaloneSupport/UnityEditor.LinuxStandalone.Extensions.dll
Registered in 0.350028 seconds.
- Loaded All Assemblies, in  0.756 seconds
Native extension for LinuxStandalone target not found
[usbmuxd] Start listen thread
[usbmuxd] Listen thread started
Native extension for AppleTV target not found
[usbmuxd] Start listen thread
[usbmuxd] Listen thread started
Native extension for iOS target not found
Native extension for Android target not found
Android Extension - Scanning For ADB Devices 2274 ms
Native extension for UWP target not found
Native extension for WindowsStandalone target not found
Native extension for OSXStandalone target not found
Native extension for WebGL target not found
Package Manager log level set to [2]
[Package Manager] Failed to launch server process. Reason: Unity was launched with the -noUpm command-line argument
[Package Manager] Unable to send message (not connected to server process).
[Package Manager] Cannot connect to Unity Package Manager local server
ScheduleIndexationOnStartup MainProcess:False IndexOnStartup:True
Mono: successfully reloaded assembly
- Finished resetting the current domain, in  2.697 seconds
Domain Reload Profiling: 3449ms
	BeginReloadAssembly (141ms)
		ExecutionOrderSort (0ms)
		DisableScriptedObjects (0ms)
		BackupInstance (0ms)
		ReleaseScriptingObjects (0ms)
		CreateAndSetChildDomain (1ms)
	RebuildCommonClasses (45ms)
	RebuildNativeTypeToScriptingClass (11ms)
	initialDomainReloadingComplete (391ms)
	LoadAllAssembliesAndSetupDomain (162ms)
		LoadAssemblies (138ms)
		RebuildTransferFunctionScriptingTraits (0ms)
		AnalyzeDomain (156ms)
			TypeCache.Refresh (154ms)
				TypeCache.ScanAssembly (143ms)
			BuildScriptInfoCaches (0ms)
			ResolveRequiredComponents (0ms)
	FinalizeReload (2698ms)
		ReleaseScriptCaches (0ms)
		RebuildScriptCaches (0ms)
		SetupLoadedEditorAssemblies (2663ms)
			LogAssemblyErrors (0ms)
			InitializePlatformSupportModulesInManaged (2418ms)
			SetLoadedEditorAssemblies (3ms)
			BeforeProcessingInitializeOnLoad (72ms)
			ProcessInitializeOnLoadAttributes (128ms)
			ProcessInitializeOnLoadMethodAttributes (41ms)
			AfterProcessingInitializeOnLoad (0ms)
			EditorAssembliesLoaded (0ms)
		ExecutionOrderSort2 (0ms)
		AwakeInstancesAfterBackupRestoration (0ms)
========================================================================
Worker process is ready to serve import requests
Import Worker Mode flag is 0x00
Begin MonoManager ReloadAssembly
[Licensing::Client] Successfully resolved entitlement details
- Loaded All Assemblies, in  0.904 seconds
Refreshing native plugins compatible for Editor in 1.15 ms, found 2 plugins.
Native extension for LinuxStandalone target not found
Native extension for AppleTV target not found
Native extension for iOS target not found
Native extension for Android target not found
Native extension for UWP target not found
Native extension for WindowsStandalone target not found
Native extension for OSXStandalone target not found
Native extension for WebGL target not found
[Package Manager] Failed to launch server process. Reason: Unity was launched with the -noUpm command-line argument
[Package Manager] Unable to send message (not connected to server process).
[Package Manager] Cannot connect to Unity Package Manager local server
[MODES] ModeService[none].Initialize
[MODES] ModeService[none].LoadModes
[MODES] Loading mode Default (0) for mode-current-id-fps
ScheduleIndexationOnStartup MainProcess:False IndexOnStartup:True
Mono: successfully reloaded assembly
- Finished resetting the current domain, in  0.839 seconds
Domain Reload Profiling: 1732ms
	BeginReloadAssembly (192ms)
		ExecutionOrderSort (0ms)
		DisableScriptedObjects (6ms)
		BackupInstance (0ms)
		ReleaseScriptingObjects (0ms)
		CreateAndSetChildDomain (44ms)
	RebuildCommonClasses (31ms)
	RebuildNativeTypeToScriptingClass (10ms)
	initialDomainReloadingComplete (42ms)
	LoadAllAssembliesAndSetupDomain (617ms)
		LoadAssemblies (460ms)
		RebuildTransferFunctionScriptingTraits (0ms)
		AnalyzeDomain (260ms)
			TypeCache.Refresh (180ms)
				TypeCache.ScanAssembly (164ms)
			BuildScriptInfoCaches (68ms)
			ResolveRequiredComponents (8ms)
	FinalizeReload (839ms)
		ReleaseScriptCaches (0ms)
		RebuildScriptCaches (0ms)
		SetupLoadedEditorAssemblies (626ms)
			LogAssemblyErrors (0ms)
			InitializePlatformSupportModulesInManaged (30ms)
			SetLoadedEditorAssemblies (5ms)
			BeforeProcessingInitializeOnLoad (169ms)
			ProcessInitializeOnLoadAttributes (321ms)
			ProcessInitializeOnLoadMethodAttributes (92ms)
			AfterProcessingInitializeOnLoad (10ms)
			EditorAssembliesLoaded (0ms)
		ExecutionOrderSort2 (0ms)
		AwakeInstancesAfterBackupRestoration (6ms)
Launched and connected shader compiler UnityShaderCompiler.exe after 0.02 seconds
Refreshing native plugins compatible for Editor in 1.43 ms, found 2 plugins.
Preloading 0 native plugins for Editor in 0.00 ms.
Unloading 17 Unused Serialized files (Serialized files now loaded: 0)
Unloading 5371 unused Assets / (3.8 MB). Loaded Objects now: 6216.
Memory consumption went from 143.5 MB to 139.7 MB.
Total: 9.636100 ms (FindLiveObjects: 0.977400 ms CreateObjectMapping: 0.482300 ms MarkObjects: 6.013900 ms  DeleteObjects: 2.161400 ms)

========================================================================
Received Import Request.
  Time since last request: 165331.518508 seconds.
  path: Assets/AddOns/Mg_Scifi_Music/SciFi_Soundtrack.prefab
  artifactKey: Guid(5e6b861e4f5eb664ba2898c5485aadd4) Importer(2089858483,d624ce77472d68a35037170ec1d2d27e)
Start importing Assets/AddOns/Mg_Scifi_Music/SciFi_Soundtrack.prefab using Guid(5e6b861e4f5eb664ba2898c5485aadd4) Importer(2089858483,d624ce77472d68a35037170ec1d2d27e) (ScriptedImporter) -> (artifact id: '047dd13698b4f5b10dc4508c9fe9643d') in 0.082664 seconds
Number of updated asset objects reloaded before import = 0Number of asset objects unloaded after import = 94

========================================================================
Received Import Request.
  Time since last request: 0.000022 seconds.
  path: Assets/AddOns/MgFPS_Quasar/Quasar_ReadMe.txt
  artifactKey: Guid(ec58b060550f01048a8eda193e316161) Importer(2089858483,d624ce77472d68a35037170ec1d2d27e)
Start importing Assets/AddOns/MgFPS_Quasar/Quasar_ReadMe.txt using Guid(ec58b060550f01048a8eda193e316161) Importer(2089858483,d624ce77472d68a35037170ec1d2d27e) (ScriptedImporter) -> (artifact id: 'e3382b0ae5e9b916f48258434224ee23') in 0.0140991 seconds
Number of updated asset objects reloaded before import = 0Number of asset objects unloaded after import = 1

========================================================================
Received Import Request.
  Time since last request: 0.000020 seconds.
  path: Assets/CodeMonkey/KeyDoorSystem/Readme.asset
  artifactKey: Guid(36a86b6a573fb6f408d120b3b764a126) Importer(2089858483,d624ce77472d68a35037170ec1d2d27e)
Start importing Assets/CodeMonkey/KeyDoorSystem/Readme.asset using Guid(36a86b6a573fb6f408d120b3b764a126) Importer(2089858483,d624ce77472d68a35037170ec1d2d27e) (ScriptedImporter) -> (artifact id: 'c5b0ecd29b11b09161cc440ec518bd64') in 0.0303771 seconds
Number of updated asset objects reloaded before import = 0Number of asset objects unloaded after import = 1

========================================================================
Received Import Request.
  Time since last request: 0.000030 seconds.
  path: Assets/AddOns/MgFPS_SniperRifle/Pickup_SniperRifle.prefab
  artifactKey: Guid(875fff87562175c4c8fd5ad104f1672e) Importer(2089858483,d624ce77472d68a35037170ec1d2d27e)
Start importing Assets/AddOns/MgFPS_SniperRifle/Pickup_SniperRifle.prefab using Guid(875fff87562175c4c8fd5ad104f1672e) Importer(2089858483,d624ce77472d68a35037170ec1d2d27e) (ScriptedImporter) -> (artifact id: 'b51d2a3c6401e73ed3ce0f14365a6c8d') in 0.0535282 seconds
Number of updated asset objects reloaded before import = 0Number of asset objects unloaded after import = 89

========================================================================
Received Import Request.
  Time since last request: 0.000020 seconds.
  path: Assets/DefaultVolumeProfile.asset
  artifactKey: Guid(cf8b32818d4915540992c0f4c33c205f) Importer(2089858483,d624ce77472d68a35037170ec1d2d27e)
Start importing Assets/DefaultVolumeProfile.asset using Guid(cf8b32818d4915540992c0f4c33c205f) Importer(2089858483,d624ce77472d68a35037170ec1d2d27e) (ScriptedImporter) -> (artifact id: 'e002442f9691a76c15d0e0fd6165f347') in 0.0128976 seconds
Number of updated asset objects reloaded before import = 0Number of asset objects unloaded after import = 0

========================================================================
Received Import Request.
  Time since last request: 0.000020 seconds.
  path: Assets/AddOns/Mg3D_Hats/MagicianHat.fbx
  artifactKey: Guid(06c4131835f65024586454416f6b1f66) Importer(2089858483,d624ce77472d68a35037170ec1d2d27e)
Start importing Assets/AddOns/Mg3D_Hats/MagicianHat.fbx using Guid(06c4131835f65024586454416f6b1f66) Importer(2089858483,d624ce77472d68a35037170ec1d2d27e) (ScriptedImporter) -> (artifact id: '0886f11f984231a3009ddd4ba42ef540') in 0.0832507 seconds
Number of updated asset objects reloaded before import = 0Number of asset objects unloaded after import = 9

========================================================================
Received Import Request.
  Time since last request: 0.000032 seconds.
  path: Assets/AddOns/MgFPS_Quasar/Weapon_Quasar.prefab
  artifactKey: Guid(10078a1461d24744f8765850c99569df) Importer(2089858483,d624ce77472d68a35037170ec1d2d27e)
Start importing Assets/AddOns/MgFPS_Quasar/Weapon_Quasar.prefab using Guid(10078a1461d24744f8765850c99569df) Importer(2089858483,d624ce77472d68a35037170ec1d2d27e) (ScriptedImporter) -> (artifact id: '3f19a5a11baad1a0e4c46d16534b8739') in 0.0654706 seconds
Number of updated asset objects reloaded before import = 0Number of asset objects unloaded after import = 109

========================================================================
Received Import Request.
  Time since last request: 0.000021 seconds.
  path: Assets/Settings/Very Low_PipelineAsset_ForwardRenderer.asset
  artifactKey: Guid(4e5484cec695a45559f79d4c24a0bc6b) Importer(2089858483,d624ce77472d68a35037170ec1d2d27e)
Start importing Assets/Settings/Very Low_PipelineAsset_ForwardRenderer.asset using Guid(4e5484cec695a45559f79d4c24a0bc6b) Importer(2089858483,d624ce77472d68a35037170ec1d2d27e) (ScriptedImporter) -> (artifact id: '8bb37385d4bae8cff81d94f2d86d1323') in 0.0274916 seconds
Number of updated asset objects reloaded before import = 0Number of asset objects unloaded after import = 1

========================================================================
Received Import Request.
  Time since last request: 0.000020 seconds.
  path: Assets/Settings/Medium_PipelineAsset_ForwardRenderer.asset
  artifactKey: Guid(e07b76f1ccf0d48b982bf31df7eb237c) Importer(2089858483,d624ce77472d68a35037170ec1d2d27e)
Start importing Assets/Settings/Medium_PipelineAsset_ForwardRenderer.asset using Guid(e07b76f1ccf0d48b982bf31df7eb237c) Importer(2089858483,d624ce77472d68a35037170ec1d2d27e) (ScriptedImporter) -> (artifact id: 'dd9808a3ae574fa836c244135d2650d5') in 0.0135857 seconds
Number of updated asset objects reloaded before import = 0Number of asset objects unloaded after import = 1

========================================================================
Received Import Request.
  Time since last request: 0.000032 seconds.
  path: Assets/AddOns/MgFPS_Quasar/Projectile_Quasar.prefab
  artifactKey: Guid(3737b3d33622f6a4d9c6aa922bd78fc4) Importer(2089858483,d624ce77472d68a35037170ec1d2d27e)
Start importing Assets/AddOns/MgFPS_Quasar/Projectile_Quasar.prefab using Guid(3737b3d33622f6a4d9c6aa922bd78fc4) Importer(2089858483,d624ce77472d68a35037170ec1d2d27e) (ScriptedImporter) -> (artifact id: 'bfc84a8360752800e7a64747041a0179') in 0.0311184 seconds
Number of updated asset objects reloaded before import = 0Number of asset objects unloaded after import = 45

========================================================================
Received Import Request.
  Time since last request: 0.000020 seconds.
  path: Assets/AddOns/Mg3D_Animated_Sci-fi/AnimatedSciFiProps_ReadMe.txt
  artifactKey: Guid(5390228ce715ac942b76bfe45635fb67) Importer(2089858483,d624ce77472d68a35037170ec1d2d27e)
Start importing Assets/AddOns/Mg3D_Animated_Sci-fi/AnimatedSciFiProps_ReadMe.txt using Guid(5390228ce715ac942b76bfe45635fb67) Importer(2089858483,d624ce77472d68a35037170ec1d2d27e) (ScriptedImporter) -> (artifact id: 'bee61c32bbb1f52354dd05c26276666b') in 0.0122905 seconds
Number of updated asset objects reloaded before import = 0Number of asset objects unloaded after import = 1

========================================================================
Received Import Request.
  Time since last request: 0.000018 seconds.
  path: Assets/AddOns/MgFPS_Vaporizer/Projectile_Vaporizer.prefab
  artifactKey: Guid(1f09300285d7cda4bac714dace582dda) Importer(2089858483,d624ce77472d68a35037170ec1d2d27e)
Start importing Assets/AddOns/MgFPS_Vaporizer/Projectile_Vaporizer.prefab using Guid(1f09300285d7cda4bac714dace582dda) Importer(2089858483,d624ce77472d68a35037170ec1d2d27e) (ScriptedImporter) -> (artifact id: '910eb598098d9638c6920f507155baab') in 0.0168591 seconds
Number of updated asset objects reloaded before import = 0Number of asset objects unloaded after import = 17

========================================================================
Received Import Request.
  Time since last request: 0.000021 seconds.
  path: Assets/ModAssets/Textures/billboard_2D_tall.png
  artifactKey: Guid(50b2c32ff3de94988a61633cb19060de) Importer(2089858483,d624ce77472d68a35037170ec1d2d27e)
Start importing Assets/ModAssets/Textures/billboard_2D_tall.png using Guid(50b2c32ff3de94988a61633cb19060de) Importer(2089858483,d624ce77472d68a35037170ec1d2d27e) (ScriptedImporter) -> (artifact id: 'e7fbecb509a1721d0615a6d8a05c8de2') in 0.0579804 seconds
Number of updated asset objects reloaded before import = 0Number of asset objects unloaded after import = 3

========================================================================
Received Import Request.
  Time since last request: 0.000030 seconds.
  path: Assets/ModAssets/Fonts/DancingScript-Regular SDF.asset
  artifactKey: Guid(7b50419dd5d254755b7929b05d413472) Importer(2089858483,d624ce77472d68a35037170ec1d2d27e)
Start importing Assets/ModAssets/Fonts/DancingScript-Regular SDF.asset using Guid(7b50419dd5d254755b7929b05d413472) Importer(2089858483,d624ce77472d68a35037170ec1d2d27e) (ScriptedImporter) -> (artifact id: 'a8eea36f0d82bea8b29789ba3e7a4b51') in 0.0406387 seconds
Number of updated asset objects reloaded before import = 0Number of asset objects unloaded after import = 3

========================================================================
Received Import Request.
  Time since last request: 0.000019 seconds.
  path: Assets/FPS/Tutorials/import-asset@2x.png
  artifactKey: Guid(4db00f0358d194313a877344f4ba535c) Importer(2089858483,d624ce77472d68a35037170ec1d2d27e)
Start importing Assets/FPS/Tutorials/import-asset@2x.png using Guid(4db00f0358d194313a877344f4ba535c) Importer(2089858483,d624ce77472d68a35037170ec1d2d27e) (ScriptedImporter) -> (artifact id: '3a3e10e5ce323178905d4eeb94461e7f') in 0.0181212 seconds
Number of updated asset objects reloaded before import = 0Number of asset objects unloaded after import = 1

========================================================================
Received Import Request.
  Time since last request: 0.000017 seconds.
  path: Assets/AddOns/Mg_Scifi_Music/SciFiSoundtrack_ReadMe.txt
  artifactKey: Guid(74f2c33b8fe4dd1438ccabe722bd9fd6) Importer(2089858483,d624ce77472d68a35037170ec1d2d27e)
Start importing Assets/AddOns/Mg_Scifi_Music/SciFiSoundtrack_ReadMe.txt using Guid(74f2c33b8fe4dd1438ccabe722bd9fd6) Importer(2089858483,d624ce77472d68a35037170ec1d2d27e) (ScriptedImporter) -> (artifact id: 'c8d30a20d3aa5337ee2e034183b72fb5') in 0.0125044 seconds
Number of updated asset objects reloaded before import = 0Number of asset objects unloaded after import = 1

========================================================================
Received Import Request.
  Time since last request: 0.000032 seconds.
  path: Assets/AddOns/Mg3D_Hats/MinerHat.fbx
  artifactKey: Guid(a9853556c4fc4d44087cd153918f7305) Importer(2089858483,d624ce77472d68a35037170ec1d2d27e)
Start importing Assets/AddOns/Mg3D_Hats/MinerHat.fbx using Guid(a9853556c4fc4d44087cd153918f7305) Importer(2089858483,d624ce77472d68a35037170ec1d2d27e) (ScriptedImporter) -> (artifact id: '5fa8a1a337b9f683cac1d6c5f07021da') in 0.0206084 seconds
Number of updated asset objects reloaded before import = 0Number of asset objects unloaded after import = 12

========================================================================
Received Import Request.
  Time since last request: 0.000021 seconds.
  path: Assets/Settings/Ultra_PipelineAsset.asset
  artifactKey: Guid(4b2c5533952df481e84cd28754518d36) Importer(2089858483,d624ce77472d68a35037170ec1d2d27e)
Start importing Assets/Settings/Ultra_PipelineAsset.asset using Guid(4b2c5533952df481e84cd28754518d36) Importer(2089858483,d624ce77472d68a35037170ec1d2d27e) (ScriptedImporter) -> (artifact id: '05012013c0bba385a9016324663f356c') in 0.0448559 seconds
Number of updated asset objects reloaded before import = 0Number of asset objects unloaded after import = 2

========================================================================
Received Import Request.
  Time since last request: 0.000013 seconds.
  path: Assets/Settings/High_PipelineAsset_ForwardRenderer.asset
  artifactKey: Guid(d05c3002ce85d43a5a4c5599d0c7594d) Importer(2089858483,d624ce77472d68a35037170ec1d2d27e)
Start importing Assets/Settings/High_PipelineAsset_ForwardRenderer.asset using Guid(d05c3002ce85d43a5a4c5599d0c7594d) Importer(2089858483,d624ce77472d68a35037170ec1d2d27e) (ScriptedImporter) -> (artifact id: '4dc1c8270a5e370a927b03b56c7b98f2') in 0.0353327 seconds
Number of updated asset objects reloaded before import = 0Number of asset objects unloaded after import = 1

========================================================================
Received Import Request.
  Time since last request: 0.000018 seconds.
  path: Assets/AddOns/MgFPS_Aurous/Weapon_Aurous.prefab
  artifactKey: Guid(0e63a311efeefbb4991b28176a94463f) Importer(2089858483,d624ce77472d68a35037170ec1d2d27e)
Start importing Assets/AddOns/MgFPS_Aurous/Weapon_Aurous.prefab using Guid(0e63a311efeefbb4991b28176a94463f) Importer(2089858483,d624ce77472d68a35037170ec1d2d27e) (ScriptedImporter) -> (artifact id: '555997340c1f6d6a6eb14c802f150976') in 0.0486217 seconds
Number of updated asset objects reloaded before import = 0Number of asset objects unloaded after import = 83

========================================================================
Received Import Request.
  Time since last request: 0.000031 seconds.
  path: Assets/AddOns/Mg3D_Hats/Crown.fbx
  artifactKey: Guid(598a1f45fefa08846b93be35e98f166e) Importer(2089858483,d624ce77472d68a35037170ec1d2d27e)
Start importing Assets/AddOns/Mg3D_Hats/Crown.fbx using Guid(598a1f45fefa08846b93be35e98f166e) Importer(2089858483,d624ce77472d68a35037170ec1d2d27e) (ScriptedImporter) -> (artifact id: '4a9fd8bc5e14f70edcd97994ec132e6d') in 0.0219531 seconds
Number of updated asset objects reloaded before import = 0Number of asset objects unloaded after import = 10

========================================================================
Received Import Request.
  Time since last request: 0.000022 seconds.
  path: Assets/AddOns/MgFPS_Boomshot/Boomshot_ReadMe.txt
  artifactKey: Guid(28968bfb706a7c94091e61828f79088c) Importer(2089858483,d624ce77472d68a35037170ec1d2d27e)
Start importing Assets/AddOns/MgFPS_Boomshot/Boomshot_ReadMe.txt using Guid(28968bfb706a7c94091e61828f79088c) Importer(2089858483,d624ce77472d68a35037170ec1d2d27e) (ScriptedImporter) -> (artifact id: '51880c99ba4e8b0ab1ef22664c9cf8b4') in 0.0144507 seconds
Number of updated asset objects reloaded before import = 0Number of asset objects unloaded after import = 1

========================================================================
Received Import Request.
  Time since last request: 0.000016 seconds.
  path: Assets/AddOns/MgFPS_PlasmaRain/Projectile_PlasmaRain.prefab
  artifactKey: Guid(ad2b518eec8886c4aa1e67adbf9635cd) Importer(2089858483,d624ce77472d68a35037170ec1d2d27e)
Start importing Assets/AddOns/MgFPS_PlasmaRain/Projectile_PlasmaRain.prefab using Guid(ad2b518eec8886c4aa1e67adbf9635cd) Importer(2089858483,d624ce77472d68a35037170ec1d2d27e) (ScriptedImporter) -> (artifact id: '16444c2519274f245fd76e51111be89d') in 0.0313805 seconds
Number of updated asset objects reloaded before import = 0Number of asset objects unloaded after import = 80

========================================================================
Received Import Request.
  Time since last request: 0.000024 seconds.
  path: Assets/AddOns/MgFPS_SniperRifle/Weapon_SniperRifle.prefab
  artifactKey: Guid(a3d20718f5f4f9147b1a38a1d1821ad2) Importer(2089858483,d624ce77472d68a35037170ec1d2d27e)
Start importing Assets/AddOns/MgFPS_SniperRifle/Weapon_SniperRifle.prefab using Guid(a3d20718f5f4f9147b1a38a1d1821ad2) Importer(2089858483,d624ce77472d68a35037170ec1d2d27e) (ScriptedImporter) -> (artifact id: '18aee6090a577482e44e7a4b0b8f0a7a') in 0.0426955 seconds
Number of updated asset objects reloaded before import = 0Number of asset objects unloaded after import = 83

========================================================================
Received Import Request.
  Time since last request: 0.000033 seconds.
  path: Assets/ModAssets/Textures/billboard_2D_wide.png
  artifactKey: Guid(3142e986a20354e5c9b3394e5ff7ae12) Importer(2089858483,d624ce77472d68a35037170ec1d2d27e)
Start importing Assets/ModAssets/Textures/billboard_2D_wide.png using Guid(3142e986a20354e5c9b3394e5ff7ae12) Importer(2089858483,d624ce77472d68a35037170ec1d2d27e) (ScriptedImporter) -> (artifact id: '09be0b452ac6e629c5e65558755687f1') in 0.0172489 seconds
Number of updated asset objects reloaded before import = 0Number of asset objects unloaded after import = 3

========================================================================
Received Import Request.
  Time since last request: 0.000019 seconds.
  path: Assets/AddOns/MgFPS_Haku/Pickup_Haku.prefab
  artifactKey: Guid(8d44090e312988e428eaa7a34fbacd27) Importer(2089858483,d624ce77472d68a35037170ec1d2d27e)
Start importing Assets/AddOns/MgFPS_Haku/Pickup_Haku.prefab using Guid(8d44090e312988e428eaa7a34fbacd27) Importer(2089858483,d624ce77472d68a35037170ec1d2d27e) (ScriptedImporter) -> (artifact id: '7d4431178476f2bee9fa3884a433e1f8') in 0.0289383 seconds
Number of updated asset objects reloaded before import = 0Number of asset objects unloaded after import = 112

========================================================================
Received Import Request.
  Time since last request: 0.000021 seconds.
  path: Assets/AddOns/Mg3D_Animated_Sci-fi/Animations/Artillery_01_Idle.anim
  artifactKey: Guid(1fa5ae1681d7f0f46905044f7679233a) Importer(2089858483,d624ce77472d68a35037170ec1d2d27e)
Start importing Assets/AddOns/Mg3D_Animated_Sci-fi/Animations/Artillery_01_Idle.anim using Guid(1fa5ae1681d7f0f46905044f7679233a) Importer(2089858483,d624ce77472d68a35037170ec1d2d27e) (ScriptedImporter) -> (artifact id: '534fafa6e66147d5f80c68f33a5b322d') in 0.0178372 seconds
Number of updated asset objects reloaded before import = 0Number of asset objects unloaded after import = 1

========================================================================
Received Import Request.
  Time since last request: 0.000020 seconds.
  path: Assets/AddOns/Mg3D_Animated_Sci-fi/AnimationControllers/Artillery_01_AnimController.controller
  artifactKey: Guid(fb947ac3d4a44914a883ccf6b1886c4b) Importer(2089858483,d624ce77472d68a35037170ec1d2d27e)
Start importing Assets/AddOns/Mg3D_Animated_Sci-fi/AnimationControllers/Artillery_01_AnimController.controller using Guid(fb947ac3d4a44914a883ccf6b1886c4b) Importer(2089858483,d624ce77472d68a35037170ec1d2d27e) (ScriptedImporter) -> (artifact id: '98653dce12a8eb2cbcbdc03fce35ff3e') in 0.0140125 seconds
Number of updated asset objects reloaded before import = 0Number of asset objects unloaded after import = 4

========================================================================
Received Import Request.
  Time since last request: 0.000033 seconds.
  path: Assets/TextMesh Pro/Sprites/EmojiOne_License.txt
  artifactKey: Guid(906d2306b051fcb42a5779eb9c6d3e2b) Importer(2089858483,d624ce77472d68a35037170ec1d2d27e)
Start importing Assets/TextMesh Pro/Sprites/EmojiOne_License.txt using Guid(906d2306b051fcb42a5779eb9c6d3e2b) Importer(2089858483,d624ce77472d68a35037170ec1d2d27e) (ScriptedImporter) -> (artifact id: 'dbabaa36c5a1513dd1abd06e9545e4cf') in 0.0153564 seconds
Number of updated asset objects reloaded before import = 0Number of asset objects unloaded after import = 1

========================================================================
Received Import Request.
  Time since last request: 0.000014 seconds.
  path: Assets/AddOns/Mg3D_Animated_Sci-fi/AnimationControllers/SA_MechanicalArm_Assembled_AnimController.controller
  artifactKey: Guid(0fa28888fdc0c954f907abdb7c094c82) Importer(2089858483,d624ce77472d68a35037170ec1d2d27e)
Start importing Assets/AddOns/Mg3D_Animated_Sci-fi/AnimationControllers/SA_MechanicalArm_Assembled_AnimController.controller using Guid(0fa28888fdc0c954f907abdb7c094c82) Importer(2089858483,d624ce77472d68a35037170ec1d2d27e) (ScriptedImporter) -> (artifact id: '8226c609edd1a7861774a4128c2bf223') in 0.0132228 seconds
Number of updated asset objects reloaded before import = 0Number of asset objects unloaded after import = 4

========================================================================
Received Import Request.
  Time since last request: 0.000019 seconds.
  path: Assets/TextMesh Pro/Shaders/TMPro_Mobile.cginc
  artifactKey: Guid(c334973cef89a9840b0b0c507e0377ab) Importer(2089858483,d624ce77472d68a35037170ec1d2d27e)
Start importing Assets/TextMesh Pro/Shaders/TMPro_Mobile.cginc using Guid(c334973cef89a9840b0b0c507e0377ab) Importer(2089858483,d624ce77472d68a35037170ec1d2d27e) (ScriptedImporter) -> (artifact id: '279d2b8064bbaea0d47ac6dfe9ce3815') in 0.0127638 seconds
Number of updated asset objects reloaded before import = 0Number of asset objects unloaded after import = 1

========================================================================
Received Import Request.
  Time since last request: 0.000020 seconds.
  path: Assets/AddOns/Mg3D_Hats/ShowerCap.fbx
  artifactKey: Guid(c49b578c54f48fd47aca6b1eda6be743) Importer(2089858483,d624ce77472d68a35037170ec1d2d27e)
Start importing Assets/AddOns/Mg3D_Hats/ShowerCap.fbx using Guid(c49b578c54f48fd47aca6b1eda6be743) Importer(2089858483,d624ce77472d68a35037170ec1d2d27e) (ScriptedImporter) -> (artifact id: '93e3e72baec8f3c0e508da22e323fded') in 0.0203651 seconds
Number of updated asset objects reloaded before import = 0Number of asset objects unloaded after import = 11

========================================================================
Received Import Request.
  Time since last request: 0.000028 seconds.
  path: Assets/FPS/Prefabs/Player.prefab
  artifactKey: Guid(761cdc9e4e883334cbdcea062d0befa7) Importer(2089858483,d624ce77472d68a35037170ec1d2d27e)
Start importing Assets/FPS/Prefabs/Player.prefab using Guid(761cdc9e4e883334cbdcea062d0befa7) Importer(2089858483,d624ce77472d68a35037170ec1d2d27e) (ScriptedImporter) -> (artifact id: '5b714ec32948b8c821d058623b6bb91e') in 0.0527237 seconds
Number of updated asset objects reloaded before import = 0Number of asset objects unloaded after import = 169

========================================================================
Received Import Request.
  Time since last request: 0.000019 seconds.
  path: Assets/TextMesh Pro/Fonts/LiberationSans - OFL.txt
  artifactKey: Guid(6e59c59b81ab47f9b6ec5781fa725d2c) Importer(2089858483,d624ce77472d68a35037170ec1d2d27e)
Start importing Assets/TextMesh Pro/Fonts/LiberationSans - OFL.txt using Guid(6e59c59b81ab47f9b6ec5781fa725d2c) Importer(2089858483,d624ce77472d68a35037170ec1d2d27e) (ScriptedImporter) -> (artifact id: '827ada757a863170050bb85ae2d22bd2') in 0.0127039 seconds
Number of updated asset objects reloaded before import = 0Number of asset objects unloaded after import = 1

========================================================================
Received Import Request.
  Time since last request: 0.000019 seconds.
  path: Assets/TextMesh Pro/Shaders/TMP_SDF-HDRP LIT.shadergraph
  artifactKey: Guid(ca2ed216f98028c4dae6c5224a952b3c) Importer(2089858483,d624ce77472d68a35037170ec1d2d27e)
Start importing Assets/TextMesh Pro/Shaders/TMP_SDF-HDRP LIT.shadergraph using Guid(ca2ed216f98028c4dae6c5224a952b3c) Importer(2089858483,d624ce77472d68a35037170ec1d2d27e) (ScriptedImporter) -> (artifact id: '61b545d94c4665e7bb796afc44c9a471') in 0.0176498 seconds
Number of updated asset objects reloaded before import = 0Number of asset objects unloaded after import = 3

========================================================================
Received Import Request.
  Time since last request: 0.000034 seconds.
  path: Assets/TextMesh Pro/Shaders/TMP_Bitmap.shader
  artifactKey: Guid(128e987d567d4e2c824d754223b3f3b0) Importer(2089858483,d624ce77472d68a35037170ec1d2d27e)
Start importing Assets/TextMesh Pro/Shaders/TMP_Bitmap.shader using Guid(128e987d567d4e2c824d754223b3f3b0) Importer(2089858483,d624ce77472d68a35037170ec1d2d27e) (ScriptedImporter) -> (artifact id: '4d8d40ac8a458b2413fc579f9cd8c5e4') in 0.0155636 seconds
Number of updated asset objects reloaded before import = 0Number of asset objects unloaded after import = 1

========================================================================
Received Import Request.
  Time since last request: 0.000018 seconds.
  path: Assets/TextMesh Pro/Shaders/TMP_SDF-Surface.shader
  artifactKey: Guid(f7ada0af4f174f0694ca6a487b8f543d) Importer(2089858483,d624ce77472d68a35037170ec1d2d27e)
Start importing Assets/TextMesh Pro/Shaders/TMP_SDF-Surface.shader using Guid(f7ada0af4f174f0694ca6a487b8f543d) Importer(2089858483,d624ce77472d68a35037170ec1d2d27e) (ScriptedImporter) -> (artifact id: '293c5a92825a06e73854254ffcc2cdec') in 0.0138133 seconds
Number of updated asset objects reloaded before import = 0Number of asset objects unloaded after import = 1

========================================================================
Received Import Request.
  Time since last request: 0.000017 seconds.
  path: Assets/AddOns/Mg3D_Animated_Sci-fi/AnimationControllers/Pod_Assembled_AnimController.controller
  artifactKey: Guid(6c03f9f4e2bb16e438c9b0bed843d3ef) Importer(2089858483,d624ce77472d68a35037170ec1d2d27e)
Start importing Assets/AddOns/Mg3D_Animated_Sci-fi/AnimationControllers/Pod_Assembled_AnimController.controller using Guid(6c03f9f4e2bb16e438c9b0bed843d3ef) Importer(2089858483,d624ce77472d68a35037170ec1d2d27e) (ScriptedImporter) -> (artifact id: '3f988ced2f5068db3b0e7ba384f38ead') in 0.0165245 seconds
Number of updated asset objects reloaded before import = 0Number of asset objects unloaded after import = 8

========================================================================
Received Import Request.
  Time since last request: 0.000023 seconds.
  path: Assets/FPS/Scenes/MainScene.unity
  artifactKey: Guid(d794a2ef8ba31d847ad3c19d03e2ddb9) Importer(2089858483,d624ce77472d68a35037170ec1d2d27e)
Start importing Assets/FPS/Scenes/MainScene.unity using Guid(d794a2ef8ba31d847ad3c19d03e2ddb9) Importer(2089858483,d624ce77472d68a35037170ec1d2d27e) (ScriptedImporter) -> (artifact id: '409a320527bbf20f33f46996e9f24a1c') in 0.0141381 seconds
Number of updated asset objects reloaded before import = 0Number of asset objects unloaded after import = 1

========================================================================
Received Import Request.
  Time since last request: 0.000034 seconds.
  path: Assets/AddOns/Mg3D_Animated_Sci-fi/Animations/Generator_01_Spin.anim
  artifactKey: Guid(008fbf991f9da06479cd56aabd85ae63) Importer(2089858483,d624ce77472d68a35037170ec1d2d27e)
Start importing Assets/AddOns/Mg3D_Animated_Sci-fi/Animations/Generator_01_Spin.anim using Guid(008fbf991f9da06479cd56aabd85ae63) Importer(2089858483,d624ce77472d68a35037170ec1d2d27e) (ScriptedImporter) -> (artifact id: 'a6377e7bf6c3f9296cfe6303ea7ed03e') in 0.0125319 seconds
Number of updated asset objects reloaded before import = 0Number of asset objects unloaded after import = 1

========================================================================
Received Import Request.
  Time since last request: 0.000018 seconds.
  path: Assets/AddOns/Mg3D_Animated_Sci-fi/Animations/Pod_Assembled_OpenClose.anim
  artifactKey: Guid(0af6bbd7d919f5741aaacb9d51db222d) Importer(2089858483,d624ce77472d68a35037170ec1d2d27e)
Start importing Assets/AddOns/Mg3D_Animated_Sci-fi/Animations/Pod_Assembled_OpenClose.anim using Guid(0af6bbd7d919f5741aaacb9d51db222d) Importer(2089858483,d624ce77472d68a35037170ec1d2d27e) (ScriptedImporter) -> (artifact id: 'ea7cc9d704289b9d87a5c507f955ffc8') in 0.0173286 seconds
Number of updated asset objects reloaded before import = 0Number of asset objects unloaded after import = 1

========================================================================
Received Import Request.
  Time since last request: 0.000018 seconds.
  path: Assets/AddOns/Mg3D_Animated_Sci-fi/Materials/White.mat
  artifactKey: Guid(5aebe54d34558734287c61824fca625d) Importer(2089858483,d624ce77472d68a35037170ec1d2d27e)
Start importing Assets/AddOns/Mg3D_Animated_Sci-fi/Materials/White.mat using Guid(5aebe54d34558734287c61824fca625d) Importer(2089858483,d624ce77472d68a35037170ec1d2d27e) (ScriptedImporter) -> (artifact id: '1cb9a86384d73e27078c602d7bbb98b8') in 0.0138496 seconds
Number of updated asset objects reloaded before import = 0Number of asset objects unloaded after import = 1

========================================================================
Received Import Request.
  Time since last request: 0.000019 seconds.
  path: Assets/AddOns/Mg3D_Animated_Sci-fi/Meshes/SA_MechanicalArm_07.asset
  artifactKey: Guid(7fc3643b3319014478f26c981d14249e) Importer(2089858483,d624ce77472d68a35037170ec1d2d27e)
Start importing Assets/AddOns/Mg3D_Animated_Sci-fi/Meshes/SA_MechanicalArm_07.asset using Guid(7fc3643b3319014478f26c981d14249e) Importer(2089858483,d624ce77472d68a35037170ec1d2d27e) (ScriptedImporter) -> (artifact id: '2f91f03ebda07119b8b453ebe175ed69') in 0.0134836 seconds
Number of updated asset objects reloaded before import = 0Number of asset objects unloaded after import = 1

========================================================================
Received Import Request.
  Time since last request: 0.000024 seconds.
  path: Assets/AddOns/MgFPS_Enemy_Boss/Audio/Enemy_Boss_AudioMixer.mixer
  artifactKey: Guid(28ea2724a075d32428d4c6323d2e0ba7) Importer(2089858483,d624ce77472d68a35037170ec1d2d27e)
Start importing Assets/AddOns/MgFPS_Enemy_Boss/Audio/Enemy_Boss_AudioMixer.mixer using Guid(28ea2724a075d32428d4c6323d2e0ba7) Importer(2089858483,d624ce77472d68a35037170ec1d2d27e) (ScriptedImporter)Refreshing native plugins compatible for Editor in 1.60 ms, found 2 plugins.
Preloading 0 native plugins for Editor in 0.00 ms.
 -> (artifact id: 'dcff5200cd29c42f61197f90e7f36378') in 0.0269491 seconds
Number of updated asset objects reloaded before import = 0Number of asset objects unloaded after import = 31

========================================================================
Received Import Request.
  Time since last request: 0.000017 seconds.
  path: Assets/AddOns/MgFPS_BossRemixSFX/Attack/BossRmx_Railgun_Buildup.ogg
  artifactKey: Guid(99b140857a957004789c5ffce139a060) Importer(2089858483,d624ce77472d68a35037170ec1d2d27e)
Start importing Assets/AddOns/MgFPS_BossRemixSFX/Attack/BossRmx_Railgun_Buildup.ogg using Guid(99b140857a957004789c5ffce139a060) Importer(2089858483,d624ce77472d68a35037170ec1d2d27e) (ScriptedImporter) -> (artifact id: '40913f24d2352593a0cf95dcf629e70e') in 0.0269749 seconds
Number of updated asset objects reloaded before import = 0Number of asset objects unloaded after import = 1

========================================================================
Received Import Request.
  Time since last request: 0.000016 seconds.
  path: Assets/AddOns/MgFPS_Aurous/Aurous_SFX/Aurous_PowerUp.wav
  artifactKey: Guid(ea917361823e5504ab0f0ac61bf61587) Importer(2089858483,d624ce77472d68a35037170ec1d2d27e)
Start importing Assets/AddOns/MgFPS_Aurous/Aurous_SFX/Aurous_PowerUp.wav using Guid(ea917361823e5504ab0f0ac61bf61587) Importer(2089858483,d624ce77472d68a35037170ec1d2d27e) (ScriptedImporter) -> (artifact id: 'c0cf4b11f71eed6e53fa2e836338f0a2') in 0.0225527 seconds
Number of updated asset objects reloaded before import = 0Number of asset objects unloaded after import = 1

========================================================================
Received Import Request.
  Time since last request: 0.000022 seconds.
  path: Assets/AddOns/MgFPS_BossRemixSFX/Attack/BossRmx_RocketLauncher.ogg
  artifactKey: Guid(9c91f4f1a5178284d83fd8dcad556d66) Importer(2089858483,d624ce77472d68a35037170ec1d2d27e)
Start importing Assets/AddOns/MgFPS_BossRemixSFX/Attack/BossRmx_RocketLauncher.ogg using Guid(9c91f4f1a5178284d83fd8dcad556d66) Importer(2089858483,d624ce77472d68a35037170ec1d2d27e) (ScriptedImporter) -> (artifact id: '40594a16f89c37bf16bdaaa50ade090f') in 0.023614 seconds
Number of updated asset objects reloaded before import = 0Number of asset objects unloaded after import = 1

========================================================================
Received Import Request.
  Time since last request: 0.000031 seconds.
  path: Assets/AddOns/Mg3D_Animated_Sci-fi/Meshes/Pod_Cocoon_snaps012.asset
  artifactKey: Guid(fde5fafe9b7922e47816a2d928ff28cb) Importer(2089858483,d624ce77472d68a35037170ec1d2d27e)
Start importing Assets/AddOns/Mg3D_Animated_Sci-fi/Meshes/Pod_Cocoon_snaps012.asset using Guid(fde5fafe9b7922e47816a2d928ff28cb) Importer(2089858483,d624ce77472d68a35037170ec1d2d27e) (ScriptedImporter) -> (artifact id: '5924e7bb262ebcdc9b9ccdca8a982104') in 0.0136054 seconds
Number of updated asset objects reloaded before import = 0Number of asset objects unloaded after import = 1

========================================================================
Received Import Request.
  Time since last request: 0.000017 seconds.
  path: Assets/AddOns/MgFPS_Boomshot/Boomshot_SFX/BoomShot_Shot.wav
  artifactKey: Guid(28b850be90ce3274ebd99aeccbbd1db8) Importer(2089858483,d624ce77472d68a35037170ec1d2d27e)
Start importing Assets/AddOns/MgFPS_Boomshot/Boomshot_SFX/BoomShot_Shot.wav using Guid(28b850be90ce3274ebd99aeccbbd1db8) Importer(2089858483,d624ce77472d68a35037170ec1d2d27e) (ScriptedImporter) -> (artifact id: 'd91c5bf03f4bed8baab74c47712dc6c7') in 0.0339518 seconds
Number of updated asset objects reloaded before import = 0Number of asset objects unloaded after import = 1

========================================================================
Received Import Request.
  Time since last request: 0.000020 seconds.
  path: Assets/AddOns/MgFPS_Boomshot/BoomShot_VFX/BoomShot_MuzzleFlash.prefab
  artifactKey: Guid(4e1fb25069622af40a8bea8f663fac10) Importer(2089858483,d624ce77472d68a35037170ec1d2d27e)
Start importing Assets/AddOns/MgFPS_Boomshot/BoomShot_VFX/BoomShot_MuzzleFlash.prefab using Guid(4e1fb25069622af40a8bea8f663fac10) Importer(2089858483,d624ce77472d68a35037170ec1d2d27e) (ScriptedImporter) -> (artifact id: 'afeaa399d3f71fb57adf5d99bba7ddba') in 0.0633539 seconds
Number of updated asset objects reloaded before import = 0Number of asset objects unloaded after import = 10

========================================================================
Received Import Request.
  Time since last request: 0.000020 seconds.
  path: Assets/AddOns/MgFPS_Boomshot/BoomShot_VFX/BoomShot_Projectile_Spark.prefab
  artifactKey: Guid(adc33dcfc3582814b939058ecf88c91e) Importer(2089858483,d624ce77472d68a35037170ec1d2d27e)
Start importing Assets/AddOns/MgFPS_Boomshot/BoomShot_VFX/BoomShot_Projectile_Spark.prefab using Guid(adc33dcfc3582814b939058ecf88c91e) Importer(2089858483,d624ce77472d68a35037170ec1d2d27e) (ScriptedImporter) -> (artifact id: 'bbcac51f33ac543ec7bc6ed44183b508') in 0.0262363 seconds
Number of updated asset objects reloaded before import = 0Number of asset objects unloaded after import = 6

========================================================================
Received Import Request.
  Time since last request: 0.000032 seconds.
  path: Assets/AddOns/Mg3D_Animated_Sci-fi/Prefabs/Generator_A_Set_Animated.prefab
  artifactKey: Guid(c9e540b9b644e584692a1e7967cd53e9) Importer(2089858483,d624ce77472d68a35037170ec1d2d27e)
Start importing Assets/AddOns/Mg3D_Animated_Sci-fi/Prefabs/Generator_A_Set_Animated.prefab using Guid(c9e540b9b644e584692a1e7967cd53e9) Importer(2089858483,d624ce77472d68a35037170ec1d2d27e) (ScriptedImporter) -> (artifact id: 'cdd33d4bf3c0864c378de90ebf5196a1') in 0.0238381 seconds
Number of updated asset objects reloaded before import = 0Number of asset objects unloaded after import = 35

========================================================================
Received Import Request.
  Time since last request: 0.000019 seconds.
  path: Assets/AddOns/MgFPS_BossRemixSFX/Detection/BossRmx_SearchLight01.ogg
  artifactKey: Guid(29a4b85ac6e445f48a2b299a14523011) Importer(2089858483,d624ce77472d68a35037170ec1d2d27e)
Start importing Assets/AddOns/MgFPS_BossRemixSFX/Detection/BossRmx_SearchLight01.ogg using Guid(29a4b85ac6e445f48a2b299a14523011) Importer(2089858483,d624ce77472d68a35037170ec1d2d27e) (ScriptedImporter) -> (artifact id: '219d0abbb07d73003e0b6f07da467f44') in 0.0249415 seconds
Number of updated asset objects reloaded before import = 0Number of asset objects unloaded after import = 1

========================================================================
Received Import Request.
  Time since last request: 0.000019 seconds.
  path: Assets/AddOns/MgFPS_Aurous/Aurous_SFX/Aurous_Fire.wav
  artifactKey: Guid(cec069c11ef0d874fa70e5eee730b0fd) Importer(2089858483,d624ce77472d68a35037170ec1d2d27e)
Start importing Assets/AddOns/MgFPS_Aurous/Aurous_SFX/Aurous_Fire.wav using Guid(cec069c11ef0d874fa70e5eee730b0fd) Importer(2089858483,d624ce77472d68a35037170ec1d2d27e) (ScriptedImporter) -> (artifact id: 'f27681a72e5bc1f4fb2271df39a3b2bc') in 0.0360437 seconds
Number of updated asset objects reloaded before import = 0Number of asset objects unloaded after import = 1

========================================================================
Received Import Request.
  Time since last request: 0.000019 seconds.
  path: Assets/AddOns/Mg3D_Animated_Sci-fi/Prefabs/SA_MechanicalArm_Assembled_Animated.prefab
  artifactKey: Guid(5549f14ccca267145bc072bb0c8837bb) Importer(2089858483,d624ce77472d68a35037170ec1d2d27e)
Start importing Assets/AddOns/Mg3D_Animated_Sci-fi/Prefabs/SA_MechanicalArm_Assembled_Animated.prefab using Guid(5549f14ccca267145bc072bb0c8837bb) Importer(2089858483,d624ce77472d68a35037170ec1d2d27e) (ScriptedImporter) -> (artifact id: '26265f6c24c86234385ba1aad00222e7') in 0.024603 seconds
Number of updated asset objects reloaded before import = 0Number of asset objects unloaded after import = 75

========================================================================
Received Import Request.
  Time since last request: 0.000030 seconds.
  path: Assets/AddOns/MgFPS_Enemy_Boss/Models/Detection_Module_Searchlight_R.fbx
  artifactKey: Guid(96318f2b6764c044f8a3a39e4d06d904) Importer(2089858483,d624ce77472d68a35037170ec1d2d27e)
Start importing Assets/AddOns/MgFPS_Enemy_Boss/Models/Detection_Module_Searchlight_R.fbx using Guid(96318f2b6764c044f8a3a39e4d06d904) Importer(2089858483,d624ce77472d68a35037170ec1d2d27e) (ScriptedImporter) -> (artifact id: '65f080e240ad8d4b42f1bebf2b80bf84') in 0.0219585 seconds
Number of updated asset objects reloaded before import = 0Number of asset objects unloaded after import = 26

========================================================================
Received Import Request.
  Time since last request: 0.000019 seconds.
  path: Assets/AddOns/MgFPS_Enemy_Boss/Materials/VFX_RocketLauncher_Projectile_Trail.mat
  artifactKey: Guid(cd1de7aade353824c8c3f4bc10b56dd2) Importer(2089858483,d624ce77472d68a35037170ec1d2d27e)
Start importing Assets/AddOns/MgFPS_Enemy_Boss/Materials/VFX_RocketLauncher_Projectile_Trail.mat using Guid(cd1de7aade353824c8c3f4bc10b56dd2) Importer(2089858483,d624ce77472d68a35037170ec1d2d27e) (ScriptedImporter) -> (artifact id: '5bc319d6c58b445d96682090f81bfbff') in 0.0164147 seconds
Number of updated asset objects reloaded before import = 0Number of asset objects unloaded after import = 2

========================================================================
Received Import Request.
  Time since last request: 0.000018 seconds.
  path: Assets/AddOns/MgFPS_Enemy_Boss/Prefabs/Detection_Module_Laser01_R.prefab
  artifactKey: Guid(59cb4c71c07e29a47afb7444c16e051b) Importer(2089858483,d624ce77472d68a35037170ec1d2d27e)
Start importing Assets/AddOns/MgFPS_Enemy_Boss/Prefabs/Detection_Module_Laser01_R.prefab using Guid(59cb4c71c07e29a47afb7444c16e051b) Importer(2089858483,d624ce77472d68a35037170ec1d2d27e) (ScriptedImporter) -> (artifact id: '876dff0cc9bd657cee70dfe77587802e') in 0.0151664 seconds
Number of updated asset objects reloaded before import = 0Number of asset objects unloaded after import = 22

========================================================================
Received Import Request.
  Time since last request: 0.000018 seconds.
  path: Assets/AddOns/MgFPS_Enemy_Boss/Materials/Weapon_Module_RocketLauncher.mat
  artifactKey: Guid(69b13df53c3c65b4488f8bc2f66872f7) Importer(2089858483,d624ce77472d68a35037170ec1d2d27e)
Start importing Assets/AddOns/MgFPS_Enemy_Boss/Materials/Weapon_Module_RocketLauncher.mat using Guid(69b13df53c3c65b4488f8bc2f66872f7) Importer(2089858483,d624ce77472d68a35037170ec1d2d27e) (ScriptedImporter) -> (artifact id: 'f877452fca335f233c3908a418f5d8f3') in 0.0182567 seconds
Number of updated asset objects reloaded before import = 0Number of asset objects unloaded after import = 2

========================================================================
Received Import Request.
  Time since last request: 0.000030 seconds.
  path: Assets/AddOns/MgFPS_Enemy_Boss/Models/Detection_Module_SpinningRadar_L.fbx
  artifactKey: Guid(be9027d672b13564fa92e9384d1764b7) Importer(2089858483,d624ce77472d68a35037170ec1d2d27e)
Start importing Assets/AddOns/MgFPS_Enemy_Boss/Models/Detection_Module_SpinningRadar_L.fbx using Guid(be9027d672b13564fa92e9384d1764b7) Importer(2089858483,d624ce77472d68a35037170ec1d2d27e) (ScriptedImporter) -> (artifact id: '368b5e92923ad380eb2bc4743e2bab91') in 0.0170105 seconds
Number of updated asset objects reloaded before import = 0Number of asset objects unloaded after import = 20

========================================================================
Received Import Request.
  Time since last request: 0.000020 seconds.
  path: Assets/AddOns/MgFPS_Enemy_Boss/Materials/VFX_RocketLauncher_Explosion.mat
  artifactKey: Guid(7134430b5fe2bc5419be490e0523dcd8) Importer(2089858483,d624ce77472d68a35037170ec1d2d27e)
Start importing Assets/AddOns/MgFPS_Enemy_Boss/Materials/VFX_RocketLauncher_Explosion.mat using Guid(7134430b5fe2bc5419be490e0523dcd8) Importer(2089858483,d624ce77472d68a35037170ec1d2d27e) (ScriptedImporter) -> (artifact id: '58f3167d605b68a1fa4b01852ce4f461') in 0.0151065 seconds
Number of updated asset objects reloaded before import = 0Number of asset objects unloaded after import = 3

========================================================================
Received Import Request.
  Time since last request: 0.000021 seconds.
  path: Assets/AddOns/MgFPS_Enemy_Boss/Prefabs/Detection_Module_SpinningRadar_R.prefab
  artifactKey: Guid(1dcd0e6661c0f1340a99f10dbff50ba4) Importer(2089858483,d624ce77472d68a35037170ec1d2d27e)
Start importing Assets/AddOns/MgFPS_Enemy_Boss/Prefabs/Detection_Module_SpinningRadar_R.prefab using Guid(1dcd0e6661c0f1340a99f10dbff50ba4) Importer(2089858483,d624ce77472d68a35037170ec1d2d27e) (ScriptedImporter) -> (artifact id: '00e2b7bc9c7d0e799e2b2780d71cc958') in 0.0140577 seconds
Number of updated asset objects reloaded before import = 0Number of asset objects unloaded after import = 22

========================================================================
Received Import Request.
  Time since last request: 0.000020 seconds.
  path: Assets/AddOns/MgFPS_Enemy_Boss/Prefabs/Detection_Module_Laser03_R.prefab
  artifactKey: Guid(563c6fce7cd189c4dad61579f9413631) Importer(2089858483,d624ce77472d68a35037170ec1d2d27e)
Start importing Assets/AddOns/MgFPS_Enemy_Boss/Prefabs/Detection_Module_Laser03_R.prefab using Guid(563c6fce7cd189c4dad61579f9413631) Importer(2089858483,d624ce77472d68a35037170ec1d2d27e) (ScriptedImporter) -> (artifact id: '648cd875e84da4734a803fdd109250d8') in 0.0140238 seconds
Number of updated asset objects reloaded before import = 0Number of asset objects unloaded after import = 28

========================================================================
Received Import Request.
  Time since last request: 0.000030 seconds.
  path: Assets/AddOns/MgFPS_Enemy_Boss/Prefabs/Projectile_Railgun.prefab
  artifactKey: Guid(715a6c3c0d67f0a41bf149ad1665172a) Importer(2089858483,d624ce77472d68a35037170ec1d2d27e)
Start importing Assets/AddOns/MgFPS_Enemy_Boss/Prefabs/Projectile_Railgun.prefab using Guid(715a6c3c0d67f0a41bf149ad1665172a) Importer(2089858483,d624ce77472d68a35037170ec1d2d27e) (ScriptedImporter) -> (artifact id: '94b135d8c800859f7c55a1decdf9e961') in 0.0216711 seconds
Number of updated asset objects reloaded before import = 0Number of asset objects unloaded after import = 20

========================================================================
Received Import Request.
  Time since last request: 0.000016 seconds.
  path: Assets/AddOns/MgFPS_Enemy_Boss/Prefabs/Weapon_Module_EyeLazers.prefab
  artifactKey: Guid(28b1e9e049128d24a907a85571c64ee3) Importer(2089858483,d624ce77472d68a35037170ec1d2d27e)
Start importing Assets/AddOns/MgFPS_Enemy_Boss/Prefabs/Weapon_Module_EyeLazers.prefab using Guid(28b1e9e049128d24a907a85571c64ee3) Importer(2089858483,d624ce77472d68a35037170ec1d2d27e) (ScriptedImporter) -> (artifact id: '08048debc410242b09a95694d0d7bbf5') in 0.0256955 seconds
Number of updated asset objects reloaded before import = 0Number of asset objects unloaded after import = 27

========================================================================
Received Import Request.
  Time since last request: 0.000016 seconds.
  path: Assets/AddOns/MgFPS_Enemy_Boss/Models/Navigation_Module_SingleJet.fbx
  artifactKey: Guid(2d9736c10cde0a142b294d585001eccc) Importer(2089858483,d624ce77472d68a35037170ec1d2d27e)
Start importing Assets/AddOns/MgFPS_Enemy_Boss/Models/Navigation_Module_SingleJet.fbx using Guid(2d9736c10cde0a142b294d585001eccc) Importer(2089858483,d624ce77472d68a35037170ec1d2d27e) (ScriptedImporter) -> (artifact id: '91c01bce476c0354459cd3ec96f2780a') in 0.0220353 seconds
Number of updated asset objects reloaded before import = 0Number of asset objects unloaded after import = 20

========================================================================
Received Import Request.
  Time since last request: 0.000023 seconds.
  path: Assets/AddOns/MgFPS_Enemy_Boss/Prefabs/Weapon_Module_Railgun_L.prefab
  artifactKey: Guid(e62dfb6c7d1aec34ba1791668bace6b7) Importer(2089858483,d624ce77472d68a35037170ec1d2d27e)
Start importing Assets/AddOns/MgFPS_Enemy_Boss/Prefabs/Weapon_Module_Railgun_L.prefab using Guid(e62dfb6c7d1aec34ba1791668bace6b7) Importer(2089858483,d624ce77472d68a35037170ec1d2d27e) (ScriptedImporter) -> (artifact id: 'fdd3b6ac26b1c34f5d6a06ecf36e8197') in 0.0337885 seconds
Number of updated asset objects reloaded before import = 0Number of asset objects unloaded after import = 87

========================================================================
Received Import Request.
  Time since last request: 0.000029 seconds.
  path: Assets/AddOns/MgFPS_Enemy_Boss/Prefabs/VFX_RocketLauncher_Explosion.prefab
  artifactKey: Guid(d04a4d2c984a2c341b05b144eea2912c) Importer(2089858483,d624ce77472d68a35037170ec1d2d27e)
Start importing Assets/AddOns/MgFPS_Enemy_Boss/Prefabs/VFX_RocketLauncher_Explosion.prefab using Guid(d04a4d2c984a2c341b05b144eea2912c) Importer(2089858483,d624ce77472d68a35037170ec1d2d27e) (ScriptedImporter) -> (artifact id: 'e04d5bdb509cf72e1e05bc4b754ec1d8') in 0.0316832 seconds
Number of updated asset objects reloaded before import = 0Number of asset objects unloaded after import = 26

========================================================================
Received Import Request.
  Time since last request: 0.000018 seconds.
  path: Assets/AddOns/MgFPS_Enemy_Boss/Textures/Detection_Module_TV_Hurt_Albedo02.png
  artifactKey: Guid(691b5cbfe0e6e024a91726f73114c63c) Importer(2089858483,d624ce77472d68a35037170ec1d2d27e)
Start importing Assets/AddOns/MgFPS_Enemy_Boss/Textures/Detection_Module_TV_Hurt_Albedo02.png using Guid(691b5cbfe0e6e024a91726f73114c63c) Importer(2089858483,d624ce77472d68a35037170ec1d2d27e) (ScriptedImporter) -> (artifact id: 'ed8b732e97da82a495df0e24c4e14fa7') in 0.0155421 seconds
Number of updated asset objects reloaded before import = 0Number of asset objects unloaded after import = 1

========================================================================
Received Import Request.
  Time since last request: 0.000017 seconds.
  path: Assets/AddOns/MgFPS_Enemy_Boss_Skins/Materials/Detection_Module_TV_Royal.mat
  artifactKey: Guid(050fb5b95c171864b90546265adb0d92) Importer(2089858483,d624ce77472d68a35037170ec1d2d27e)
Start importing Assets/AddOns/MgFPS_Enemy_Boss_Skins/Materials/Detection_Module_TV_Royal.mat using Guid(050fb5b95c171864b90546265adb0d92) Importer(2089858483,d624ce77472d68a35037170ec1d2d27e) (ScriptedImporter) -> (artifact id: '2c61527b9892446b29e57b8393d31c3e') in 0.0260348 seconds
Number of updated asset objects reloaded before import = 0Number of asset objects unloaded after import = 4

========================================================================
Received Import Request.
  Time since last request: 0.000021 seconds.
  path: Assets/AddOns/MgFPS_Enemy_Boss_Skins/Materials/Navigation_Module_TwinBladeJets_Royal.mat
  artifactKey: Guid(bd572209b074fc64087f8fcd9e0d0ab1) Importer(2089858483,d624ce77472d68a35037170ec1d2d27e)
Start importing Assets/AddOns/MgFPS_Enemy_Boss_Skins/Materials/Navigation_Module_TwinBladeJets_Royal.mat using Guid(bd572209b074fc64087f8fcd9e0d0ab1) Importer(2089858483,d624ce77472d68a35037170ec1d2d27e) (ScriptedImporter) -> (artifact id: '298b18c06c490b4d6fa9090019d27484') in 0.0183579 seconds
Number of updated asset objects reloaded before import = 0Number of asset objects unloaded after import = 4

========================================================================
Received Import Request.
  Time since last request: 0.000033 seconds.
  path: Assets/AddOns/MgFPS_Enemy_Boss_Skins/Materials/Detection_Module_Searchlight_Royal.mat
  artifactKey: Guid(449a4ceed37ab0a4793eeb4b3a006771) Importer(2089858483,d624ce77472d68a35037170ec1d2d27e)
Start importing Assets/AddOns/MgFPS_Enemy_Boss_Skins/Materials/Detection_Module_Searchlight_Royal.mat using Guid(449a4ceed37ab0a4793eeb4b3a006771) Importer(2089858483,d624ce77472d68a35037170ec1d2d27e) (ScriptedImporter) -> (artifact id: 'c94dd2dd87bcbf30f046a014a7e67878') in 0.0183142 seconds
Number of updated asset objects reloaded before import = 0Number of asset objects unloaded after import = 4

========================================================================
Received Import Request.
  Time since last request: 0.000017 seconds.
  path: Assets/AddOns/MgFPS_Enemy_Boss_Skins/Textures/Detection_Module_Laser03_Royal_MetallicSmoothness.png
  artifactKey: Guid(f56f1a5ed445f4f4f802d7af748f70ca) Importer(2089858483,d624ce77472d68a35037170ec1d2d27e)
Start importing Assets/AddOns/MgFPS_Enemy_Boss_Skins/Textures/Detection_Module_Laser03_Royal_MetallicSmoothness.png using Guid(f56f1a5ed445f4f4f802d7af748f70ca) Importer(2089858483,d624ce77472d68a35037170ec1d2d27e) (ScriptedImporter) -> (artifact id: '88d40fd9e6eb48889e6b3ff410ebdb54') in 0.0166723 seconds
Number of updated asset objects reloaded before import = 0Number of asset objects unloaded after import = 1

========================================================================
Received Import Request.
  Time since last request: 0.000017 seconds.
  path: Assets/AddOns/MgFPS_Enemy_Boss_Skins/Materials/Detection_Module_TV_Screen_Royal.mat
  artifactKey: Guid(d1412691d4324eb478240fb49dee0a28) Importer(2089858483,d624ce77472d68a35037170ec1d2d27e)
Start importing Assets/AddOns/MgFPS_Enemy_Boss_Skins/Materials/Detection_Module_TV_Screen_Royal.mat using Guid(d1412691d4324eb478240fb49dee0a28) Importer(2089858483,d624ce77472d68a35037170ec1d2d27e) (ScriptedImporter) -> (artifact id: '6d72a9f076e5ddbb8f2bdea8eafc4462') in 0.0141118 seconds
Number of updated asset objects reloaded before import = 0Number of asset objects unloaded after import = 2

========================================================================
Received Import Request.
  Time since last request: 0.000020 seconds.
  path: Assets/AddOns/MgFPS_Enemy_Boss/Textures/Detection_Module_SpinningRadar_AlbedoTransparency.png
  artifactKey: Guid(d8ecbc7d6520d074fbbfadfd24667d66) Importer(2089858483,d624ce77472d68a35037170ec1d2d27e)
Start importing Assets/AddOns/MgFPS_Enemy_Boss/Textures/Detection_Module_SpinningRadar_AlbedoTransparency.png using Guid(d8ecbc7d6520d074fbbfadfd24667d66) Importer(2089858483,d624ce77472d68a35037170ec1d2d27e) (ScriptedImporter) -> (artifact id: '8654e51c04878bf38042cf1be150766a') in 0.0159224 seconds
Number of updated asset objects reloaded before import = 0Number of asset objects unloaded after import = 1

========================================================================
Received Import Request.
  Time since last request: 0.000023 seconds.
  path: Assets/AddOns/MgFPS_Enemy_Boss_Skins/Materials/Enemy_Boss_Body_Royal.mat
  artifactKey: Guid(841f120ea2f762f409f1ae3fe15a6bdd) Importer(2089858483,d624ce77472d68a35037170ec1d2d27e)
Start importing Assets/AddOns/MgFPS_Enemy_Boss_Skins/Materials/Enemy_Boss_Body_Royal.mat using Guid(841f120ea2f762f409f1ae3fe15a6bdd) Importer(2089858483,d624ce77472d68a35037170ec1d2d27e) (ScriptedImporter) -> (artifact id: 'fab7bbc9025e36ecb92168a9c89d070b') in 0.0237433 seconds
Number of updated asset objects reloaded before import = 0Number of asset objects unloaded after import = 5

========================================================================
Received Import Request.
  Time since last request: 0.000019 seconds.
  path: Assets/AddOns/MgFPS_Enemy_Boss/Textures/Detection_Module_TV_Attack_Albedo02.png
  artifactKey: Guid(16c64b11381baf745ae3aa17989cbaa0) Importer(2089858483,d624ce77472d68a35037170ec1d2d27e)
Start importing Assets/AddOns/MgFPS_Enemy_Boss/Textures/Detection_Module_TV_Attack_Albedo02.png using Guid(16c64b11381baf745ae3aa17989cbaa0) Importer(2089858483,d624ce77472d68a35037170ec1d2d27e) (ScriptedImporter) -> (artifact id: '2d0507e98087865431c699226e766ee5') in 0.0155516 seconds
Number of updated asset objects reloaded before import = 0Number of asset objects unloaded after import = 1

========================================================================
Received Import Request.
  Time since last request: 0.000018 seconds.
  path: Assets/AddOns/MgFPS_Enemy_Boss/Textures/Weapon_Module_RocketLauncher_AlbedoTransparency.png
  artifactKey: Guid(f4adedec27bd6db48bf3eb60007c7999) Importer(2089858483,d624ce77472d68a35037170ec1d2d27e)
Start importing Assets/AddOns/MgFPS_Enemy_Boss/Textures/Weapon_Module_RocketLauncher_AlbedoTransparency.png using Guid(f4adedec27bd6db48bf3eb60007c7999) Importer(2089858483,d624ce77472d68a35037170ec1d2d27e) (ScriptedImporter) -> (artifact id: 'bf00be8a4e68a5e3ced9fa05718994bb') in 0.0147653 seconds
Number of updated asset objects reloaded before import = 0Number of asset objects unloaded after import = 1

========================================================================
Received Import Request.
  Time since last request: 0.000018 seconds.
  path: Assets/AddOns/MgFPS_Enemy_Boss_Skins/Materials/Detection_Module_Laser03_Royal.mat
  artifactKey: Guid(b4641d80fc36b024ca377a7ac19a5808) Importer(2089858483,d624ce77472d68a35037170ec1d2d27e)
Start importing Assets/AddOns/MgFPS_Enemy_Boss_Skins/Materials/Detection_Module_Laser03_Royal.mat using Guid(b4641d80fc36b024ca377a7ac19a5808) Importer(2089858483,d624ce77472d68a35037170ec1d2d27e) (ScriptedImporter) -> (artifact id: '1d4918bd2a461f38cd6aa3432892971f') in 0.0185285 seconds
Number of updated asset objects reloaded before import = 0Number of asset objects unloaded after import = 4

========================================================================
Received Import Request.
  Time since last request: 0.000030 seconds.
  path: Assets/AddOns/MgFPS_Enemy_Boss_Skins/Textures/Detection_Module_Searchlight_Royal_AlbedoTransparency.png
  artifactKey: Guid(c3e81c8635f8a4c4b9f7ed940df7a51a) Importer(2089858483,d624ce77472d68a35037170ec1d2d27e)
Start importing Assets/AddOns/MgFPS_Enemy_Boss_Skins/Textures/Detection_Module_Searchlight_Royal_AlbedoTransparency.png using Guid(c3e81c8635f8a4c4b9f7ed940df7a51a) Importer(2089858483,d624ce77472d68a35037170ec1d2d27e) (ScriptedImporter) -> (artifact id: '4fdb35257714c54929299fd01c75ba09') in 0.0159917 seconds
Number of updated asset objects reloaded before import = 0Number of asset objects unloaded after import = 1

========================================================================
Received Import Request.
  Time since last request: 0.000015 seconds.
  path: Assets/AddOns/MgFPS_Enemy_Boss/Prefabs/RocketLauncher_Slot.prefab
  artifactKey: Guid(9e894ed99118bf049a98f7867462a511) Importer(2089858483,d624ce77472d68a35037170ec1d2d27e)
Start importing Assets/AddOns/MgFPS_Enemy_Boss/Prefabs/RocketLauncher_Slot.prefab using Guid(9e894ed99118bf049a98f7867462a511) Importer(2089858483,d624ce77472d68a35037170ec1d2d27e) (ScriptedImporter) -> (artifact id: '0e94caff1176b2a038ad39d864223dfb') in 0.0914561 seconds
Number of updated asset objects reloaded before import = 0Number of asset objects unloaded after import = 8

========================================================================
Received Import Request.
  Time since last request: 0.000018 seconds.
  path: Assets/AddOns/MgFPS_Enemy_Boss_Skins/Textures/Weapon_Module_Railgun_Royal_AlbedoTransparency.png
  artifactKey: Guid(e18cdc4ef26317540b828c7aa5af6fb5) Importer(2089858483,d624ce77472d68a35037170ec1d2d27e)
Start importing Assets/AddOns/MgFPS_Enemy_Boss_Skins/Textures/Weapon_Module_Railgun_Royal_AlbedoTransparency.png using Guid(e18cdc4ef26317540b828c7aa5af6fb5) Importer(2089858483,d624ce77472d68a35037170ec1d2d27e) (ScriptedImporter) -> (artifact id: 'b569f6aa6bc170453e19d6b119f89248') in 0.0152913 seconds
Number of updated asset objects reloaded before import = 0Number of asset objects unloaded after import = 1

========================================================================
Received Import Request.
  Time since last request: 0.000031 seconds.
  path: Assets/AddOns/MgFPS_PlasmaRain/PlasmaRainMeshAndTextures/Projectile_PlasmaRain.fbx
  artifactKey: Guid(8f479d4ab4c4a1d48b20d2228f5d6584) Importer(2089858483,d624ce77472d68a35037170ec1d2d27e)
Start importing Assets/AddOns/MgFPS_PlasmaRain/PlasmaRainMeshAndTextures/Projectile_PlasmaRain.fbx using Guid(8f479d4ab4c4a1d48b20d2228f5d6584) Importer(2089858483,d624ce77472d68a35037170ec1d2d27e) (ScriptedImporter) -> (artifact id: '7dcf16b69ce8cc7b04ebb60fc3f32488') in 0.0183635 seconds
Number of updated asset objects reloaded before import = 0Number of asset objects unloaded after import = 8

========================================================================
Received Import Request.
  Time since last request: 0.000019 seconds.
  path: Assets/AddOns/MgFPS_Enemy_Boss_Skins/Textures/RocektLauncher_Projectile_Royal_Normal.png
  artifactKey: Guid(7adff210efc3d014f946c93964deb022) Importer(2089858483,d624ce77472d68a35037170ec1d2d27e)
Start importing Assets/AddOns/MgFPS_Enemy_Boss_Skins/Textures/RocektLauncher_Projectile_Royal_Normal.png using Guid(7adff210efc3d014f946c93964deb022) Importer(2089858483,d624ce77472d68a35037170ec1d2d27e) (ScriptedImporter) -> (artifact id: 'b89b38af3eb80d9ac6ea7f94b7784e94') in 0.0187587 seconds
Number of updated asset objects reloaded before import = 0Number of asset objects unloaded after import = 1

========================================================================
Received Import Request.
  Time since last request: 0.000019 seconds.
  path: Assets/AddOns/MgFPS_Fireballer/Fireballer_SFX/Fireballer_Searing_ChargeUp.wav
  artifactKey: Guid(e876baf368760e6479c622254c37039c) Importer(2089858483,d624ce77472d68a35037170ec1d2d27e)
Start importing Assets/AddOns/MgFPS_Fireballer/Fireballer_SFX/Fireballer_Searing_ChargeUp.wav using Guid(e876baf368760e6479c622254c37039c) Importer(2089858483,d624ce77472d68a35037170ec1d2d27e) (ScriptedImporter) -> (artifact id: 'ec22ded8869aaf6415302366de67d828') in 0.0231255 seconds
Number of updated asset objects reloaded before import = 0Number of asset objects unloaded after import = 1

========================================================================
Received Import Request.
  Time since last request: 0.000017 seconds.
  path: Assets/AddOns/MgFPS_Enemy_Boss_Skins/Textures/Weapon_Module_Railgun_Royal_Emission.png
  artifactKey: Guid(7f677e17db84bff49908b4ab72d66fa3) Importer(2089858483,d624ce77472d68a35037170ec1d2d27e)
Start importing Assets/AddOns/MgFPS_Enemy_Boss_Skins/Textures/Weapon_Module_Railgun_Royal_Emission.png using Guid(7f677e17db84bff49908b4ab72d66fa3) Importer(2089858483,d624ce77472d68a35037170ec1d2d27e) (ScriptedImporter) -> (artifact id: 'ce3c897aba66805c18fcf6e966810a3e') in 0.0157461 seconds
Number of updated asset objects reloaded before import = 0Number of asset objects unloaded after import = 1

========================================================================
Received Import Request.
  Time since last request: 0.000019 seconds.
  path: Assets/AddOns/MgFPS_Enemy_Boss_Skins/Textures/RocektLauncher_Projectile_Royal_Emission.png
  artifactKey: Guid(3b28c7d3a2e37534098e7d8e93870f2d) Importer(2089858483,d624ce77472d68a35037170ec1d2d27e)
Start importing Assets/AddOns/MgFPS_Enemy_Boss_Skins/Textures/RocektLauncher_Projectile_Royal_Emission.png using Guid(3b28c7d3a2e37534098e7d8e93870f2d) Importer(2089858483,d624ce77472d68a35037170ec1d2d27e) (ScriptedImporter) -> (artifact id: '41af47f71c14e3b069b29428b91e4252') in 0.0183371 seconds
Number of updated asset objects reloaded before import = 0Number of asset objects unloaded after import = 1

========================================================================
Received Import Request.
  Time since last request: 0.000016 seconds.
  path: Assets/AddOns/MgFPS_Molt/Molt_SFX/Molt_PowerUp.wav
  artifactKey: Guid(1fae3d9ee463f7b4693a885b89f8fa1d) Importer(2089858483,d624ce77472d68a35037170ec1d2d27e)
Start importing Assets/AddOns/MgFPS_Molt/Molt_SFX/Molt_PowerUp.wav using Guid(1fae3d9ee463f7b4693a885b89f8fa1d) Importer(2089858483,d624ce77472d68a35037170ec1d2d27e) (ScriptedImporter) -> (artifact id: '4d8660eb720908047089fcbcf0a613d6') in 0.0339985 seconds
Number of updated asset objects reloaded before import = 0Number of asset objects unloaded after import = 1

========================================================================
Received Import Request.
  Time since last request: 0.000022 seconds.
  path: Assets/AddOns/MgFPS_PlasmaRain/PlasmaRain_SFX/PlasmaRain_Projectile_Flight.wav
  artifactKey: Guid(f77c51103e047e348b9d193a3bdf2988) Importer(2089858483,d624ce77472d68a35037170ec1d2d27e)
Start importing Assets/AddOns/MgFPS_PlasmaRain/PlasmaRain_SFX/PlasmaRain_Projectile_Flight.wav using Guid(f77c51103e047e348b9d193a3bdf2988) Importer(2089858483,d624ce77472d68a35037170ec1d2d27e) (ScriptedImporter) -> (artifact id: '6dd95c29b4d93a51b9e3b823d3c8e7fa') in 0.0248464 seconds
Number of updated asset objects reloaded before import = 0Number of asset objects unloaded after import = 1

========================================================================
Received Import Request.
  Time since last request: 0.000031 seconds.
  path: Assets/AddOns/MgFPS_Fireballer/FireballerMeshesAndTextures/T_Fireballer_AlbedoTransparency.png
  artifactKey: Guid(d52ed31b6df65034894f27a1409a276e) Importer(2089858483,d624ce77472d68a35037170ec1d2d27e)
Start importing Assets/AddOns/MgFPS_Fireballer/FireballerMeshesAndTextures/T_Fireballer_AlbedoTransparency.png using Guid(d52ed31b6df65034894f27a1409a276e) Importer(2089858483,d624ce77472d68a35037170ec1d2d27e) (ScriptedImporter) -> (artifact id: '71fa5289bb6b666136c9eed27c60cb13') in 0.015401 seconds
Number of updated asset objects reloaded before import = 0Number of asset objects unloaded after import = 1

========================================================================
Received Import Request.
  Time since last request: 0.000014 seconds.
  path: Assets/AddOns/MgFPS_Fireballer/FireballerMeshesAndTextures/Crosshair_Fireballer.png
  artifactKey: Guid(c0c4e61f9c433584da9895d532210a7d) Importer(2089858483,d624ce77472d68a35037170ec1d2d27e)
Start importing Assets/AddOns/MgFPS_Fireballer/FireballerMeshesAndTextures/Crosshair_Fireballer.png using Guid(c0c4e61f9c433584da9895d532210a7d) Importer(2089858483,d624ce77472d68a35037170ec1d2d27e) (ScriptedImporter) -> (artifact id: '3c3b348f2ec4b0e00fa52e2e94b134a4') in 0.017662 seconds
Number of updated asset objects reloaded before import = 0Number of asset objects unloaded after import = 3

========================================================================
Received Import Request.
  Time since last request: 0.000022 seconds.
  path: Assets/AddOns/MgFPS_PlasmaRain/PlasmaRain_VFX/VFX_Projectile_PlasmaRain.prefab
  artifactKey: Guid(90a63e40f584a7b43a7c546bb854ba11) Importer(2089858483,d624ce77472d68a35037170ec1d2d27e)
Start importing Assets/AddOns/MgFPS_PlasmaRain/PlasmaRain_VFX/VFX_Projectile_PlasmaRain.prefab using Guid(90a63e40f584a7b43a7c546bb854ba11) Importer(2089858483,d624ce77472d68a35037170ec1d2d27e) (ScriptedImporter) -> (artifact id: '691f618f8cc112d818c3deb16d227585') in 0.015742 seconds
Number of updated asset objects reloaded before import = 0Number of asset objects unloaded after import = 32

========================================================================
Received Import Request.
  Time since last request: 0.000021 seconds.
  path: Assets/AddOns/MgFPS_Thunderlight/Thunderlight_VFX/Thunderlight_MagicImpact.prefab
  artifactKey: Guid(0f1690416d044d6408010ef0ece1ddbc) Importer(2089858483,d624ce77472d68a35037170ec1d2d27e)
Start importing Assets/AddOns/MgFPS_Thunderlight/Thunderlight_VFX/Thunderlight_MagicImpact.prefab using Guid(0f1690416d044d6408010ef0ece1ddbc) Importer(2089858483,d624ce77472d68a35037170ec1d2d27e) (ScriptedImporter) -> (artifact id: '5640b9e082223f337f698855db949531') in 0.0139477 seconds
Number of updated asset objects reloaded before import = 0Number of asset objects unloaded after import = 24

========================================================================
Received Import Request.
  Time since last request: 0.000028 seconds.
  path: Assets/AddOns/MgFPS_RemixSFX/Weapons/FPSRmx_Weapon_Cooling.wav
  artifactKey: Guid(31a29e665562d4e4abea6cdb33fbde52) Importer(2089858483,d624ce77472d68a35037170ec1d2d27e)
Start importing Assets/AddOns/MgFPS_RemixSFX/Weapons/FPSRmx_Weapon_Cooling.wav using Guid(31a29e665562d4e4abea6cdb33fbde52) Importer(2089858483,d624ce77472d68a35037170ec1d2d27e) (ScriptedImporter) -> (artifact id: '1aaedb2472ef809b5d11332327499301') in 0.0204502 seconds
Number of updated asset objects reloaded before import = 0Number of asset objects unloaded after import = 1

========================================================================
Received Import Request.
  Time since last request: 0.000018 seconds.
  path: Assets/AddOns/MgFPS_SniperRifle/SniperRifle_MeshesAndTextures/HUD_SniperRifle.png
  artifactKey: Guid(48a6602ef3eb479479b7e40c5e28a7f3) Importer(2089858483,d624ce77472d68a35037170ec1d2d27e)
Start importing Assets/AddOns/MgFPS_SniperRifle/SniperRifle_MeshesAndTextures/HUD_SniperRifle.png using Guid(48a6602ef3eb479479b7e40c5e28a7f3) Importer(2089858483,d624ce77472d68a35037170ec1d2d27e) (ScriptedImporter) -> (artifact id: '5c9d5716fe93653714fedf9e3d490b44') in 0.0154855 seconds
Number of updated asset objects reloaded before import = 0Number of asset objects unloaded after import = 3

========================================================================
Received Import Request.
  Time since last request: 0.000016 seconds.
  path: Assets/AddOns/MgFPS_PlasmaRain/Scripts/WeaponBarrelRecoil.cs
  artifactKey: Guid(d00af019c80dbda4e8e12d0980802903) Importer(2089858483,d624ce77472d68a35037170ec1d2d27e)
Start importing Assets/AddOns/MgFPS_PlasmaRain/Scripts/WeaponBarrelRecoil.cs using Guid(d00af019c80dbda4e8e12d0980802903) Importer(2089858483,d624ce77472d68a35037170ec1d2d27e) (ScriptedImporter) -> (artifact id: '93b4fb2bc9d91421b4e8e974af49d13d') in 0.0123845 seconds
Number of updated asset objects reloaded before import = 0Number of asset objects unloaded after import = 0

========================================================================
Received Import Request.
  Time since last request: 0.000023 seconds.
  path: Assets/AddOns/MgFPS_RemixSFX/Enemies/FPSRmx_Hoverbot_Movement.wav
  artifactKey: Guid(10b452e192f93184e878c9b54024ba06) Importer(2089858483,d624ce77472d68a35037170ec1d2d27e)
Start importing Assets/AddOns/MgFPS_RemixSFX/Enemies/FPSRmx_Hoverbot_Movement.wav using Guid(10b452e192f93184e878c9b54024ba06) Importer(2089858483,d624ce77472d68a35037170ec1d2d27e) (ScriptedImporter) -> (artifact id: 'c0d6d9a7b29fb0c32929dae7eedb898c') in 0.0237086 seconds
Number of updated asset objects reloaded before import = 0Number of asset objects unloaded after import = 1

========================================================================
Received Import Request.
  Time since last request: 0.000027 seconds.
  path: Assets/AddOns/MgFPS_RemixSFX/Enemies/FPSRmx_Hoverbot_Alert.wav
  artifactKey: Guid(10d50e53264b459418cb2732c0a09f30) Importer(2089858483,d624ce77472d68a35037170ec1d2d27e)
Start importing Assets/AddOns/MgFPS_RemixSFX/Enemies/FPSRmx_Hoverbot_Alert.wav using Guid(10d50e53264b459418cb2732c0a09f30) Importer(2089858483,d624ce77472d68a35037170ec1d2d27e) (ScriptedImporter) -> (artifact id: 'ac7481524f05283d2ef2b84e5e50d335') in 0.0231141 seconds
Number of updated asset objects reloaded before import = 0Number of asset objects unloaded after import = 1

========================================================================
Received Import Request.
  Time since last request: 0.000017 seconds.
  path: Assets/AddOns/MgFPS_SniperRifle/SniperRifle_MeshesAndTextures/Weapon_SniperRifle.mat
  artifactKey: Guid(7a269aee6bef59b4ab0070cde15639bf) Importer(2089858483,d624ce77472d68a35037170ec1d2d27e)
Start importing Assets/AddOns/MgFPS_SniperRifle/SniperRifle_MeshesAndTextures/Weapon_SniperRifle.mat using Guid(7a269aee6bef59b4ab0070cde15639bf) Importer(2089858483,d624ce77472d68a35037170ec1d2d27e) (ScriptedImporter) -> (artifact id: 'ad136eb69c57d1fcb3b09dc674b548bb') in 0.013681 seconds
Number of updated asset objects reloaded before import = 0Number of asset objects unloaded after import = 2

========================================================================
Received Import Request.
  Time since last request: 0.000019 seconds.
  path: Assets/AddOns/MgFPS_Thunderlight/Thunderlight_SFX/Thunderlight_Impact.wav
  artifactKey: Guid(ad3b9655062ba0d4c8a8b854a0a3c71a) Importer(2089858483,d624ce77472d68a35037170ec1d2d27e)
Start importing Assets/AddOns/MgFPS_Thunderlight/Thunderlight_SFX/Thunderlight_Impact.wav using Guid(ad3b9655062ba0d4c8a8b854a0a3c71a) Importer(2089858483,d624ce77472d68a35037170ec1d2d27e) (ScriptedImporter) -> (artifact id: '8fcd420fc86c4956db7ae958186ccf09') in 0.0322158 seconds
Number of updated asset objects reloaded before import = 0Number of asset objects unloaded after import = 1

========================================================================
Received Import Request.
  Time since last request: 0.000020 seconds.
  path: Assets/AddOns/MgFPS_PlasmaRain/PlasmaRain_SFX/PlasmaRain_shot.wav
  artifactKey: Guid(f92e201c574bc2047b16b32a585201b9) Importer(2089858483,d624ce77472d68a35037170ec1d2d27e)
Start importing Assets/AddOns/MgFPS_PlasmaRain/PlasmaRain_SFX/PlasmaRain_shot.wav using Guid(f92e201c574bc2047b16b32a585201b9) Importer(2089858483,d624ce77472d68a35037170ec1d2d27e) (ScriptedImporter) -> (artifact id: '0e71c55c28a12bead17c76a8e9f3d848') in 0.029442 seconds
Number of updated asset objects reloaded before import = 0Number of asset objects unloaded after import = 1

========================================================================
Received Import Request.
  Time since last request: 0.000029 seconds.
  path: Assets/AddOns/MgFPS_Quasar/Quasar_SFX/Quasar_Impact.wav
  artifactKey: Guid(746015df15a30034994a02daef26b54d) Importer(2089858483,d624ce77472d68a35037170ec1d2d27e)
Start importing Assets/AddOns/MgFPS_Quasar/Quasar_SFX/Quasar_Impact.wav using Guid(746015df15a30034994a02daef26b54d) Importer(2089858483,d624ce77472d68a35037170ec1d2d27e) (ScriptedImporter) -> (artifact id: 'a01c7a140e3f5b009e3e5933b9235229') in 0.0246213 seconds
Number of updated asset objects reloaded before import = 0Number of asset objects unloaded after import = 1

========================================================================
Received Import Request.
  Time since last request: 0.000018 seconds.
  path: Assets/AddOns/Mg_Scifi_Music/Mixers&Tracks/SquelchyChords.ogg
  artifactKey: Guid(0805d11bdaf0a7e4996928bc479b77ed) Importer(2089858483,d624ce77472d68a35037170ec1d2d27e)
Start importing Assets/AddOns/Mg_Scifi_Music/Mixers&Tracks/SquelchyChords.ogg using Guid(0805d11bdaf0a7e4996928bc479b77ed) Importer(2089858483,d624ce77472d68a35037170ec1d2d27e) (ScriptedImporter) -> (artifact id: 'c4e95a43a0c4cbec8a6331d36483b47b') in 0.0706302 seconds
Number of updated asset objects reloaded before import = 0Number of asset objects unloaded after import = 1

========================================================================
Received Import Request.
  Time since last request: 0.000021 seconds.
  path: Assets/CodeMonkey/KeyDoorSystem/Readme/CodeMonkeyHeader.png
  artifactKey: Guid(6897b755563163f45b4301de2234a452) Importer(2089858483,d624ce77472d68a35037170ec1d2d27e)
Start importing Assets/CodeMonkey/KeyDoorSystem/Readme/CodeMonkeyHeader.png using Guid(6897b755563163f45b4301de2234a452) Importer(2089858483,d624ce77472d68a35037170ec1d2d27e) (ScriptedImporter) -> (artifact id: 'faacbf4ae760b51dbb5ce11270edfb30') in 0.0173835 seconds
Number of updated asset objects reloaded before import = 0Number of asset objects unloaded after import = 3

========================================================================
Received Import Request.
  Time since last request: 0.000028 seconds.
  path: Assets/AddOns/Mg_Scifi_Music/Mixers&Tracks/Bass.ogg
  artifactKey: Guid(09d8568a82be3b941b3a54aadb9167c6) Importer(2089858483,d624ce77472d68a35037170ec1d2d27e)
Start importing Assets/AddOns/Mg_Scifi_Music/Mixers&Tracks/Bass.ogg using Guid(09d8568a82be3b941b3a54aadb9167c6) Importer(2089858483,d624ce77472d68a35037170ec1d2d27e) (ScriptedImporter) -> (artifact id: '0859d5514f6c342749f4c655ee840c95') in 0.0761007 seconds
Number of updated asset objects reloaded before import = 0Number of asset objects unloaded after import = 1

========================================================================
Received Import Request.
  Time since last request: 0.000013 seconds.
  path: Assets/AddOns/Mg_Scifi_Music/Mixers&Tracks/ZapSFX.ogg
  artifactKey: Guid(f25d711f2b27104468a6bf82cbbd0797) Importer(2089858483,d624ce77472d68a35037170ec1d2d27e)
Start importing Assets/AddOns/Mg_Scifi_Music/Mixers&Tracks/ZapSFX.ogg using Guid(f25d711f2b27104468a6bf82cbbd0797) Importer(2089858483,d624ce77472d68a35037170ec1d2d27e) (ScriptedImporter) -> (artifact id: 'b2be03fdbf75a4de291909ec5113d1b2') in 0.0713309 seconds
Number of updated asset objects reloaded before import = 0Number of asset objects unloaded after import = 1

========================================================================
Received Import Request.
  Time since last request: 0.000022 seconds.
  path: Assets/CodeMonkey/KeyDoorSystem/Materials/DoorLockTumblerBlue.mat
  artifactKey: Guid(da6ae708ba7cab340acbf871a456aac0) Importer(2089858483,d624ce77472d68a35037170ec1d2d27e)
Start importing Assets/CodeMonkey/KeyDoorSystem/Materials/DoorLockTumblerBlue.mat using Guid(da6ae708ba7cab340acbf871a456aac0) Importer(2089858483,d624ce77472d68a35037170ec1d2d27e) (ScriptedImporter) -> (artifact id: '43ef2d49b07a934c0b2db06b1b3ff1e0') in 0.012539 seconds
Number of updated asset objects reloaded before import = 0Number of asset objects unloaded after import = 2

========================================================================
Received Import Request.
  Time since last request: 0.000033 seconds.
  path: Assets/AddOns/Mg_Scifi_Music/Mixers&Tracks/ThickLeadSynth.ogg
  artifactKey: Guid(7218c1e6d731d76478e2f501b26253f3) Importer(2089858483,d624ce77472d68a35037170ec1d2d27e)
Start importing Assets/AddOns/Mg_Scifi_Music/Mixers&Tracks/ThickLeadSynth.ogg using Guid(7218c1e6d731d76478e2f501b26253f3) Importer(2089858483,d624ce77472d68a35037170ec1d2d27e) (ScriptedImporter) -> (artifact id: '979caee07eed0b157ba907d59293b127') in 0.0631301 seconds
Number of updated asset objects reloaded before import = 0Number of asset objects unloaded after import = 1

========================================================================
Received Import Request.
  Time since last request: 0.000016 seconds.
  path: Assets/AddOns/Mg_Scifi_Music/Mixers&Tracks/HiHatsOnly.ogg
  artifactKey: Guid(e85b5782258d785478efe5ada72c3aca) Importer(2089858483,d624ce77472d68a35037170ec1d2d27e)
Start importing Assets/AddOns/Mg_Scifi_Music/Mixers&Tracks/HiHatsOnly.ogg using Guid(e85b5782258d785478efe5ada72c3aca) Importer(2089858483,d624ce77472d68a35037170ec1d2d27e) (ScriptedImporter) -> (artifact id: '735d4ff4a1346ba64a4b049e8c310454') in 0.0693146 seconds
Number of updated asset objects reloaded before import = 0Number of asset objects unloaded after import = 1

========================================================================
Received Import Request.
  Time since last request: 0.000025 seconds.
  path: Assets/AddOns/Mg_Scifi_Music/Mixers&Tracks/SmileyLeadSynth.ogg
  artifactKey: Guid(2b36484977990cd468a30caa29d8ead9) Importer(2089858483,d624ce77472d68a35037170ec1d2d27e)
Start importing Assets/AddOns/Mg_Scifi_Music/Mixers&Tracks/SmileyLeadSynth.ogg using Guid(2b36484977990cd468a30caa29d8ead9) Importer(2089858483,d624ce77472d68a35037170ec1d2d27e) (ScriptedImporter) -> (artifact id: '8f6a596193607773642566bdeb17e19c') in 0.076828 seconds
Number of updated asset objects reloaded before import = 0Number of asset objects unloaded after import = 1

========================================================================
Received Import Request.
  Time since last request: 0.000032 seconds.
  path: Assets/CodeMonkey/KeyDoorSystem/Materials/KeyRed.mat
  artifactKey: Guid(2e849fa927eda4b4f8d99f5c5d298d36) Importer(2089858483,d624ce77472d68a35037170ec1d2d27e)
Start importing Assets/CodeMonkey/KeyDoorSystem/Materials/KeyRed.mat using Guid(2e849fa927eda4b4f8d99f5c5d298d36) Importer(2089858483,d624ce77472d68a35037170ec1d2d27e) (ScriptedImporter) -> (artifact id: '8635b2242c7825ce3873ec7967032c78') in 0.0135387 seconds
Number of updated asset objects reloaded before import = 0Number of asset objects unloaded after import = 1

========================================================================
Received Import Request.
  Time since last request: 0.000016 seconds.
  path: Assets/CodeMonkey/KeyDoorSystem/Animations/DoorLockOpen.anim
  artifactKey: Guid(42cf273d2ffc2a749819ef7538707876) Importer(2089858483,d624ce77472d68a35037170ec1d2d27e)
Start importing Assets/CodeMonkey/KeyDoorSystem/Animations/DoorLockOpen.anim using Guid(42cf273d2ffc2a749819ef7538707876) Importer(2089858483,d624ce77472d68a35037170ec1d2d27e) (ScriptedImporter) -> (artifact id: '703f4955be5837e1178b2870b5107c37') in 0.0136442 seconds
Number of updated asset objects reloaded before import = 0Number of asset objects unloaded after import = 1

========================================================================
Received Import Request.
  Time since last request: 0.000021 seconds.
  path: Assets/AddOns/Mg_Scifi_Music/Mixers&Tracks/VinylCrackle.ogg
  artifactKey: Guid(a6182bfdabc72b642bbaad36a963a0ce) Importer(2089858483,d624ce77472d68a35037170ec1d2d27e)
Start importing Assets/AddOns/Mg_Scifi_Music/Mixers&Tracks/VinylCrackle.ogg using Guid(a6182bfdabc72b642bbaad36a963a0ce) Importer(2089858483,d624ce77472d68a35037170ec1d2d27e) (ScriptedImporter) -> (artifact id: '47a402605621423014014b56713f8562') in 0.0683274 seconds
Number of updated asset objects reloaded before import = 0Number of asset objects unloaded after import = 1

========================================================================
Received Import Request.
  Time since last request: 0.000024 seconds.
  path: Assets/AddOns/MgFPS_Thunderlight/Thunderlight_SFX/Thunderlight_Fire.wav
  artifactKey: Guid(ad8ffbaa4f48d0249ad98623b40bd522) Importer(2089858483,d624ce77472d68a35037170ec1d2d27e)
Start importing Assets/AddOns/MgFPS_Thunderlight/Thunderlight_SFX/Thunderlight_Fire.wav using Guid(ad8ffbaa4f48d0249ad98623b40bd522) Importer(2089858483,d624ce77472d68a35037170ec1d2d27e) (ScriptedImporter) -> (artifact id: '960e0e0498edd882b572c58a3d08f660') in 0.0248573 seconds
Number of updated asset objects reloaded before import = 0Number of asset objects unloaded after import = 1

========================================================================
Received Import Request.
  Time since last request: 0.000029 seconds.
  path: Assets/CodeMonkey/KeyDoorSystem/Objects/KeyPrefabRed.prefab
  artifactKey: Guid(a89412eb5b0077343b71c186052003d1) Importer(2089858483,d624ce77472d68a35037170ec1d2d27e)
Start importing Assets/CodeMonkey/KeyDoorSystem/Objects/KeyPrefabRed.prefab using Guid(a89412eb5b0077343b71c186052003d1) Importer(2089858483,d624ce77472d68a35037170ec1d2d27e) (ScriptedImporter) -> (artifact id: '89d1594fd692a0ffb3b34cc0885c7a30') in 0.0217907 seconds
Number of updated asset objects reloaded before import = 0Number of asset objects unloaded after import = 28

========================================================================
Received Import Request.
  Time since last request: 0.000019 seconds.
  path: Assets/AddOns/Mg_Scifi_Music/Mixers&Tracks/CrashOnly.ogg
  artifactKey: Guid(247c409b196a91a41b3e4d0f3d9d188b) Importer(2089858483,d624ce77472d68a35037170ec1d2d27e)
Start importing Assets/AddOns/Mg_Scifi_Music/Mixers&Tracks/CrashOnly.ogg using Guid(247c409b196a91a41b3e4d0f3d9d188b) Importer(2089858483,d624ce77472d68a35037170ec1d2d27e) (ScriptedImporter) -> (artifact id: '275746b90b3e63313d8c31c857d38275') in 0.0660331 seconds
Number of updated asset objects reloaded before import = 0Number of asset objects unloaded after import = 1

========================================================================
Received Import Request.
  Time since last request: 0.000023 seconds.
  path: Assets/AddOns/Mg_Scifi_Music/Mixers&Tracks/MelodicSpaceToms.ogg
  artifactKey: Guid(5ccc71d9b50964f4ca771b7d58f53e93) Importer(2089858483,d624ce77472d68a35037170ec1d2d27e)
Start importing Assets/AddOns/Mg_Scifi_Music/Mixers&Tracks/MelodicSpaceToms.ogg using Guid(5ccc71d9b50964f4ca771b7d58f53e93) Importer(2089858483,d624ce77472d68a35037170ec1d2d27e) (ScriptedImporter) -> (artifact id: 'af4ae0c6785e4e26e0c1965d171901c9') in 0.0679177 seconds
Number of updated asset objects reloaded before import = 0Number of asset objects unloaded after import = 1

========================================================================
Received Import Request.
  Time since last request: 0.000028 seconds.
  path: Assets/CodeMonkey/KeyDoorSystem/Materials/DoorSingleSide.mat
  artifactKey: Guid(9a45a4a94ec8e58489fddb32ef14737d) Importer(2089858483,d624ce77472d68a35037170ec1d2d27e)
Start importing Assets/CodeMonkey/KeyDoorSystem/Materials/DoorSingleSide.mat using Guid(9a45a4a94ec8e58489fddb32ef14737d) Importer(2089858483,d624ce77472d68a35037170ec1d2d27e) (ScriptedImporter) -> (artifact id: '50e91ad560dea82a93d6ec30b9a50145') in 0.0127479 seconds
Number of updated asset objects reloaded before import = 0Number of asset objects unloaded after import = 2

========================================================================
Received Import Request.
  Time since last request: 0.000016 seconds.
  path: Assets/AddOns/MgFPS_Enemy_Boss_Skins/Textures/Detection_Module_Searchlight_Royal_MetallicSmoothness.png
  artifactKey: Guid(6a69adaa49e23a0438d08a10fbdaf9c5) Importer(2089858483,d624ce77472d68a35037170ec1d2d27e)
Start importing Assets/AddOns/MgFPS_Enemy_Boss_Skins/Textures/Detection_Module_Searchlight_Royal_MetallicSmoothness.png using Guid(6a69adaa49e23a0438d08a10fbdaf9c5) Importer(2089858483,d624ce77472d68a35037170ec1d2d27e) (ScriptedImporter) -> (artifact id: '81f0f65bf565635819d7db7bcae6d0b4') in 0.0179368 seconds
Number of updated asset objects reloaded before import = 0Number of asset objects unloaded after import = 1

========================================================================
Received Import Request.
  Time since last request: 0.000019 seconds.
  path: Assets/AddOns/MgFPS_Enemy_Boss_Skins/Materials/Weapon_Module_RocketLauncher_Slot5_Royal.mat
  artifactKey: Guid(a558cfc9b55bedd49ae423bd72355aa7) Importer(2089858483,d624ce77472d68a35037170ec1d2d27e)
Start importing Assets/AddOns/MgFPS_Enemy_Boss_Skins/Materials/Weapon_Module_RocketLauncher_Slot5_Royal.mat using Guid(a558cfc9b55bedd49ae423bd72355aa7) Importer(2089858483,d624ce77472d68a35037170ec1d2d27e) (ScriptedImporter) -> (artifact id: '1f1702b5cef6c18bd1c08c6393946825') in 0.0256862 seconds
Number of updated asset objects reloaded before import = 0Number of asset objects unloaded after import = 4

========================================================================
Received Import Request.
  Time since last request: 0.000017 seconds.
  path: Assets/AddOns/MgFPS_Enemy_Boss_Skins/Textures/Detection_Module_TV_Royal_Idle_Albedo.png
  artifactKey: Guid(ea4d51c18b5bc4e42984f7d0a99b6749) Importer(2089858483,d624ce77472d68a35037170ec1d2d27e)
Start importing Assets/AddOns/MgFPS_Enemy_Boss_Skins/Textures/Detection_Module_TV_Royal_Idle_Albedo.png using Guid(ea4d51c18b5bc4e42984f7d0a99b6749) Importer(2089858483,d624ce77472d68a35037170ec1d2d27e) (ScriptedImporter) -> (artifact id: '145830b97d9c6f886dd8dc640d2a04ed') in 0.0162918 seconds
Number of updated asset objects reloaded before import = 0Number of asset objects unloaded after import = 1

========================================================================
Received Import Request.
  Time since last request: 0.000024 seconds.
  path: Assets/NavMeshComponents/Scripts/NavMeshModifierVolume.cs
  artifactKey: Guid(bb0dd6fc9f577b440b7c21586a75ace2) Importer(2089858483,d624ce77472d68a35037170ec1d2d27e)
Start importing Assets/NavMeshComponents/Scripts/NavMeshModifierVolume.cs using Guid(bb0dd6fc9f577b440b7c21586a75ace2) Importer(2089858483,d624ce77472d68a35037170ec1d2d27e) (ScriptedImporter) -> (artifact id: 'c7e3e2dfce669b453867a2c801f08ca5') in 0.0125195 seconds
Number of updated asset objects reloaded before import = 0Number of asset objects unloaded after import = 1

========================================================================
Received Import Request.
  Time since last request: 0.321887 seconds.
  path: Assets/CodeMonkey/KeyDoorSystem/Scripts/DoorKeyUI.cs
  artifactKey: Guid(b5efea6b7808c0d499b41db4ec842b89) Importer(2089858483,d624ce77472d68a35037170ec1d2d27e)
Start importing Assets/CodeMonkey/KeyDoorSystem/Scripts/DoorKeyUI.cs using Guid(b5efea6b7808c0d499b41db4ec842b89) Importer(2089858483,d624ce77472d68a35037170ec1d2d27e) (ScriptedImporter) -> (artifact id: 'c22af1a85090566d90058b69cd86852f') in 0.0154477 seconds
Number of updated asset objects reloaded before import = 0Number of asset objects unloaded after import = 0

========================================================================
Received Import Request.
  Time since last request: 0.000018 seconds.
  path: Assets/FPS/Prefabs/RootObjects/Wall_DoorLarge.mtl
  artifactKey: Guid(7ab49e9cef56e984d8661ac08c353e4e) Importer(2089858483,d624ce77472d68a35037170ec1d2d27e)
Start importing Assets/FPS/Prefabs/RootObjects/Wall_DoorLarge.mtl using Guid(7ab49e9cef56e984d8661ac08c353e4e) Importer(2089858483,d624ce77472d68a35037170ec1d2d27e) (ScriptedImporter) -> (artifact id: '97c40601487cd389790a697d9a8ea40b') in 0.0160273 seconds
Number of updated asset objects reloaded before import = 0Number of asset objects unloaded after import = 1

========================================================================
Received Import Request.
  Time since last request: 0.000020 seconds.
  path: Assets/FPS/Animation/HoverBot/HoverBot@Shoot.fbx
  artifactKey: Guid(99dcd53d86db4fc4b813a3d1db9e97e4) Importer(2089858483,d624ce77472d68a35037170ec1d2d27e)
Start importing Assets/FPS/Animation/HoverBot/HoverBot@Shoot.fbx using Guid(99dcd53d86db4fc4b813a3d1db9e97e4) Importer(2089858483,d624ce77472d68a35037170ec1d2d27e) (ScriptedImporter) -> (artifact id: 'bf4681dda76a8ae6b2485f7d1aade9ce') in 0.019824 seconds
Number of updated asset objects reloaded before import = 0Number of asset objects unloaded after import = 42

========================================================================
Received Import Request.
  Time since last request: 0.000016 seconds.
  path: Assets/FPS/Prefabs/UI/NotificationToast.prefab
  artifactKey: Guid(791e30b832d8b814c82d519317a16e6d) Importer(2089858483,d624ce77472d68a35037170ec1d2d27e)
Start importing Assets/FPS/Prefabs/UI/NotificationToast.prefab using Guid(791e30b832d8b814c82d519317a16e6d) Importer(2089858483,d624ce77472d68a35037170ec1d2d27e) (ScriptedImporter) -> (artifact id: '2ba95248b4446f4169c4457912d75138') in 0.0442264 seconds
Number of updated asset objects reloaded before import = 0Number of asset objects unloaded after import = 21

========================================================================
Received Import Request.
  Time since last request: 0.000017 seconds.
  path: Assets/FPS/Audio/Music/Wind Ambience.mp3
  artifactKey: Guid(d8003de4be5900347a2c96ef75315675) Importer(2089858483,d624ce77472d68a35037170ec1d2d27e)
Start importing Assets/FPS/Audio/Music/Wind Ambience.mp3 using Guid(d8003de4be5900347a2c96ef75315675) Importer(2089858483,d624ce77472d68a35037170ec1d2d27e) (ScriptedImporter) -> (artifact id: 'b6c0e63072b6f40264ca62c61250842a') in 0.0786819 seconds
Number of updated asset objects reloaded before import = 0Number of asset objects unloaded after import = 1

========================================================================
Received Import Request.
  Time since last request: 0.000017 seconds.
  path: Assets/FPS/Art/Materials/Skybox.mat
  artifactKey: Guid(dbc92a4fb93cbec44b044e6a6ea325ea) Importer(2089858483,d624ce77472d68a35037170ec1d2d27e)
Start importing Assets/FPS/Art/Materials/Skybox.mat using Guid(dbc92a4fb93cbec44b044e6a6ea325ea) Importer(2089858483,d624ce77472d68a35037170ec1d2d27e) (ScriptedImporter) -> (artifact id: '4b4616fe75b33e5af03df2531a2e4957') in 0.049291 seconds
Number of updated asset objects reloaded before import = 0Number of asset objects unloaded after import = 2

========================================================================
Received Import Request.
  Time since last request: 0.000028 seconds.
  path: Assets/FPS/Prefabs/RootObjects/Wall_1m.mtl
  artifactKey: Guid(9ccd10e864b2df9419d09da7ed77f0c4) Importer(2089858483,d624ce77472d68a35037170ec1d2d27e)
Start importing Assets/FPS/Prefabs/RootObjects/Wall_1m.mtl using Guid(9ccd10e864b2df9419d09da7ed77f0c4) Importer(2089858483,d624ce77472d68a35037170ec1d2d27e) (ScriptedImporter) -> (artifact id: '1eee4f30cee22b9b824c7fdbe2575812') in 0.0131113 seconds
Number of updated asset objects reloaded before import = 0Number of asset objects unloaded after import = 1

========================================================================
Received Import Request.
  Time since last request: 0.000011 seconds.
  path: Assets/FPS/Animation/Turret/Turret@PassiveHurt.fbx
  artifactKey: Guid(87e95e20f7471044e8fadf76fb32c842) Importer(2089858483,d624ce77472d68a35037170ec1d2d27e)
Start importing Assets/FPS/Animation/Turret/Turret@PassiveHurt.fbx using Guid(87e95e20f7471044e8fadf76fb32c842) Importer(2089858483,d624ce77472d68a35037170ec1d2d27e) (ScriptedImporter) -> (artifact id: '00300880a77b555c8d8b2e6f8cc526cc') in 0.0150078 seconds
Number of updated asset objects reloaded before import = 0Number of asset objects unloaded after import = 20

========================================================================
Received Import Request.
  Time since last request: 0.000013 seconds.
  path: Assets/FPS/Art/Shaders/ProjectorMultiply.shader
  artifactKey: Guid(b5c648405f0127c4ba0b5b58cd987e57) Importer(2089858483,d624ce77472d68a35037170ec1d2d27e)
Start importing Assets/FPS/Art/Shaders/ProjectorMultiply.shader using Guid(b5c648405f0127c4ba0b5b58cd987e57) Importer(2089858483,d624ce77472d68a35037170ec1d2d27e) (ScriptedImporter) -> (artifact id: '90e0157f39d791dd72337a3db5620c20') in 0.0120883 seconds
Number of updated asset objects reloaded before import = 0Number of asset objects unloaded after import = 1

========================================================================
Received Import Request.
  Time since last request: 0.000017 seconds.
  path: Assets/FPS/Prefabs/RootObjects/PBDun_BigDoor.mtl
  artifactKey: Guid(4566d02aff30f1d439a7f265098a1a56) Importer(2089858483,d624ce77472d68a35037170ec1d2d27e)
Start importing Assets/FPS/Prefabs/RootObjects/PBDun_BigDoor.mtl using Guid(4566d02aff30f1d439a7f265098a1a56) Importer(2089858483,d624ce77472d68a35037170ec1d2d27e) (ScriptedImporter) -> (artifact id: '398aaae52e25f4b42ad389da248c016c') in 0.0167642 seconds
Number of updated asset objects reloaded before import = 0Number of asset objects unloaded after import = 1

========================================================================
Received Import Request.
  Time since last request: 0.000023 seconds.
  path: Assets/FPS/Scripts/Game/IgnoreHitDetection.cs
  artifactKey: Guid(7579dbb2d10d4b34bbe05adb3f8014cb) Importer(2089858483,d624ce77472d68a35037170ec1d2d27e)
Start importing Assets/FPS/Scripts/Game/IgnoreHitDetection.cs using Guid(7579dbb2d10d4b34bbe05adb3f8014cb) Importer(2089858483,d624ce77472d68a35037170ec1d2d27e) (ScriptedImporter) -> (artifact id: '1a5ce929697ae6d46878f56aa3d7c929') in 0.0259244 seconds
Number of updated asset objects reloaded before import = 0Number of asset objects unloaded after import = 0

========================================================================
Received Import Request.
  Time since last request: 0.000013 seconds.
  path: Assets/FPS/Scripts/UI/LoadSceneButton.cs
  artifactKey: Guid(b9d73053268a2ae48bb9e7d4bf6419fb) Importer(2089858483,d624ce77472d68a35037170ec1d2d27e)
Start importing Assets/FPS/Scripts/UI/LoadSceneButton.cs using Guid(b9d73053268a2ae48bb9e7d4bf6419fb) Importer(2089858483,d624ce77472d68a35037170ec1d2d27e) (ScriptedImporter) -> (artifact id: 'a139ec9b24d24375768af589921c69e2') in 0.0214967 seconds
Number of updated asset objects reloaded before import = 0Number of asset objects unloaded after import = 0

========================================================================
Received Import Request.
  Time since last request: 0.000017 seconds.
  path: Assets/FPS/Scripts/UI/CompassMarker.cs
  artifactKey: Guid(591d30c26600b7c478aa30a3e005633b) Importer(2089858483,d624ce77472d68a35037170ec1d2d27e)
Start importing Assets/FPS/Scripts/UI/CompassMarker.cs using Guid(591d30c26600b7c478aa30a3e005633b) Importer(2089858483,d624ce77472d68a35037170ec1d2d27e) (ScriptedImporter) -> (artifact id: '9e1a31137d216dffa20b87106f37a061') in 0.0377605 seconds
Number of updated asset objects reloaded before import = 0Number of asset objects unloaded after import = 0

========================================================================
Received Import Request.
  Time since last request: 0.000017 seconds.
  path: Assets/FPS/Scripts/Gameplay/JetpackPickup.cs
  artifactKey: Guid(fd5fd1bc5d131a34791bbd68d41d568f) Importer(2089858483,d624ce77472d68a35037170ec1d2d27e)
Start importing Assets/FPS/Scripts/Gameplay/JetpackPickup.cs using Guid(fd5fd1bc5d131a34791bbd68d41d568f) Importer(2089858483,d624ce77472d68a35037170ec1d2d27e) (ScriptedImporter) -> (artifact id: 'c252d70358ace59d56e5ea7811636bd7') in 0.0198094 seconds
Number of updated asset objects reloaded before import = 0Number of asset objects unloaded after import = 0

========================================================================
Received Import Request.
  Time since last request: 0.000024 seconds.
  path: Assets/FPS/Scenes/MainScene/ReflectionProbe-2.exr
  artifactKey: Guid(1856399bb99be4649b846011c106f00c) Importer(2089858483,d624ce77472d68a35037170ec1d2d27e)
Start importing Assets/FPS/Scenes/MainScene/ReflectionProbe-2.exr using Guid(1856399bb99be4649b846011c106f00c) Importer(2089858483,d624ce77472d68a35037170ec1d2d27e) (ScriptedImporter) -> (artifact id: '529127dacb3598e166064514437d5c88') in 0.7106191 seconds
Number of updated asset objects reloaded before import = 0Number of asset objects unloaded after import = 1

========================================================================
Received Import Request.
  Time since last request: 0.000019 seconds.
  path: Assets/FPS/Scripts/UI/UITable.cs
  artifactKey: Guid(e4707fbaf17e28342b6a52817c6de926) Importer(2089858483,d624ce77472d68a35037170ec1d2d27e)
Start importing Assets/FPS/Scripts/UI/UITable.cs using Guid(e4707fbaf17e28342b6a52817c6de926) Importer(2089858483,d624ce77472d68a35037170ec1d2d27e) (ScriptedImporter) -> (artifact id: '2da72c3145c89aae3c1cc9d563026321') in 0.0123789 seconds
Number of updated asset objects reloaded before import = 0Number of asset objects unloaded after import = 0

========================================================================
Received Import Request.
  Time since last request: 0.000022 seconds.
  path: Assets/FPS/Tutorials/AddAnAsset/AddAnAsset-15.asset
  artifactKey: Guid(51c83f6dc57d24cd896b1902b96e3423) Importer(2089858483,d624ce77472d68a35037170ec1d2d27e)
Start importing Assets/FPS/Tutorials/AddAnAsset/AddAnAsset-15.asset using Guid(51c83f6dc57d24cd896b1902b96e3423) Importer(2089858483,d624ce77472d68a35037170ec1d2d27e) (ScriptedImporter) -> (artifact id: 'ecfb63dcdacd0dc900e3dcba1c401c72') in 0.0310171 seconds
Number of updated asset objects reloaded before import = 0Number of asset objects unloaded after import = 3

========================================================================
Received Import Request.
  Time since last request: 0.000020 seconds.
  path: Assets/FPS/Scripts/UI/ToggleGameObjectButton.cs
  artifactKey: Guid(8e892a77fbd0909468372b0f88c7c5d6) Importer(2089858483,d624ce77472d68a35037170ec1d2d27e)
Start importing Assets/FPS/Scripts/UI/ToggleGameObjectButton.cs using Guid(8e892a77fbd0909468372b0f88c7c5d6) Importer(2089858483,d624ce77472d68a35037170ec1d2d27e) (ScriptedImporter) -> (artifact id: '8456393c9588a005d25676dc24091f7e') in 0.0228917 seconds
Number of updated asset objects reloaded before import = 0Number of asset objects unloaded after import = 0

========================================================================
Received Import Request.
  Time since last request: 0.000019 seconds.
  path: Assets/FPS/Prefabs/VFX/VFX_LazerSparksBlue.prefab
  artifactKey: Guid(358eca6adc32a89459c54b6b62d9c825) Importer(2089858483,d624ce77472d68a35037170ec1d2d27e)
Start importing Assets/FPS/Prefabs/VFX/VFX_LazerSparksBlue.prefab using Guid(358eca6adc32a89459c54b6b62d9c825) Importer(2089858483,d624ce77472d68a35037170ec1d2d27e) (ScriptedImporter) -> (artifact id: '2c038c0c5249012d435d331dcb374a3c') in 0.0226324 seconds
Number of updated asset objects reloaded before import = 0Number of asset objects unloaded after import = 6

========================================================================
Received Import Request.
  Time since last request: 0.000021 seconds.
  path: Assets/FPS/Prefabs/Weapons/Weapon_Shotgun.prefab
  artifactKey: Guid(31d97e822763d1f4cb769f7e3f7f7333) Importer(2089858483,d624ce77472d68a35037170ec1d2d27e)
Start importing Assets/FPS/Prefabs/Weapons/Weapon_Shotgun.prefab using Guid(31d97e822763d1f4cb769f7e3f7f7333) Importer(2089858483,d624ce77472d68a35037170ec1d2d27e) (ScriptedImporter) -> (artifact id: 'ac6a9fd1c7eebd3b68a1a7b1340d54e1') in 0.0268037 seconds
Number of updated asset objects reloaded before import = 0Number of asset objects unloaded after import = 96

========================================================================
Received Import Request.
  Time since last request: 0.000030 seconds.
  path: Assets/FPS/Scripts/UI/CrosshairManager.cs
  artifactKey: Guid(d45ca35e6c74bd74fb22336cb0d508db) Importer(2089858483,d624ce77472d68a35037170ec1d2d27e)
Start importing Assets/FPS/Scripts/UI/CrosshairManager.cs using Guid(d45ca35e6c74bd74fb22336cb0d508db) Importer(2089858483,d624ce77472d68a35037170ec1d2d27e) (ScriptedImporter) -> (artifact id: '69159fea2912be8a9aafc4cf538bd565') in 0.01141 seconds
Number of updated asset objects reloaded before import = 0Number of asset objects unloaded after import = 0

========================================================================
Received Import Request.
  Time since last request: 0.000013 seconds.
  path: Assets/FPS/Scripts/UI/StanceHUD.cs
  artifactKey: Guid(2758505f22acf1d4e8dbb9e9e9ac6e85) Importer(2089858483,d624ce77472d68a35037170ec1d2d27e)
Start importing Assets/FPS/Scripts/UI/StanceHUD.cs using Guid(2758505f22acf1d4e8dbb9e9e9ac6e85) Importer(2089858483,d624ce77472d68a35037170ec1d2d27e) (ScriptedImporter) -> (artifact id: '4bc787527f0ac331815fb322e11cc468') in 0.0232774 seconds
Number of updated asset objects reloaded before import = 0Number of asset objects unloaded after import = 0

========================================================================
Received Import Request.
  Time since last request: 0.000017 seconds.
  path: Assets/FPS/Prefabs/VFX/VFX_HoverBot_Explosion.prefab
  artifactKey: Guid(2a8f5052fe50f7b41b17149abb0f7414) Importer(2089858483,d624ce77472d68a35037170ec1d2d27e)
Start importing Assets/FPS/Prefabs/VFX/VFX_HoverBot_Explosion.prefab using Guid(2a8f5052fe50f7b41b17149abb0f7414) Importer(2089858483,d624ce77472d68a35037170ec1d2d27e) (ScriptedImporter) -> (artifact id: '3e45f70e703296ee52dd936de81215ed') in 0.0277628 seconds
Number of updated asset objects reloaded before import = 0Number of asset objects unloaded after import = 22

========================================================================
Received Import Request.
  Time since last request: 0.000027 seconds.
  path: Assets/FPS/Scripts/Editor/MiniProfiler.cs
  artifactKey: Guid(4b5425b2a870ac14f8c96f11c641db95) Importer(2089858483,d624ce77472d68a35037170ec1d2d27e)
Start importing Assets/FPS/Scripts/Editor/MiniProfiler.cs using Guid(4b5425b2a870ac14f8c96f11c641db95) Importer(2089858483,d624ce77472d68a35037170ec1d2d27e) (ScriptedImporter) -> (artifact id: '9eeaa5ff8533158a2b700474a30b64c0') in 0.0259493 seconds
Number of updated asset objects reloaded before import = 0Number of asset objects unloaded after import = 0

========================================================================
Received Import Request.
  Time since last request: 0.000026 seconds.
  path: Assets/FPS/Prefabs/VFX/VFX_Alert.prefab
  artifactKey: Guid(1bc9e4f49c67a6a41af3e7cb3d30bb43) Importer(2089858483,d624ce77472d68a35037170ec1d2d27e)
Start importing Assets/FPS/Prefabs/VFX/VFX_Alert.prefab using Guid(1bc9e4f49c67a6a41af3e7cb3d30bb43) Importer(2089858483,d624ce77472d68a35037170ec1d2d27e) (ScriptedImporter) -> (artifact id: '0ea466d24cf20e9faf59fc85bd71ad56') in 0.0489819 seconds
Number of updated asset objects reloaded before import = 0Number of asset objects unloaded after import = 6

========================================================================
Received Import Request.
  Time since last request: 0.000013 seconds.
  path: Assets/FPS/Tutorials/AddARoom/WT-Orbit-Hand-Tool.mov
  artifactKey: Guid(01ce4eaa9face4b46b9bdb9399032dcb) Importer(2089858483,d624ce77472d68a35037170ec1d2d27e)
Start importing Assets/FPS/Tutorials/AddARoom/WT-Orbit-Hand-Tool.mov using Guid(01ce4eaa9face4b46b9bdb9399032dcb) Importer(2089858483,d624ce77472d68a35037170ec1d2d27e) (ScriptedImporter) -> (artifact id: 'e0dcd0d65abdc9b2a7058212026675b3') in 0.3703044 seconds
Number of updated asset objects reloaded before import = 0Number of asset objects unloaded after import = 1

========================================================================
Received Import Request.
  Time since last request: 0.000019 seconds.
  path: Assets/FPS/Tutorials/AddEnemyBot/005.asset
  artifactKey: Guid(0dc14045fb36344f4bf9f8e3a8d37ffe) Importer(2089858483,d624ce77472d68a35037170ec1d2d27e)
Start importing Assets/FPS/Tutorials/AddEnemyBot/005.asset using Guid(0dc14045fb36344f4bf9f8e3a8d37ffe) Importer(2089858483,d624ce77472d68a35037170ec1d2d27e) (ScriptedImporter) -> (artifact id: 'c28591bd07f79f610812a4222b0d4e23') in 0.0513929 seconds
Number of updated asset objects reloaded before import = 0Number of asset objects unloaded after import = 4

========================================================================
Received Import Request.
  Time since last request: 0.000031 seconds.
  path: Assets/FPS/Tutorials/AddAnAsset/AddAnAsset-01.asset
  artifactKey: Guid(dc9b1b1cb98344f3780ba96d4f32c225) Importer(2089858483,d624ce77472d68a35037170ec1d2d27e)
Start importing Assets/FPS/Tutorials/AddAnAsset/AddAnAsset-01.asset using Guid(dc9b1b1cb98344f3780ba96d4f32c225) Importer(2089858483,d624ce77472d68a35037170ec1d2d27e) (ScriptedImporter) -> (artifact id: '2a7c60390a73e59a63cb226d0a0f7a36') in 0.0561181 seconds
Number of updated asset objects reloaded before import = 0Number of asset objects unloaded after import = 3

========================================================================
Received Import Request.
  Time since last request: 0.000014 seconds.
  path: Assets/FPS/Tutorials/AddARoom/17-Select-Move.asset
  artifactKey: Guid(c83a4ddcf9c7a489cb25b31f69c78791) Importer(2089858483,d624ce77472d68a35037170ec1d2d27e)
Start importing Assets/FPS/Tutorials/AddARoom/17-Select-Move.asset using Guid(c83a4ddcf9c7a489cb25b31f69c78791) Importer(2089858483,d624ce77472d68a35037170ec1d2d27e) (ScriptedImporter) -> (artifact id: '1ee74a0058151d9d77c46bd31ed6a7d7') in 0.0945873 seconds
Number of updated asset objects reloaded before import = 0Number of asset objects unloaded after import = 744

========================================================================
Received Import Request.
  Time since last request: 0.000024 seconds.
  path: Assets/FPS/Tutorials/WhatsNext/WT-Essentials.png
  artifactKey: Guid(e6bde9c089de7ab41b8dde2e2938024b) Importer(2089858483,d624ce77472d68a35037170ec1d2d27e)
Start importing Assets/FPS/Tutorials/WhatsNext/WT-Essentials.png using Guid(e6bde9c089de7ab41b8dde2e2938024b) Importer(2089858483,d624ce77472d68a35037170ec1d2d27e) (ScriptedImporter) -> (artifact id: '9104a28048be61f2791e2ad0e1fb90c7') in 0.018939 seconds
Number of updated asset objects reloaded before import = 0Number of asset objects unloaded after import = 3

========================================================================
Received Import Request.
  Time since last request: 0.000030 seconds.
  path: Assets/FPS/Scripts/UI/CompassElement.cs
  artifactKey: Guid(14b7698ec50c85c44a849a968dc1d57d) Importer(2089858483,d624ce77472d68a35037170ec1d2d27e)
Start importing Assets/FPS/Scripts/UI/CompassElement.cs using Guid(14b7698ec50c85c44a849a968dc1d57d) Importer(2089858483,d624ce77472d68a35037170ec1d2d27e) (ScriptedImporter) -> (artifact id: 'a9d0b35b40cd0e429569fd5075a6f4b9') in 0.01509 seconds
Number of updated asset objects reloaded before import = 0Number of asset objects unloaded after import = 0

========================================================================
Received Import Request.
  Time since last request: 0.000017 seconds.
  path: Assets/FPS/Scripts/Gameplay/Jetpack.cs
  artifactKey: Guid(48f22a420493bcf4a8ca3e259797484f) Importer(2089858483,d624ce77472d68a35037170ec1d2d27e)
Start importing Assets/FPS/Scripts/Gameplay/Jetpack.cs using Guid(48f22a420493bcf4a8ca3e259797484f) Importer(2089858483,d624ce77472d68a35037170ec1d2d27e) (ScriptedImporter) -> (artifact id: '0579fa2feea6db3c927228d55b3343bf') in 0.0146632 seconds
Number of updated asset objects reloaded before import = 0Number of asset objects unloaded after import = 0

========================================================================
Received Import Request.
  Time since last request: 0.000022 seconds.
  path: Assets/FPS/Tutorials/EditColors/WT-Change-Color.mov
  artifactKey: Guid(fbc1259bdf8db429a911dc146b3bd2d5) Importer(2089858483,d624ce77472d68a35037170ec1d2d27e)
Start importing Assets/FPS/Tutorials/EditColors/WT-Change-Color.mov using Guid(fbc1259bdf8db429a911dc146b3bd2d5) Importer(2089858483,d624ce77472d68a35037170ec1d2d27e) (ScriptedImporter) -> (artifact id: '1ad0cfe64b904ea355314faca5eb8880') in 0.0209682 seconds
Number of updated asset objects reloaded before import = 0Number of asset objects unloaded after import = 1

========================================================================
Received Import Request.
  Time since last request: 0.000039 seconds.
  path: Assets/FPS/Scripts/Game/AudioUtility.cs
  artifactKey: Guid(b4940d922b729e64091b72854e008d47) Importer(2089858483,d624ce77472d68a35037170ec1d2d27e)
Start importing Assets/FPS/Scripts/Game/AudioUtility.cs using Guid(b4940d922b729e64091b72854e008d47) Importer(2089858483,d624ce77472d68a35037170ec1d2d27e) (ScriptedImporter) -> (artifact id: '58d0bb1991d38870a4cfe7db2294aa44') in 0.0220478 seconds
Number of updated asset objects reloaded before import = 0Number of asset objects unloaded after import = 0

========================================================================
Received Import Request.
  Time since last request: 0.000137 seconds.
  path: Assets/FPS/Tutorials/AddAnAsset/AddAnAsset-Walkthrough.asset
  artifactKey: Guid(acc3795cfd9ef4206836da4a1d377627) Importer(2089858483,d624ce77472d68a35037170ec1d2d27e)
Start importing Assets/FPS/Tutorials/AddAnAsset/AddAnAsset-Walkthrough.asset using Guid(acc3795cfd9ef4206836da4a1d377627) Importer(2089858483,d624ce77472d68a35037170ec1d2d27e) (ScriptedImporter) -> (artifact id: '5de6815d7ccfde14c12bc83a8070e09e') in 0.3935222 seconds
Number of updated asset objects reloaded before import = 0Number of asset objects unloaded after import = 879

========================================================================
Received Import Request.
  Time since last request: 0.000030 seconds.
  path: Assets/FPS/Scripts/Game/GameConstants.cs
  artifactKey: Guid(45a026fab99db8b4fac1af90f1ece0b5) Importer(2089858483,d624ce77472d68a35037170ec1d2d27e)
Start importing Assets/FPS/Scripts/Game/GameConstants.cs using Guid(45a026fab99db8b4fac1af90f1ece0b5) Importer(2089858483,d624ce77472d68a35037170ec1d2d27e) (ScriptedImporter) -> (artifact id: '9e7132736b57f931ab6afa1b03e097e3') in 0.0170664 seconds
Number of updated asset objects reloaded before import = 0Number of asset objects unloaded after import = 0

========================================================================
Received Import Request.
  Time since last request: 0.000034 seconds.
  path: Assets/FPS/Prefabs/RootObjects/Basic_Floor.mtl
  artifactKey: Guid(e28d711b512f2854ebf837a178f961ab) Importer(2089858483,d624ce77472d68a35037170ec1d2d27e)
Start importing Assets/FPS/Prefabs/RootObjects/Basic_Floor.mtl using Guid(e28d711b512f2854ebf837a178f961ab) Importer(2089858483,d624ce77472d68a35037170ec1d2d27e) (ScriptedImporter) -> (artifact id: '61b94f9fea4d5bb928063f101e70c4b0') in 0.041837 seconds
Number of updated asset objects reloaded before import = 0Number of asset objects unloaded after import = 1

========================================================================
Received Import Request.
  Time since last request: 0.000019 seconds.
  path: Assets/FPS/Tutorials/AddARoom/09.asset
  artifactKey: Guid(d72f5b10e2e20420183526971d1a0afe) Importer(2089858483,d624ce77472d68a35037170ec1d2d27e)
Start importing Assets/FPS/Tutorials/AddARoom/09.asset using Guid(d72f5b10e2e20420183526971d1a0afe) Importer(2089858483,d624ce77472d68a35037170ec1d2d27e) (ScriptedImporter) -> (artifact id: '5e3a728b988f314b5e48b13b39a94c09') in 0.0290622 seconds
Number of updated asset objects reloaded before import = 0Number of asset objects unloaded after import = 513

========================================================================
Received Import Request.
  Time since last request: 0.000022 seconds.
  path: Assets/ModAssets/Models/SpaceProps/Crystal.fbx
  artifactKey: Guid(6b2dfb46096eb400e8d5de95609e53b3) Importer(2089858483,d624ce77472d68a35037170ec1d2d27e)
Start importing Assets/ModAssets/Models/SpaceProps/Crystal.fbx using Guid(6b2dfb46096eb400e8d5de95609e53b3) Importer(2089858483,d624ce77472d68a35037170ec1d2d27e) (ScriptedImporter) -> (artifact id: 'd1e6bd2a54d6026c035628a17b6235d9') in 0.0133407 seconds
Number of updated asset objects reloaded before import = 0Number of asset objects unloaded after import = 8

========================================================================
Received Import Request.
  Time since last request: 0.000022 seconds.
  path: Assets/ModAssets/Models/FoodProps/Licorice.fbx
  artifactKey: Guid(a6ff71d7327404fa29bb26a648cfe3ff) Importer(2089858483,d624ce77472d68a35037170ec1d2d27e)
Start importing Assets/ModAssets/Models/FoodProps/Licorice.fbx using Guid(a6ff71d7327404fa29bb26a648cfe3ff) Importer(2089858483,d624ce77472d68a35037170ec1d2d27e) (ScriptedImporter) -> (artifact id: '96b64b86f10dc199fc63374ad46d8d36') in 0.0335236 seconds
Number of updated asset objects reloaded before import = 0Number of asset objects unloaded after import = 9

========================================================================
Received Import Request.
  Time since last request: 0.000015 seconds.
  path: Assets/ModAssets/Models/HatMeshes/PartyHatMesh.fbx
  artifactKey: Guid(34a2d77e69c9248c09fea2bd77090468) Importer(2089858483,d624ce77472d68a35037170ec1d2d27e)
Start importing Assets/ModAssets/Models/HatMeshes/PartyHatMesh.fbx using Guid(34a2d77e69c9248c09fea2bd77090468) Importer(2089858483,d624ce77472d68a35037170ec1d2d27e) (ScriptedImporter) -> (artifact id: '3bc46386d5ebea15d14b188e6e2e3b5e') in 0.0726204 seconds
Number of updated asset objects reloaded before import = 0Number of asset objects unloaded after import = 8

========================================================================
Received Import Request.
  Time since last request: 0.000014 seconds.
  path: Assets/FPS/Scenes/MainScene/NavMesh-NavMeshSurface.asset
  artifactKey: Guid(9b48a92232152497aa9d16b7496ae527) Importer(2089858483,d624ce77472d68a35037170ec1d2d27e)
Start importing Assets/FPS/Scenes/MainScene/NavMesh-NavMeshSurface.asset using Guid(9b48a92232152497aa9d16b7496ae527) Importer(2089858483,d624ce77472d68a35037170ec1d2d27e) (ScriptedImporter) -> (artifact id: '62569db3a3c2a78c2b8ad161e920d0cb') in 0.1402706 seconds
Number of updated asset objects reloaded before import = 0Number of asset objects unloaded after import = 1

========================================================================
Received Import Request.
  Time since last request: 0.000029 seconds.
  path: Assets/FPS/Scripts/Gameplay/PlayerCharacterController.cs
  artifactKey: Guid(f8e9b849ae2755b428b23edfa9686c79) Importer(2089858483,d624ce77472d68a35037170ec1d2d27e)
Start importing Assets/FPS/Scripts/Gameplay/PlayerCharacterController.cs using Guid(f8e9b849ae2755b428b23edfa9686c79) Importer(2089858483,d624ce77472d68a35037170ec1d2d27e) (ScriptedImporter) -> (artifact id: 'd8ba6be1f8900ceb2a549fdd9f73f7c6') in 0.0391198 seconds
Number of updated asset objects reloaded before import = 0Number of asset objects unloaded after import = 0

========================================================================
Received Import Request.
  Time since last request: 0.000014 seconds.
  path: Assets/FPS/Tutorials/AddARoom/WT-Project-Window.png
  artifactKey: Guid(ea9d8d0cfa14342e88e692cb7b8a2ed8) Importer(2089858483,d624ce77472d68a35037170ec1d2d27e)
Start importing Assets/FPS/Tutorials/AddARoom/WT-Project-Window.png using Guid(ea9d8d0cfa14342e88e692cb7b8a2ed8) Importer(2089858483,d624ce77472d68a35037170ec1d2d27e) (ScriptedImporter) -> (artifact id: '02d1e1349621639831ae71838de4fedc') in 0.0169195 seconds
Number of updated asset objects reloaded before import = 0Number of asset objects unloaded after import = 1

========================================================================
Received Import Request.
  Time since last request: 0.000017 seconds.
  path: Assets/TextMesh Pro/Resources/Shaders/TMPro.cginc
  artifactKey: Guid(074974f8be254864bbc28954bafc8f9e) Importer(2089858483,d624ce77472d68a35037170ec1d2d27e)
Start importing Assets/TextMesh Pro/Resources/Shaders/TMPro.cginc using Guid(074974f8be254864bbc28954bafc8f9e) Importer(2089858483,d624ce77472d68a35037170ec1d2d27e) (ScriptedImporter) -> (artifact id: 'c085eb11c970eac34f9ee0c528c4fead') in 0.0147177 seconds
Number of updated asset objects reloaded before import = 0Number of asset objects unloaded after import = 1

========================================================================
Received Import Request.
  Time since last request: 0.000030 seconds.
  path: Assets/TextMesh Pro/Resources/Shaders/TMP_Bitmap.shader
  artifactKey: Guid(2df0e5bd80d64b34baefc927759b5f76) Importer(2089858483,d624ce77472d68a35037170ec1d2d27e)
Start importing Assets/TextMesh Pro/Resources/Shaders/TMP_Bitmap.shader using Guid(2df0e5bd80d64b34baefc927759b5f76) Importer(2089858483,d624ce77472d68a35037170ec1d2d27e) (ScriptedImporter) -> (artifact id: '5f868c1df65bbbc1a9037c2ae9b373b6') in 0.0140704 seconds
Number of updated asset objects reloaded before import = 0Number of asset objects unloaded after import = 1

========================================================================
Received Import Request.
  Time since last request: 0.000016 seconds.
  path: Assets/ModAssets/Prefabs/Totems/Statue_Wall.prefab
  artifactKey: Guid(edeaf041d2df0314eb55e3bf76b1b3a5) Importer(2089858483,d624ce77472d68a35037170ec1d2d27e)
Start importing Assets/ModAssets/Prefabs/Totems/Statue_Wall.prefab using Guid(edeaf041d2df0314eb55e3bf76b1b3a5) Importer(2089858483,d624ce77472d68a35037170ec1d2d27e) (ScriptedImporter) -> (artifact id: '4698ae8a39324b08236f443ced2ac140') in 0.0186029 seconds
Number of updated asset objects reloaded before import = 0Number of asset objects unloaded after import = 9

========================================================================
Received Import Request.
  Time since last request: 0.000016 seconds.
  path: Assets/FPS/Tutorials/EditColors/06-Play-Game - delete.asset
  artifactKey: Guid(9e3280f2c95b94ec489b5a211660347d) Importer(2089858483,d624ce77472d68a35037170ec1d2d27e)
Start importing Assets/FPS/Tutorials/EditColors/06-Play-Game - delete.asset using Guid(9e3280f2c95b94ec489b5a211660347d) Importer(2089858483,d624ce77472d68a35037170ec1d2d27e) (ScriptedImporter) -> (artifact id: '4f350de8000c076fdbfbfdea41aefdca') in 0.0162406 seconds
Number of updated asset objects reloaded before import = 0Number of asset objects unloaded after import = 3

========================================================================
Received Import Request.
  Time since last request: 0.000018 seconds.
  path: Assets/FPS/Tutorials/Playtest/06-Inspector-Intro.asset
  artifactKey: Guid(6e41a997d55d34c6e988a783a1d13151) Importer(2089858483,d624ce77472d68a35037170ec1d2d27e)
Start importing Assets/FPS/Tutorials/Playtest/06-Inspector-Intro.asset using Guid(6e41a997d55d34c6e988a783a1d13151) Importer(2089858483,d624ce77472d68a35037170ec1d2d27e) (ScriptedImporter) -> (artifact id: '60692820258a292b0343e013cd015f03') in 0.0303479 seconds
Number of updated asset objects reloaded before import = 0Number of asset objects unloaded after import = 3

========================================================================
Received Import Request.
  Time since last request: 0.000033 seconds.
  path: Assets/ModAssets/Models/AncientProps/Pyramid.fbx
  artifactKey: Guid(855be228fb4e849aea507dabde98fbff) Importer(2089858483,d624ce77472d68a35037170ec1d2d27e)
Start importing Assets/ModAssets/Models/AncientProps/Pyramid.fbx using Guid(855be228fb4e849aea507dabde98fbff) Importer(2089858483,d624ce77472d68a35037170ec1d2d27e) (ScriptedImporter) -> (artifact id: '9a484a6419c1765230be520820006503') in 0.0199718 seconds
Number of updated asset objects reloaded before import = 0Number of asset objects unloaded after import = 8

========================================================================
Received Import Request.
  Time since last request: 0.000019 seconds.
  path: Assets/ModAssets/Models/AncientProps/Pillar.fbx
  artifactKey: Guid(7c49e12debb73554780638b4c35f023d) Importer(2089858483,d624ce77472d68a35037170ec1d2d27e)
Start importing Assets/ModAssets/Models/AncientProps/Pillar.fbx using Guid(7c49e12debb73554780638b4c35f023d) Importer(2089858483,d624ce77472d68a35037170ec1d2d27e) (ScriptedImporter) -> (artifact id: 'f10c3e89717b68c17c94481ec4769531') in 0.0240204 seconds
Number of updated asset objects reloaded before import = 0Number of asset objects unloaded after import = 8

========================================================================
Received Import Request.
  Time since last request: 0.000017 seconds.
  path: Assets/AddOns/MgFPS_Enemy_Boss/Animations/Animation/Detection_Module@Laser02_R.fbx
  artifactKey: Guid(869013d181027b2468ee2cdad80444f9) Importer(2089858483,d624ce77472d68a35037170ec1d2d27e)
Start importing Assets/AddOns/MgFPS_Enemy_Boss/Animations/Animation/Detection_Module@Laser02_R.fbx using Guid(869013d181027b2468ee2cdad80444f9) Importer(2089858483,d624ce77472d68a35037170ec1d2d27e) (ScriptedImporter) -> (artifact id: 'f50fab7377d5309175cf20a096be521a') in 0.0277866 seconds
Number of updated asset objects reloaded before import = 0Number of asset objects unloaded after import = 12

========================================================================
Received Import Request.
  Time since last request: 0.000026 seconds.
  path: Assets/AddOns/MgFPS_Enemy_Boss/Animations/Animation/Enemy_Boss@Hurt.fbx
  artifactKey: Guid(431b21b99e1c75047988bd87731422e5) Importer(2089858483,d624ce77472d68a35037170ec1d2d27e)
Start importing Assets/AddOns/MgFPS_Enemy_Boss/Animations/Animation/Enemy_Boss@Hurt.fbx using Guid(431b21b99e1c75047988bd87731422e5) Importer(2089858483,d624ce77472d68a35037170ec1d2d27e) (ScriptedImporter) -> (artifact id: '19cdbd4b8876b5983109c8794c283b1d') in 0.0262797 seconds
Number of updated asset objects reloaded before import = 0Number of asset objects unloaded after import = 14

========================================================================
Received Import Request.
  Time since last request: 0.000023 seconds.
  path: Assets/AddOns/MgFPS_Boomshot/BoomShot_VFX/Materials/BoomShot_ProjectileMat.mat
  artifactKey: Guid(39d90757354103547962e7158eb491b8) Importer(2089858483,d624ce77472d68a35037170ec1d2d27e)
Start importing Assets/AddOns/MgFPS_Boomshot/BoomShot_VFX/Materials/BoomShot_ProjectileMat.mat using Guid(39d90757354103547962e7158eb491b8) Importer(2089858483,d624ce77472d68a35037170ec1d2d27e) (ScriptedImporter) -> (artifact id: '1b320935f0e839e718c8f071c9b95da3') in 0.0163251 seconds
Number of updated asset objects reloaded before import = 0Number of asset objects unloaded after import = 1

========================================================================
Received Import Request.
  Time since last request: 0.000018 seconds.
  path: Assets/AddOns/MgFPS_Enemy_Boss/Animations/Animation/Enemy_Boss@Attack.fbx
  artifactKey: Guid(2a3cedeebeaf3f84e8e832092ba143b0) Importer(2089858483,d624ce77472d68a35037170ec1d2d27e)
Start importing Assets/AddOns/MgFPS_Enemy_Boss/Animations/Animation/Enemy_Boss@Attack.fbx using Guid(2a3cedeebeaf3f84e8e832092ba143b0) Importer(2089858483,d624ce77472d68a35037170ec1d2d27e) (ScriptedImporter) -> (artifact id: '806d47d75e8fffaf41e3a4380c9cc49d') in 0.0173158 seconds
Number of updated asset objects reloaded before import = 0Number of asset objects unloaded after import = 26

========================================================================
Received Import Request.
  Time since last request: 0.000012 seconds.
  path: Assets/AddOns/MgFPS_Boomshot/BoomShot_VFX/Textures/BoomShot_Smoke.png
  artifactKey: Guid(64435eac113620d4ca37e996aad7fd33) Importer(2089858483,d624ce77472d68a35037170ec1d2d27e)
Start importing Assets/AddOns/MgFPS_Boomshot/BoomShot_VFX/Textures/BoomShot_Smoke.png using Guid(64435eac113620d4ca37e996aad7fd33) Importer(2089858483,d624ce77472d68a35037170ec1d2d27e) (ScriptedImporter) -> (artifact id: '37e6d35619c963a053997b730fec96ac') in 0.1067631 seconds
Number of updated asset objects reloaded before import = 0Number of asset objects unloaded after import = 1

========================================================================
Received Import Request.
  Time since last request: 0.000014 seconds.
  path: Assets/ModAssets/Prefabs/Totems/Statue_Big.prefab
  artifactKey: Guid(04df6363b21362a46bcfbb6b371a8671) Importer(2089858483,d624ce77472d68a35037170ec1d2d27e)
Start importing Assets/ModAssets/Prefabs/Totems/Statue_Big.prefab using Guid(04df6363b21362a46bcfbb6b371a8671) Importer(2089858483,d624ce77472d68a35037170ec1d2d27e) (ScriptedImporter) -> (artifact id: 'f96e646cffcab848729a8a9dde5fb3c3') in 0.0259291 seconds
Number of updated asset objects reloaded before import = 0Number of asset objects unloaded after import = 9

========================================================================
Received Import Request.
  Time since last request: 0.000025 seconds.
  path: Assets/ModAssets/Models/Totems/Mesh_Statue_Big.fbx
  artifactKey: Guid(63ace06a8644566418ef2ce0a8da2a73) Importer(2089858483,d624ce77472d68a35037170ec1d2d27e)
Start importing Assets/ModAssets/Models/Totems/Mesh_Statue_Big.fbx using Guid(63ace06a8644566418ef2ce0a8da2a73) Importer(2089858483,d624ce77472d68a35037170ec1d2d27e) (ScriptedImporter) -> (artifact id: 'a8cbbdcd6331eaae3e87b54033f92158') in 0.0597742 seconds
Number of updated asset objects reloaded before import = 0Number of asset objects unloaded after import = 7

========================================================================
Received Import Request.
  Time since last request: 0.000016 seconds.
  path: Assets/FPS/Tutorials/BuildAndPublish/Walkthrough7-025.asset
  artifactKey: Guid(9903de0d10380094eb753dcdac1f5e68) Importer(2089858483,d624ce77472d68a35037170ec1d2d27e)
Start importing Assets/FPS/Tutorials/BuildAndPublish/Walkthrough7-025.asset using Guid(9903de0d10380094eb753dcdac1f5e68) Importer(2089858483,d624ce77472d68a35037170ec1d2d27e) (ScriptedImporter) -> (artifact id: '9da61b27b049af6d4981e551978aacd8') in 0.0575604 seconds
Number of updated asset objects reloaded before import = 0Number of asset objects unloaded after import = 6

========================================================================
Received Import Request.
  Time since last request: 0.000018 seconds.
  path: Assets/ModAssets/Prefabs/Trail Prefabs/LaserTrail.prefab
  artifactKey: Guid(c6e20ffe6d2b946fb9896031aa048f90) Importer(2089858483,d624ce77472d68a35037170ec1d2d27e)
Start importing Assets/ModAssets/Prefabs/Trail Prefabs/LaserTrail.prefab using Guid(c6e20ffe6d2b946fb9896031aa048f90) Importer(2089858483,d624ce77472d68a35037170ec1d2d27e) (ScriptedImporter) -> (artifact id: '782588cf115648a60762d2cab4408f8d') in 0.184233 seconds
Number of updated asset objects reloaded before import = 0Number of asset objects unloaded after import = 5

========================================================================
Received Import Request.
  Time since last request: 0.000018 seconds.
  path: Assets/AddOns/MgFPS_Enemy_Boss/Animations/Animation/Weapon_Module@RocketLauncher_L_Shoot2.fbx
  artifactKey: Guid(fb30972842a92cd49906acbc88496b4b) Importer(2089858483,d624ce77472d68a35037170ec1d2d27e)
Start importing Assets/AddOns/MgFPS_Enemy_Boss/Animations/Animation/Weapon_Module@RocketLauncher_L_Shoot2.fbx using Guid(fb30972842a92cd49906acbc88496b4b) Importer(2089858483,d624ce77472d68a35037170ec1d2d27e) (ScriptedImporter) -> (artifact id: '931c40f4e8aea3aa0e45f7338641c3b0') in 0.1390355 seconds
Number of updated asset objects reloaded before import = 0Number of asset objects unloaded after import = 22

========================================================================
Received Import Request.
  Time since last request: 0.000017 seconds.
  path: Assets/AddOns/MgFPS_Enemy_Boss/Animations/Mask/Enemy_Boss.mask
  artifactKey: Guid(5a9d872635d775849bc78156f970434c) Importer(2089858483,d624ce77472d68a35037170ec1d2d27e)
Start importing Assets/AddOns/MgFPS_Enemy_Boss/Animations/Mask/Enemy_Boss.mask using Guid(5a9d872635d775849bc78156f970434c) Importer(2089858483,d624ce77472d68a35037170ec1d2d27e) (ScriptedImporter) -> (artifact id: '3d1778a64dc1e195ba4ff83c4bf0ae2c') in 0.0210066 seconds
Number of updated asset objects reloaded before import = 0Number of asset objects unloaded after import = 1

========================================================================
Received Import Request.
  Time since last request: 0.000024 seconds.
  path: Assets/AddOns/MgFPS_Enemy_Boss/Animations/Animation/Weapon_Module@RocketLauncher_L_Shoot4.fbx
  artifactKey: Guid(34dcd6a51f862264e944a460b8479e82) Importer(2089858483,d624ce77472d68a35037170ec1d2d27e)
Start importing Assets/AddOns/MgFPS_Enemy_Boss/Animations/Animation/Weapon_Module@RocketLauncher_L_Shoot4.fbx using Guid(34dcd6a51f862264e944a460b8479e82) Importer(2089858483,d624ce77472d68a35037170ec1d2d27e) (ScriptedImporter) -> (artifact id: '9f8363e0ab4df8f0c8e7867b683a4bfb') in 0.0188513 seconds
Number of updated asset objects reloaded before import = 0Number of asset objects unloaded after import = 22

========================================================================
Received Import Request.
  Time since last request: 0.000019 seconds.
  path: Assets/AddOns/MgFPS_Haku/Haku_VFX/Materials/Haku_BulletSpark.mat
  artifactKey: Guid(d3bc6cdfd54712e419f725aab6e580fc) Importer(2089858483,d624ce77472d68a35037170ec1d2d27e)
Start importing Assets/AddOns/MgFPS_Haku/Haku_VFX/Materials/Haku_BulletSpark.mat using Guid(d3bc6cdfd54712e419f725aab6e580fc) Importer(2089858483,d624ce77472d68a35037170ec1d2d27e) (ScriptedImporter) -> (artifact id: '5b01425a97a7150910b4443a3ca1936c') in 0.0154925 seconds
Number of updated asset objects reloaded before import = 0Number of asset objects unloaded after import = 1

========================================================================
Received Import Request.
  Time since last request: 0.000020 seconds.
  path: Assets/AddOns/MgFPS_Haku/HakuMeshesAndTextures/Materials/Haku_Main.mat
  artifactKey: Guid(dbe58165273b4d24d83198ff0454211d) Importer(2089858483,d624ce77472d68a35037170ec1d2d27e)
Start importing Assets/AddOns/MgFPS_Haku/HakuMeshesAndTextures/Materials/Haku_Main.mat using Guid(dbe58165273b4d24d83198ff0454211d) Importer(2089858483,d624ce77472d68a35037170ec1d2d27e) (ScriptedImporter) -> (artifact id: '13db84acf3c7c4c5e61c34bcb90d26e3') in 0.0518208 seconds
Number of updated asset objects reloaded before import = 0Number of asset objects unloaded after import = 5

========================================================================
Received Import Request.
  Time since last request: 0.000026 seconds.
  path: Assets/AddOns/MgFPS_Enemy_Boss/Animations/Controllers/Laser01_L_AnimationController.controller
  artifactKey: Guid(0e347af825fe99846b9cb8c2b39d56bf) Importer(2089858483,d624ce77472d68a35037170ec1d2d27e)
Start importing Assets/AddOns/MgFPS_Enemy_Boss/Animations/Controllers/Laser01_L_AnimationController.controller using Guid(0e347af825fe99846b9cb8c2b39d56bf) Importer(2089858483,d624ce77472d68a35037170ec1d2d27e) (ScriptedImporter) -> (artifact id: '678127b54aab1bf1f392ebc8a17dd762') in 0.0148008 seconds
Number of updated asset objects reloaded before import = 0Number of asset objects unloaded after import = 7

========================================================================
Received Import Request.
  Time since last request: 0.000025 seconds.
  path: Assets/AddOns/MgFPS_Enemy_Boss/Animations/Controllers/SpinningRadar_R_AnimationController.controller
  artifactKey: Guid(7b0ed792c39baf6498a5eda974212908) Importer(2089858483,d624ce77472d68a35037170ec1d2d27e)
Start importing Assets/AddOns/MgFPS_Enemy_Boss/Animations/Controllers/SpinningRadar_R_AnimationController.controller using Guid(7b0ed792c39baf6498a5eda974212908) Importer(2089858483,d624ce77472d68a35037170ec1d2d27e) (ScriptedImporter) -> (artifact id: '96a95ae295c2b36ad98ce677ddf7db63') in 0.0164305 seconds
Number of updated asset objects reloaded before import = 0Number of asset objects unloaded after import = 11

========================================================================
Received Import Request.
  Time since last request: 0.000016 seconds.
  path: Assets/AddOns/MgFPS_Enemy_Boss/Animations/Animation/Weapon_Module@RocketLauncher_R_Shoot3.fbx
  artifactKey: Guid(8af3cb9678b55f24995530137cc10595) Importer(2089858483,d624ce77472d68a35037170ec1d2d27e)
Start importing Assets/AddOns/MgFPS_Enemy_Boss/Animations/Animation/Weapon_Module@RocketLauncher_R_Shoot3.fbx using Guid(8af3cb9678b55f24995530137cc10595) Importer(2089858483,d624ce77472d68a35037170ec1d2d27e) (ScriptedImporter) -> (artifact id: '148aa30c0f742b97d4c25b321dc8581d') in 0.0280146 seconds
Number of updated asset objects reloaded before import = 0Number of asset objects unloaded after import = 22

========================================================================
Received Import Request.
  Time since last request: 0.000013 seconds.
  path: Assets/AddOns/MgFPS_Haku/HakuMeshesAndTextures/Textures/Haku_Main_Emissive.png
  artifactKey: Guid(141c74d60a683c84b944ebc1a15b1a3d) Importer(2089858483,d624ce77472d68a35037170ec1d2d27e)
Start importing Assets/AddOns/MgFPS_Haku/HakuMeshesAndTextures/Textures/Haku_Main_Emissive.png using Guid(141c74d60a683c84b944ebc1a15b1a3d) Importer(2089858483,d624ce77472d68a35037170ec1d2d27e) (ScriptedImporter) -> (artifact id: '5b876fa4c1c1bd17018b0253522e0ea6') in 0.5207065 seconds
Number of updated asset objects reloaded before import = 0Number of asset objects unloaded after import = 1

========================================================================
Received Import Request.
  Time since last request: 0.000019 seconds.
  path: Assets/AddOns/MgFPS_Quasar/Quasar_MeshAndTexture/Models/Weapon_Quasar_Disc.fbx
  artifactKey: Guid(4581ca6e1f4618148bd7a08edba30058) Importer(2089858483,d624ce77472d68a35037170ec1d2d27e)
Start importing Assets/AddOns/MgFPS_Quasar/Quasar_MeshAndTexture/Models/Weapon_Quasar_Disc.fbx using Guid(4581ca6e1f4618148bd7a08edba30058) Importer(2089858483,d624ce77472d68a35037170ec1d2d27e) (ScriptedImporter) -> (artifact id: '49fb304adbd6eaa266d39701c4b921a5') in 0.0652347 seconds
Number of updated asset objects reloaded before import = 0Number of asset objects unloaded after import = 8

========================================================================
Received Import Request.
  Time since last request: 0.000020 seconds.
  path: Assets/AddOns/MgFPS_Quasar/Quasar_MeshAndTexture/Materials/Quasar_Main.mat
  artifactKey: Guid(3a79b9e71aa710748b7cec4c4201f6ee) Importer(2089858483,d624ce77472d68a35037170ec1d2d27e)
Start importing Assets/AddOns/MgFPS_Quasar/Quasar_MeshAndTexture/Materials/Quasar_Main.mat using Guid(3a79b9e71aa710748b7cec4c4201f6ee) Importer(2089858483,d624ce77472d68a35037170ec1d2d27e) (ScriptedImporter) -> (artifact id: '302421cb05fb303852f64c02c37f2aab') in 0.0471721 seconds
Number of updated asset objects reloaded before import = 0Number of asset objects unloaded after import = 5

========================================================================
Received Import Request.
  Time since last request: 0.000013 seconds.
  path: Assets/AddOns/MgFPS_Molt/MoltMeshandTextures/Textures/Molt_BaseColor.png
  artifactKey: Guid(253b7f5e542ab1e4db05dd706142aabc) Importer(2089858483,d624ce77472d68a35037170ec1d2d27e)
Start importing Assets/AddOns/MgFPS_Molt/MoltMeshandTextures/Textures/Molt_BaseColor.png using Guid(253b7f5e542ab1e4db05dd706142aabc) Importer(2089858483,d624ce77472d68a35037170ec1d2d27e) (ScriptedImporter) -> (artifact id: '9e93a9317e7232b54c9db1c9845f0b9f') in 0.019703 seconds
Number of updated asset objects reloaded before import = 0Number of asset objects unloaded after import = 1

========================================================================
Received Import Request.
  Time since last request: 0.000016 seconds.
  path: Assets/AddOns/MgFPS_Molt/Molt_VFX/Textures/Spell_Molt.png
  artifactKey: Guid(7033d559009ffed4f815028e13677e80) Importer(2089858483,d624ce77472d68a35037170ec1d2d27e)
Start importing Assets/AddOns/MgFPS_Molt/Molt_VFX/Textures/Spell_Molt.png using Guid(7033d559009ffed4f815028e13677e80) Importer(2089858483,d624ce77472d68a35037170ec1d2d27e) (ScriptedImporter) -> (artifact id: '620dfac49b6be274ff4bd2a101860b60') in 0.0591105 seconds
Number of updated asset objects reloaded before import = 0Number of asset objects unloaded after import = 1

========================================================================
Received Import Request.
  Time since last request: 0.000014 seconds.
  path: Assets/AddOns/MgFPS_Enemy_Boss/Animations/Animation/Weapon_Module@RocketLauncher_L_Shoot6.fbx
  artifactKey: Guid(0ab3ca1cd4c5ec64895db566ee9d1ace) Importer(2089858483,d624ce77472d68a35037170ec1d2d27e)
Start importing Assets/AddOns/MgFPS_Enemy_Boss/Animations/Animation/Weapon_Module@RocketLauncher_L_Shoot6.fbx using Guid(0ab3ca1cd4c5ec64895db566ee9d1ace) Importer(2089858483,d624ce77472d68a35037170ec1d2d27e) (ScriptedImporter) -> (artifact id: '9bc5d1f7c1a8919426c709e8a8a9ab0e') in 0.0312911 seconds
Number of updated asset objects reloaded before import = 0Number of asset objects unloaded after import = 32

========================================================================
Received Import Request.
  Time since last request: 0.000022 seconds.
  path: Assets/AddOns/MgFPS_Enemy_Boss/Scenes/DemoFPSBoss/ReflectionProbe-0.exr
  artifactKey: Guid(0f46532957717694394bac5fbe2bb5f1) Importer(2089858483,d624ce77472d68a35037170ec1d2d27e)
Start importing Assets/AddOns/MgFPS_Enemy_Boss/Scenes/DemoFPSBoss/ReflectionProbe-0.exr using Guid(0f46532957717694394bac5fbe2bb5f1) Importer(2089858483,d624ce77472d68a35037170ec1d2d27e) (ScriptedImporter) -> (artifact id: 'a0dc160db2befa5fd8f844908164180d') in 0.0128047 seconds
Number of updated asset objects reloaded before import = 0Number of asset objects unloaded after import = 1

========================================================================
Received Import Request.
  Time since last request: 0.000014 seconds.
  path: Assets/AddOns/MgFPS_Molt/MoltMeshandTextures/Materials/Molt.mat
  artifactKey: Guid(1744b0ca150027c4e8248cfc33a0027f) Importer(2089858483,d624ce77472d68a35037170ec1d2d27e)
Start importing Assets/AddOns/MgFPS_Molt/MoltMeshandTextures/Materials/Molt.mat using Guid(1744b0ca150027c4e8248cfc33a0027f) Importer(2089858483,d624ce77472d68a35037170ec1d2d27e) (ScriptedImporter) -> (artifact id: '73893d25a3138b9d939ca6099a11aa7d') in 0.0254389 seconds
Number of updated asset objects reloaded before import = 0Number of asset objects unloaded after import = 5

========================================================================
Received Import Request.
  Time since last request: 0.000017 seconds.
  path: Assets/ModAssets/Prefabs/Totems/Altar.prefab
  artifactKey: Guid(9fdc68ab5a8b18c4a80ce37254a88b2d) Importer(2089858483,d624ce77472d68a35037170ec1d2d27e)
Start importing Assets/ModAssets/Prefabs/Totems/Altar.prefab using Guid(9fdc68ab5a8b18c4a80ce37254a88b2d) Importer(2089858483,d624ce77472d68a35037170ec1d2d27e) (ScriptedImporter) -> (artifact id: 'bc2e78a5bd015649df1997fe8f7b8325') in 0.013528 seconds
Number of updated asset objects reloaded before import = 0Number of asset objects unloaded after import = 15

========================================================================
Received Import Request.
  Time since last request: 0.000018 seconds.
  path: Assets/FPS/Animation/HoverBot/HoverBot@RunFowardClosed.fbx
  artifactKey: Guid(78b093b3bf9e0b7488fb706d8ad2e0f8) Importer(2089858483,d624ce77472d68a35037170ec1d2d27e)
Start importing Assets/FPS/Animation/HoverBot/HoverBot@RunFowardClosed.fbx using Guid(78b093b3bf9e0b7488fb706d8ad2e0f8) Importer(2089858483,d624ce77472d68a35037170ec1d2d27e) (ScriptedImporter) -> (artifact id: 'd0c81f86f938b717d8993fa26828efc0') in 0.0448648 seconds
Number of updated asset objects reloaded before import = 0Number of asset objects unloaded after import = 42

========================================================================
Received Import Request.
  Time since last request: 0.000020 seconds.
  path: Assets/TextMesh Pro/Resources/Shaders/TMPro_Properties.cginc
  artifactKey: Guid(3ae974ffcc1ceab429f03309e10f996d) Importer(2089858483,d624ce77472d68a35037170ec1d2d27e)
Start importing Assets/TextMesh Pro/Resources/Shaders/TMPro_Properties.cginc using Guid(3ae974ffcc1ceab429f03309e10f996d) Importer(2089858483,d624ce77472d68a35037170ec1d2d27e) (ScriptedImporter) -> (artifact id: 'dc09901c4a9b00d723348ed6726dfb6e') in 0.0176596 seconds
Number of updated asset objects reloaded before import = 0Number of asset objects unloaded after import = 1

========================================================================
Received Import Request.
  Time since last request: 0.000014 seconds.
  path: Assets/FPS/Tutorials/AddAnAsset/AddAnAsset-05.asset
  artifactKey: Guid(862f95f45e82040848d3f1902bab01ef) Importer(2089858483,d624ce77472d68a35037170ec1d2d27e)
Start importing Assets/FPS/Tutorials/AddAnAsset/AddAnAsset-05.asset using Guid(862f95f45e82040848d3f1902bab01ef) Importer(2089858483,d624ce77472d68a35037170ec1d2d27e) (ScriptedImporter) -> (artifact id: 'ea8afb06823c2bcee5fff1c03a35d875') in 0.0177709 seconds
Number of updated asset objects reloaded before import = 0Number of asset objects unloaded after import = 3

========================================================================
Received Import Request.
  Time since last request: 0.000016 seconds.
  path: Assets/FPS/Art/Models/Mesh_WireframeRangeCage.fbx
  artifactKey: Guid(a89772d5378415745aa7b07b29bc8943) Importer(2089858483,d624ce77472d68a35037170ec1d2d27e)
Start importing Assets/FPS/Art/Models/Mesh_WireframeRangeCage.fbx using Guid(a89772d5378415745aa7b07b29bc8943) Importer(2089858483,d624ce77472d68a35037170ec1d2d27e) (ScriptedImporter) -> (artifact id: '33a39b321fc5dd5943329f349ec41db9') in 0.0173387 seconds
Number of updated asset objects reloaded before import = 0Number of asset objects unloaded after import = 7

========================================================================
Received Import Request.
  Time since last request: 0.000020 seconds.
  path: Assets/AddOns/MgFPS_Enemy_Boss/Scenes/DemoFPSBoss/LightingData.asset
  artifactKey: Guid(b90afdaa47a76ed4c85fe8a00d628584) Importer(2089858483,d624ce77472d68a35037170ec1d2d27e)
Start importing Assets/AddOns/MgFPS_Enemy_Boss/Scenes/DemoFPSBoss/LightingData.asset using Guid(b90afdaa47a76ed4c85fe8a00d628584) Importer(2089858483,d624ce77472d68a35037170ec1d2d27e) (ScriptedImporter) -> (artifact id: '645c1cb567d99c9d67798686065ef177') in 0.0229637 seconds
Number of updated asset objects reloaded before import = 0Number of asset objects unloaded after import = 2

========================================================================
Received Import Request.
  Time since last request: 0.000019 seconds.
  path: Assets/AddOns/MgFPS_Enemy_Boss/Animations/Controllers/Laser02_L_AnimationController.controller
  artifactKey: Guid(981dedecc44cd1b4fbfa1baf5e68485e) Importer(2089858483,d624ce77472d68a35037170ec1d2d27e)
Start importing Assets/AddOns/MgFPS_Enemy_Boss/Animations/Controllers/Laser02_L_AnimationController.controller using Guid(981dedecc44cd1b4fbfa1baf5e68485e) Importer(2089858483,d624ce77472d68a35037170ec1d2d27e) (ScriptedImporter) -> (artifact id: '17475c6933c88b9a505da571269cd9b0') in 0.027118 seconds
Number of updated asset objects reloaded before import = 0Number of asset objects unloaded after import = 7

========================================================================
Received Import Request.
  Time since last request: 0.000015 seconds.
  path: Assets/TextMesh Pro/Resources/Shaders/TMP_SDF-Surface-Mobile.shader
  artifactKey: Guid(ec4c290e4d16a93408245d84acc4dc41) Importer(2089858483,d624ce77472d68a35037170ec1d2d27e)
Start importing Assets/TextMesh Pro/Resources/Shaders/TMP_SDF-Surface-Mobile.shader using Guid(ec4c290e4d16a93408245d84acc4dc41) Importer(2089858483,d624ce77472d68a35037170ec1d2d27e) (ScriptedImporter) -> (artifact id: 'ef6e27e40887600495d105a4a75eebfc') in 0.012517 seconds
Number of updated asset objects reloaded before import = 0Number of asset objects unloaded after import = 1

========================================================================
Received Import Request.
  Time since last request: 0.000016 seconds.
  path: Assets/ModAssets/Materials/TrailMaterials/SubtleTrailMaterial.mat
  artifactKey: Guid(bb6ceb127383a4152a4041c9babd6912) Importer(2089858483,d624ce77472d68a35037170ec1d2d27e)
Start importing Assets/ModAssets/Materials/TrailMaterials/SubtleTrailMaterial.mat using Guid(bb6ceb127383a4152a4041c9babd6912) Importer(2089858483,d624ce77472d68a35037170ec1d2d27e) (ScriptedImporter) -> (artifact id: '5735d9b798c0847fdff16e1e0644f2fa') in 0.0194575 seconds
Number of updated asset objects reloaded before import = 0Number of asset objects unloaded after import = 1

========================================================================
Received Import Request.
  Time since last request: 0.000019 seconds.
  path: Assets/FPS/Scripts/Game/fps.Game.asmdef
  artifactKey: Guid(9c5543eabb73a6249ac07b2c065ee8b4) Importer(2089858483,d624ce77472d68a35037170ec1d2d27e)
Start importing Assets/FPS/Scripts/Game/fps.Game.asmdef using Guid(9c5543eabb73a6249ac07b2c065ee8b4) Importer(2089858483,d624ce77472d68a35037170ec1d2d27e) (ScriptedImporter) -> (artifact id: '60d7de06d2a84ee3bf4f42285f03c56e') in 0.0150903 seconds
Number of updated asset objects reloaded before import = 0Number of asset objects unloaded after import = 1

========================================================================
Received Import Request.
  Time since last request: 0.000022 seconds.
  path: Assets/FPS/Art/Models/Mesh_ReachPoint_Objective.fbx
  artifactKey: Guid(c1dd4700115958843872cf4c7527067f) Importer(2089858483,d624ce77472d68a35037170ec1d2d27e)
Start importing Assets/FPS/Art/Models/Mesh_ReachPoint_Objective.fbx using Guid(c1dd4700115958843872cf4c7527067f) Importer(2089858483,d624ce77472d68a35037170ec1d2d27e) (ScriptedImporter) -> (artifact id: 'a55cbe23bdf9b7fc06aded494bfc6c16') in 0.0231938 seconds
Number of updated asset objects reloaded before import = 0Number of asset objects unloaded after import = 7

========================================================================
Received Import Request.
  Time since last request: 0.000017 seconds.
  path: Assets/AddOns/MgFPS_Boomshot/BoomShot_VFX/Textures/BoomShot_Mf_Splat.png
  artifactKey: Guid(b4e1e48708273ed4382896f1674f14dc) Importer(2089858483,d624ce77472d68a35037170ec1d2d27e)
Start importing Assets/AddOns/MgFPS_Boomshot/BoomShot_VFX/Textures/BoomShot_Mf_Splat.png using Guid(b4e1e48708273ed4382896f1674f14dc) Importer(2089858483,d624ce77472d68a35037170ec1d2d27e) (ScriptedImporter) -> (artifact id: 'a00e07f129ac44ec5db7cfe30477f244') in 0.0636021 seconds
Number of updated asset objects reloaded before import = 0Number of asset objects unloaded after import = 1

========================================================================
Received Import Request.
  Time since last request: 0.000015 seconds.
  path: Assets/FPS/Prefabs/Projectiles/Projectile_Turret.prefab
  artifactKey: Guid(154bfb4989fe16d439e8f3fb7c20b72b) Importer(2089858483,d624ce77472d68a35037170ec1d2d27e)
Start importing Assets/FPS/Prefabs/Projectiles/Projectile_Turret.prefab using Guid(154bfb4989fe16d439e8f3fb7c20b72b) Importer(2089858483,d624ce77472d68a35037170ec1d2d27e) (ScriptedImporter) -> (artifact id: '873aafb18324e47faf96c97a54659673') in 0.021948 seconds
Number of updated asset objects reloaded before import = 0Number of asset objects unloaded after import = 17

========================================================================
Received Import Request.
  Time since last request: 0.000022 seconds.
  path: Assets/ModAssets/Materials/Totems/M_StatueWall.mat
  artifactKey: Guid(754ea6a657fbb274b8ce464f04329736) Importer(2089858483,d624ce77472d68a35037170ec1d2d27e)
Start importing Assets/ModAssets/Materials/Totems/M_StatueWall.mat using Guid(754ea6a657fbb274b8ce464f04329736) Importer(2089858483,d624ce77472d68a35037170ec1d2d27e) (ScriptedImporter) -> (artifact id: 'aa7a505d64433240ecc8b93cd394eacf') in 0.0193512 seconds
Number of updated asset objects reloaded before import = 0Number of asset objects unloaded after import = 6

========================================================================
Received Import Request.
  Time since last request: 0.000013 seconds.
  path: Assets/FPS/Scripts/Gameplay/ProjectileStandard.cs
  artifactKey: Guid(de99b30e1e73fd14e98cc5371da25d12) Importer(2089858483,d624ce77472d68a35037170ec1d2d27e)
Start importing Assets/FPS/Scripts/Gameplay/ProjectileStandard.cs using Guid(de99b30e1e73fd14e98cc5371da25d12) Importer(2089858483,d624ce77472d68a35037170ec1d2d27e) (ScriptedImporter) -> (artifact id: '165f8c6b1ed15e2038ba9621a6e89478') in 0.0515429 seconds
Number of updated asset objects reloaded before import = 0Number of asset objects unloaded after import = 0

========================================================================
Received Import Request.
  Time since last request: 0.000016 seconds.
  path: Assets/AddOns/MgFPS_Enemy_Boss/Animations/Controllers/Railgun_R_AnimationController.controller
  artifactKey: Guid(bde6d1a8233b5b846ad96d210da50eb9) Importer(2089858483,d624ce77472d68a35037170ec1d2d27e)
Start importing Assets/AddOns/MgFPS_Enemy_Boss/Animations/Controllers/Railgun_R_AnimationController.controller using Guid(bde6d1a8233b5b846ad96d210da50eb9) Importer(2089858483,d624ce77472d68a35037170ec1d2d27e) (ScriptedImporter) -> (artifact id: 'e040dec342c20583acfa366d86f0ab58') in 0.0200882 seconds
Number of updated asset objects reloaded before import = 0Number of asset objects unloaded after import = 7

========================================================================
Received Import Request.
  Time since last request: 0.000013 seconds.
  path: Assets/AddOns/MgFPS_Molt/MoltMeshandTextures/Textures/Crosshair_Molt_Circle.png
  artifactKey: Guid(170dbf700b187234ba7620bba7e2fc9f) Importer(2089858483,d624ce77472d68a35037170ec1d2d27e)
Start importing Assets/AddOns/MgFPS_Molt/MoltMeshandTextures/Textures/Crosshair_Molt_Circle.png using Guid(170dbf700b187234ba7620bba7e2fc9f) Importer(2089858483,d624ce77472d68a35037170ec1d2d27e) (ScriptedImporter) -> (artifact id: 'd1d81283e6b88b86651ad2ec973a3d0e') in 0.0857494 seconds
Number of updated asset objects reloaded before import = 0Number of asset objects unloaded after import = 3

========================================================================
Received Import Request.
  Time since last request: 1.625752 seconds.
  path: Assets/AddOns/MgFPS_Quasar/Quasar_VFX/Materials/Quasar_Circle.mat
  artifactKey: Guid(1710584407751bd4581ec9e23eb95330) Importer(2089858483,d624ce77472d68a35037170ec1d2d27e)
Start importing Assets/AddOns/MgFPS_Quasar/Quasar_VFX/Materials/Quasar_Circle.mat using Guid(1710584407751bd4581ec9e23eb95330) Importer(2089858483,d624ce77472d68a35037170ec1d2d27e) (ScriptedImporter) -> (artifact id: '2b109284140a81f5b46b72670aef6d54') in 0.0140064 seconds
Number of updated asset objects reloaded before import = 0Number of asset objects unloaded after import = 2

========================================================================
Received Import Request.
  Time since last request: 0.000021 seconds.
  path: Assets/FPS/Art/Materials/Level/Wall_DarkGrey.mat
  artifactKey: Guid(1bb33c0d66db8ec4eb0dfefecc4c690f) Importer(2089858483,d624ce77472d68a35037170ec1d2d27e)
Start importing Assets/FPS/Art/Materials/Level/Wall_DarkGrey.mat using Guid(1bb33c0d66db8ec4eb0dfefecc4c690f) Importer(2089858483,d624ce77472d68a35037170ec1d2d27e) (ScriptedImporter) -> (artifact id: 'd245f21ac90df86ef724b042ffd811f5') in 0.0176613 seconds
Number of updated asset objects reloaded before import = 0Number of asset objects unloaded after import = 1

========================================================================
Received Import Request.
  Time since last request: 0.000029 seconds.
  path: Assets/FPS/Art/Textures/Characters/Turret_Light_Emission.png
  artifactKey: Guid(935233d8608b4e844984c64d06fd2c01) Importer(2089858483,d624ce77472d68a35037170ec1d2d27e)
Start importing Assets/FPS/Art/Textures/Characters/Turret_Light_Emission.png using Guid(935233d8608b4e844984c64d06fd2c01) Importer(2089858483,d624ce77472d68a35037170ec1d2d27e) (ScriptedImporter) -> (artifact id: '706e91b94adffa0a62d1e0134a3c75fa') in 0.0148314 seconds
Number of updated asset objects reloaded before import = 0Number of asset objects unloaded after import = 1

========================================================================
Received Import Request.
  Time since last request: 0.000016 seconds.
  path: Assets/FPS/Art/Materials/Level/Sign_Green.mat
  artifactKey: Guid(807df0a3bd5fb484687907be1b8246c0) Importer(2089858483,d624ce77472d68a35037170ec1d2d27e)
Start importing Assets/FPS/Art/Materials/Level/Sign_Green.mat using Guid(807df0a3bd5fb484687907be1b8246c0) Importer(2089858483,d624ce77472d68a35037170ec1d2d27e) (ScriptedImporter) -> (artifact id: 'ca0b43745c9f4ef2878f144ae2be94b5') in 0.0277369 seconds
Number of updated asset objects reloaded before import = 0Number of asset objects unloaded after import = 1

========================================================================
Received Import Request.
  Time since last request: 0.000018 seconds.
  path: Assets/FPS/Art/Textures/Backgrounds/Unity_skyboxBG01.png
  artifactKey: Guid(703ee319755f5a54db307a6a3aa88b73) Importer(2089858483,d624ce77472d68a35037170ec1d2d27e)
Start importing Assets/FPS/Art/Textures/Backgrounds/Unity_skyboxBG01.png using Guid(703ee319755f5a54db307a6a3aa88b73) Importer(2089858483,d624ce77472d68a35037170ec1d2d27e) (ScriptedImporter) -> (artifact id: 'e26534ec3a0c563d4649a2a8f7f2ab4b') in 0.0142358 seconds
Number of updated asset objects reloaded before import = 0Number of asset objects unloaded after import = 3

========================================================================
Received Import Request.
  Time since last request: 0.000016 seconds.
  path: Assets/FPS/Art/Textures/Props/StatueBig_Albedo.png
  artifactKey: Guid(4541db27285eb5f448988d692cc9c217) Importer(2089858483,d624ce77472d68a35037170ec1d2d27e)
Start importing Assets/FPS/Art/Textures/Props/StatueBig_Albedo.png using Guid(4541db27285eb5f448988d692cc9c217) Importer(2089858483,d624ce77472d68a35037170ec1d2d27e) (ScriptedImporter) -> (artifact id: '59c8c98e55cedbf3cea2c6f0b026d203') in 0.0672179 seconds
Number of updated asset objects reloaded before import = 0Number of asset objects unloaded after import = 1

========================================================================
Received Import Request.
  Time since last request: 0.000023 seconds.
  path: Assets/FPS/Prefabs/Level/BaseObjects/Ramp_3m_Mesh.prefab
  artifactKey: Guid(e2b37056c9c4c0b4c808ca97af52c753) Importer(2089858483,d624ce77472d68a35037170ec1d2d27e)
Start importing Assets/FPS/Prefabs/Level/BaseObjects/Ramp_3m_Mesh.prefab using Guid(e2b37056c9c4c0b4c808ca97af52c753) Importer(2089858483,d624ce77472d68a35037170ec1d2d27e) (ScriptedImporter) -> (artifact id: '837ed81b2eb6f93d29832456011215b2') in 0.0255424 seconds
Number of updated asset objects reloaded before import = 0Number of asset objects unloaded after import = 9

========================================================================
Received Import Request.
  Time since last request: 0.000016 seconds.
  path: Assets/FPS/Prefabs/Level/Dungeon/Dun_DeadEnd.prefab
  artifactKey: Guid(321d2a485bfb5d34bb45484bb8f7f6f5) Importer(2089858483,d624ce77472d68a35037170ec1d2d27e)
Start importing Assets/FPS/Prefabs/Level/Dungeon/Dun_DeadEnd.prefab using Guid(321d2a485bfb5d34bb45484bb8f7f6f5) Importer(2089858483,d624ce77472d68a35037170ec1d2d27e) (ScriptedImporter) -> (artifact id: '275025858e8d34cfc06f4c92de2350f5') in 0.0239855 seconds
Number of updated asset objects reloaded before import = 0Number of asset objects unloaded after import = 137

========================================================================
Received Import Request.
  Time since last request: 0.000015 seconds.
  path: Assets/FPS/Art/Textures/VFX/ThickSmoke.png
  artifactKey: Guid(aed838cea56e857469d0647f335cc3e6) Importer(2089858483,d624ce77472d68a35037170ec1d2d27e)
Start importing Assets/FPS/Art/Textures/VFX/ThickSmoke.png using Guid(aed838cea56e857469d0647f335cc3e6) Importer(2089858483,d624ce77472d68a35037170ec1d2d27e) (ScriptedImporter) -> (artifact id: '71778c566840b3956cfd142308e25cdd') in 0.0257675 seconds
Number of updated asset objects reloaded before import = 0Number of asset objects unloaded after import = 1

========================================================================
Received Import Request.
  Time since last request: 0.000017 seconds.
  path: Assets/FPS/Audio/SFX/Pickups/Pickup_Jetpack.wav
  artifactKey: Guid(9c793d7183ca03e4fbf328175291cee4) Importer(2089858483,d624ce77472d68a35037170ec1d2d27e)
Start importing Assets/FPS/Audio/SFX/Pickups/Pickup_Jetpack.wav using Guid(9c793d7183ca03e4fbf328175291cee4) Importer(2089858483,d624ce77472d68a35037170ec1d2d27e) (ScriptedImporter) -> (artifact id: 'e371403191e1dbee79207f7c040ffa23') in 0.0305899 seconds
Number of updated asset objects reloaded before import = 0Number of asset objects unloaded after import = 1

========================================================================
Received Import Request.
  Time since last request: 0.000030 seconds.
  path: Assets/AddOns/MgFPS_Vaporizer/VaporizerMeshAndTexture/Textures/Vaporizer_AlbedoTransparency.png
  artifactKey: Guid(892e466256abe364d8ff6c8c89ad633d) Importer(2089858483,d624ce77472d68a35037170ec1d2d27e)
Start importing Assets/AddOns/MgFPS_Vaporizer/VaporizerMeshAndTexture/Textures/Vaporizer_AlbedoTransparency.png using Guid(892e466256abe364d8ff6c8c89ad633d) Importer(2089858483,d624ce77472d68a35037170ec1d2d27e) (ScriptedImporter) -> (artifact id: '6152c0a37d5e0899650b3a046d02d57d') in 0.0165128 seconds
Number of updated asset objects reloaded before import = 0Number of asset objects unloaded after import = 1

========================================================================
Received Import Request.
  Time since last request: 0.000013 seconds.
  path: Assets/FPS/Prefabs/Level/Dungeon/Dun_BigDoor.prefab
  artifactKey: Guid(7bb3ef68f11ffa04fac728ad3fdaccc7) Importer(2089858483,d624ce77472d68a35037170ec1d2d27e)
Start importing Assets/FPS/Prefabs/Level/Dungeon/Dun_BigDoor.prefab using Guid(7bb3ef68f11ffa04fac728ad3fdaccc7) Importer(2089858483,d624ce77472d68a35037170ec1d2d27e) (ScriptedImporter) -> (artifact id: '34e6ef2caf93a4084688102a3b6eb5fd') in 0.0132827 seconds
Number of updated asset objects reloaded before import = 0Number of asset objects unloaded after import = 10

========================================================================
Received Import Request.
  Time since last request: 0.000016 seconds.
  path: Assets/FPS/Prefabs/Level/Floors/Floor_Medium.prefab
  artifactKey: Guid(4612dab1e987c984e8995eb7732fd0d0) Importer(2089858483,d624ce77472d68a35037170ec1d2d27e)
Start importing Assets/FPS/Prefabs/Level/Floors/Floor_Medium.prefab using Guid(4612dab1e987c984e8995eb7732fd0d0) Importer(2089858483,d624ce77472d68a35037170ec1d2d27e) (ScriptedImporter) -> (artifact id: 'c5642bb34e3370935a3c426f5b91398b') in 0.015466 seconds
Number of updated asset objects reloaded before import = 0Number of asset objects unloaded after import = 594

========================================================================
Received Import Request.
  Time since last request: 0.000015 seconds.
  path: Assets/FPS/Prefabs/Level/Stairwell/Stairs_Small.prefab
  artifactKey: Guid(7108e150085af0d4fb586ff1f856a7f2) Importer(2089858483,d624ce77472d68a35037170ec1d2d27e)
Start importing Assets/FPS/Prefabs/Level/Stairwell/Stairs_Small.prefab using Guid(7108e150085af0d4fb586ff1f856a7f2) Importer(2089858483,d624ce77472d68a35037170ec1d2d27e) (ScriptedImporter) -> (artifact id: 'b66d8d5a9c3120fe1dcd5083c4c8355e') in 0.0171246 seconds
Number of updated asset objects reloaded before import = 0Number of asset objects unloaded after import = 69

========================================================================
Received Import Request.
  Time since last request: 0.000026 seconds.
  path: Assets/FPS/Art/Textures/Props/WallStatue_Normal.png
  artifactKey: Guid(48c0e96ebfb39ae468590e4983df332d) Importer(2089858483,d624ce77472d68a35037170ec1d2d27e)
Start importing Assets/FPS/Art/Textures/Props/WallStatue_Normal.png using Guid(48c0e96ebfb39ae468590e4983df332d) Importer(2089858483,d624ce77472d68a35037170ec1d2d27e) (ScriptedImporter) -> (artifact id: '161674df314d55a8fa3a375638f6ebb6') in 0.0162296 seconds
Number of updated asset objects reloaded before import = 0Number of asset objects unloaded after import = 1

========================================================================
Received Import Request.
  Time since last request: 0.000018 seconds.
  path: Assets/FPS/Art/Textures/VFX/Dot.png
  artifactKey: Guid(ce57ca4803e293c4a9a27fb9d7a28063) Importer(2089858483,d624ce77472d68a35037170ec1d2d27e)
Start importing Assets/FPS/Art/Textures/VFX/Dot.png using Guid(ce57ca4803e293c4a9a27fb9d7a28063) Importer(2089858483,d624ce77472d68a35037170ec1d2d27e) (ScriptedImporter) -> (artifact id: '43cc58a0c752f9535d4cbd632e6570e6') in 0.0168381 seconds
Number of updated asset objects reloaded before import = 0Number of asset objects unloaded after import = 1

========================================================================
Received Import Request.
  Time since last request: 0.000015 seconds.
  path: Assets/FPS/Art/Materials/Level/Sign_Blue_Transparent.mat
  artifactKey: Guid(79c0d93b237b09b41aa23121f5b9599c) Importer(2089858483,d624ce77472d68a35037170ec1d2d27e)
Start importing Assets/FPS/Art/Materials/Level/Sign_Blue_Transparent.mat using Guid(79c0d93b237b09b41aa23121f5b9599c) Importer(2089858483,d624ce77472d68a35037170ec1d2d27e) (ScriptedImporter) -> (artifact id: '3404ea1fb0e3d8d1fc7e76662a3b9703') in 0.0135024 seconds
Number of updated asset objects reloaded before import = 0Number of asset objects unloaded after import = 1

========================================================================
Received Import Request.
  Time since last request: 0.000023 seconds.
  path: Assets/FPS/Prefabs/PBObjects/Ramps/PBRamp_3m.prefab
  artifactKey: Guid(ad782b64af8253a4d93ead7507322ce2) Importer(2089858483,d624ce77472d68a35037170ec1d2d27e)
Start importing Assets/FPS/Prefabs/PBObjects/Ramps/PBRamp_3m.prefab using Guid(ad782b64af8253a4d93ead7507322ce2) Importer(2089858483,d624ce77472d68a35037170ec1d2d27e) (ScriptedImporter) -> (artifact id: 'b29de10e806e41c33451b70035316a90') in 0.0235209 seconds
Number of updated asset objects reloaded before import = 0Number of asset objects unloaded after import = 12

========================================================================
Received Import Request.
  Time since last request: 0.000020 seconds.
  path: Assets/CodeMonkey/KeyDoorSystem/Objects/Keys/KeyGreen.asset
  artifactKey: Guid(8fc52324ef5217440b2030626a95412e) Importer(2089858483,d624ce77472d68a35037170ec1d2d27e)
Start importing Assets/CodeMonkey/KeyDoorSystem/Objects/Keys/KeyGreen.asset using Guid(8fc52324ef5217440b2030626a95412e) Importer(2089858483,d624ce77472d68a35037170ec1d2d27e) (ScriptedImporter) -> (artifact id: 'deeaf71e0496ab0aeb7e0c66f7e847bc') in 0.0132171 seconds
Number of updated asset objects reloaded before import = 0Number of asset objects unloaded after import = 1

========================================================================
Received Import Request.
  Time since last request: 0.000016 seconds.
  path: Assets/FPS/Art/Textures/Weapons/Blaster_Albedo.png
  artifactKey: Guid(2c9688f40fc3cee4385095385978b2a1) Importer(2089858483,d624ce77472d68a35037170ec1d2d27e)
Start importing Assets/FPS/Art/Textures/Weapons/Blaster_Albedo.png using Guid(2c9688f40fc3cee4385095385978b2a1) Importer(2089858483,d624ce77472d68a35037170ec1d2d27e) (ScriptedImporter) -> (artifact id: 'b5086df8312dd4d062a66230df76bf0b') in 0.4231991 seconds
Number of updated asset objects reloaded before import = 0Number of asset objects unloaded after import = 1

========================================================================
Received Import Request.
  Time since last request: 0.000017 seconds.
  path: Assets/FPS/Prefabs/PBObjects/Walls/PBWall_Window.prefab
  artifactKey: Guid(1f81e25ff05c9e043bba6b808c8a25ab) Importer(2089858483,d624ce77472d68a35037170ec1d2d27e)
Start importing Assets/FPS/Prefabs/PBObjects/Walls/PBWall_Window.prefab using Guid(1f81e25ff05c9e043bba6b808c8a25ab) Importer(2089858483,d624ce77472d68a35037170ec1d2d27e) (ScriptedImporter) -> (artifact id: '318e731be2e2bcf0bcfa8a2b626074ca') in 0.0520289 seconds
Number of updated asset objects reloaded before import = 0Number of asset objects unloaded after import = 11

========================================================================
Received Import Request.
  Time since last request: 0.000031 seconds.
  path: Assets/FPS/Art/Textures/UI/Crosshair_Blaster_Center.png
  artifactKey: Guid(2b5b80f3ebc88174a8c662e280fdb09c) Importer(2089858483,d624ce77472d68a35037170ec1d2d27e)
Start importing Assets/FPS/Art/Textures/UI/Crosshair_Blaster_Center.png using Guid(2b5b80f3ebc88174a8c662e280fdb09c) Importer(2089858483,d624ce77472d68a35037170ec1d2d27e) (ScriptedImporter) -> (artifact id: '0adad7fc58708e9827530700f2db3499') in 0.0152051 seconds
Number of updated asset objects reloaded before import = 0Number of asset objects unloaded after import = 3

========================================================================
Received Import Request.
  Time since last request: 0.000014 seconds.
  path: Assets/FPS/Prefabs/Level/Dungeon/Dun_Hall_Corner.prefab
  artifactKey: Guid(e523504ee4a69944d86007881a6784b2) Importer(2089858483,d624ce77472d68a35037170ec1d2d27e)
Start importing Assets/FPS/Prefabs/Level/Dungeon/Dun_Hall_Corner.prefab using Guid(e523504ee4a69944d86007881a6784b2) Importer(2089858483,d624ce77472d68a35037170ec1d2d27e) (ScriptedImporter) -> (artifact id: '348c3929d7b7ed573da10f7d210714e1') in 0.0407202 seconds
Number of updated asset objects reloaded before import = 0Number of asset objects unloaded after import = 269

========================================================================
Received Import Request.
  Time since last request: 0.000017 seconds.
  path: Assets/FPS/Tutorials/BuildAndPublish/Criteria/PublishCriteria.asset
  artifactKey: Guid(43f99256ccd065c47b41dc50b89eb706) Importer(2089858483,d624ce77472d68a35037170ec1d2d27e)
Start importing Assets/FPS/Tutorials/BuildAndPublish/Criteria/PublishCriteria.asset using Guid(43f99256ccd065c47b41dc50b89eb706) Importer(2089858483,d624ce77472d68a35037170ec1d2d27e) (ScriptedImporter) -> (artifact id: '38e482d89db74d732e8fa8a7b8ea1ad4') in 0.0160342 seconds
Number of updated asset objects reloaded before import = 0Number of asset objects unloaded after import = 1

========================================================================
Received Import Request.
  Time since last request: 0.000026 seconds.
  path: Assets/FPS/Prefabs/Level/Floors/Floor_Indented.prefab
  artifactKey: Guid(abcb588193ebfd042bff8971a9702e8b) Importer(2089858483,d624ce77472d68a35037170ec1d2d27e)
Start importing Assets/FPS/Prefabs/Level/Floors/Floor_Indented.prefab using Guid(abcb588193ebfd042bff8971a9702e8b) Importer(2089858483,d624ce77472d68a35037170ec1d2d27e) (ScriptedImporter) -> (artifact id: '9aea2c0e165c9181f9f9852de3045288') in 0.0635555 seconds
Number of updated asset objects reloaded before import = 0Number of asset objects unloaded after import = 10

========================================================================
Received Import Request.
  Time since last request: 0.000015 seconds.
  path: Assets/FPS/Prefabs/PBObjects/Ramps/PBRamp_8m.prefab
  artifactKey: Guid(f03291e8b6778d141b37da534b79e2b5) Importer(2089858483,d624ce77472d68a35037170ec1d2d27e)
Start importing Assets/FPS/Prefabs/PBObjects/Ramps/PBRamp_8m.prefab using Guid(f03291e8b6778d141b37da534b79e2b5) Importer(2089858483,d624ce77472d68a35037170ec1d2d27e) (ScriptedImporter) -> (artifact id: '731cade59c996d075604caceed887f66') in 0.0322651 seconds
Number of updated asset objects reloaded before import = 0Number of asset objects unloaded after import = 9

========================================================================
Received Import Request.
  Time since last request: 0.000020 seconds.
  path: Assets/FPS/Art/Materials/VFX/Projectile_red.mat
  artifactKey: Guid(fe10a01f7f670b144936b99b7a5a468f) Importer(2089858483,d624ce77472d68a35037170ec1d2d27e)
Start importing Assets/FPS/Art/Materials/VFX/Projectile_red.mat using Guid(fe10a01f7f670b144936b99b7a5a468f) Importer(2089858483,d624ce77472d68a35037170ec1d2d27e) (ScriptedImporter) -> (artifact id: 'df79f67ff4aea105590ba5b50f26abbe') in 0.0149253 seconds
Number of updated asset objects reloaded before import = 0Number of asset objects unloaded after import = 2

========================================================================
Received Import Request.
  Time since last request: 0.000031 seconds.
  path: Assets/AddOns/MgFPS_Enemy_Boss/Audio/SFX/Boss/Attack/PhotonCannon.wav
  artifactKey: Guid(3d4222c2140a74a4e842c646c6da79f6) Importer(2089858483,d624ce77472d68a35037170ec1d2d27e)
Start importing Assets/AddOns/MgFPS_Enemy_Boss/Audio/SFX/Boss/Attack/PhotonCannon.wav using Guid(3d4222c2140a74a4e842c646c6da79f6) Importer(2089858483,d624ce77472d68a35037170ec1d2d27e) (ScriptedImporter) -> (artifact id: '867e7afb4b5adc68fd2de53b58fe47ce') in 0.0365548 seconds
Number of updated asset objects reloaded before import = 0Number of asset objects unloaded after import = 1

========================================================================
Received Import Request.
  Time since last request: 0.000017 seconds.
  path: Assets/FPS/Art/Materials/VFX/Lazer_Red.mat
  artifactKey: Guid(530af3a8082ffb14897ac6b74259b8a1) Importer(2089858483,d624ce77472d68a35037170ec1d2d27e)
Start importing Assets/FPS/Art/Materials/VFX/Lazer_Red.mat using Guid(530af3a8082ffb14897ac6b74259b8a1) Importer(2089858483,d624ce77472d68a35037170ec1d2d27e) (ScriptedImporter) -> (artifact id: '5d7ee624489ba2e33905ff4394bd4a27') in 0.0139246 seconds
Number of updated asset objects reloaded before import = 0Number of asset objects unloaded after import = 1

========================================================================
Received Import Request.
  Time since last request: 0.000016 seconds.
  path: Assets/FPS/Prefabs/Level/Stairwell/Stairwell_Small.prefab
  artifactKey: Guid(80158efd6c78bab4e9903f1286f5409d) Importer(2089858483,d624ce77472d68a35037170ec1d2d27e)
Start importing Assets/FPS/Prefabs/Level/Stairwell/Stairwell_Small.prefab using Guid(80158efd6c78bab4e9903f1286f5409d) Importer(2089858483,d624ce77472d68a35037170ec1d2d27e) (ScriptedImporter) -> (artifact id: 'dc39514fe4c4a407a41b9b7f1ba8033d') in 0.0239785 seconds
Number of updated asset objects reloaded before import = 0Number of asset objects unloaded after import = 173

========================================================================
Received Import Request.
  Time since last request: 0.000020 seconds.
  path: Assets/FPS/Prefabs/Level/Catwalk/Cat_Corner.prefab
  artifactKey: Guid(6ee78a789f6c76e4283d0503654c2859) Importer(2089858483,d624ce77472d68a35037170ec1d2d27e)
Start importing Assets/FPS/Prefabs/Level/Catwalk/Cat_Corner.prefab using Guid(6ee78a789f6c76e4283d0503654c2859) Importer(2089858483,d624ce77472d68a35037170ec1d2d27e) (ScriptedImporter) -> (artifact id: '5da8a7d6ff752428f22953a12fdaad45') in 0.0408219 seconds
Number of updated asset objects reloaded before import = 0Number of asset objects unloaded after import = 34

========================================================================
Received Import Request.
  Time since last request: 0.000024 seconds.
  path: Assets/AddOns/MgFPS_Thunderlight/Thunderlight_VFX/Materials/Flash.mat
  artifactKey: Guid(4d3d9e9d80dbff0488295c198d3d7c1f) Importer(2089858483,d624ce77472d68a35037170ec1d2d27e)
Start importing Assets/AddOns/MgFPS_Thunderlight/Thunderlight_VFX/Materials/Flash.mat using Guid(4d3d9e9d80dbff0488295c198d3d7c1f) Importer(2089858483,d624ce77472d68a35037170ec1d2d27e) (ScriptedImporter) -> (artifact id: 'dc0127192cbcc698514cac6e25d1cf31') in 0.0236892 seconds
Number of updated asset objects reloaded before import = 0Number of asset objects unloaded after import = 2

========================================================================
Received Import Request.
  Time since last request: 0.000018 seconds.
  path: Assets/FPS/Art/Materials/Level/Floor_Grey_Transparent.mat
  artifactKey: Guid(a8a1aa4818fa7e945b782b5b93f3c3f5) Importer(2089858483,d624ce77472d68a35037170ec1d2d27e)
Start importing Assets/FPS/Art/Materials/Level/Floor_Grey_Transparent.mat using Guid(a8a1aa4818fa7e945b782b5b93f3c3f5) Importer(2089858483,d624ce77472d68a35037170ec1d2d27e) (ScriptedImporter) -> (artifact id: 'eeaade24f89d1bb823a96c3741e87410') in 0.0234223 seconds
Number of updated asset objects reloaded before import = 0Number of asset objects unloaded after import = 1

========================================================================
Received Import Request.
  Time since last request: 0.000020 seconds.
  path: Assets/FPS/Art/Textures/Pickups/Jetpack__Normal.png
  artifactKey: Guid(57271020c385379499e0d0e0ad84824c) Importer(2089858483,d624ce77472d68a35037170ec1d2d27e)
Start importing Assets/FPS/Art/Textures/Pickups/Jetpack__Normal.png using Guid(57271020c385379499e0d0e0ad84824c) Importer(2089858483,d624ce77472d68a35037170ec1d2d27e) (ScriptedImporter) -> (artifact id: 'd353137b6eeeacd12f1290037d76db31') in 0.0275767 seconds
Number of updated asset objects reloaded before import = 0Number of asset objects unloaded after import = 1

========================================================================
Received Import Request.
  Time since last request: 0.000021 seconds.
  path: Assets/FPS/Art/Materials/Props/Jetpack.mat
  artifactKey: Guid(2163f1532b18af3478e39475952f1ae7) Importer(2089858483,d624ce77472d68a35037170ec1d2d27e)
Start importing Assets/FPS/Art/Materials/Props/Jetpack.mat using Guid(2163f1532b18af3478e39475952f1ae7) Importer(2089858483,d624ce77472d68a35037170ec1d2d27e) (ScriptedImporter) -> (artifact id: 'c00748eca1ac9866886dc57c6674e543') in 0.0535707 seconds
Number of updated asset objects reloaded before import = 0Number of asset objects unloaded after import = 5

========================================================================
Received Import Request.
  Time since last request: 0.000028 seconds.
  path: Assets/FPS/Prefabs/PBObjects/Signs/Pyramid_Sign.obj
  artifactKey: Guid(8b30135d3ebbf57468d16c0fecd1cff0) Importer(2089858483,d624ce77472d68a35037170ec1d2d27e)
Start importing Assets/FPS/Prefabs/PBObjects/Signs/Pyramid_Sign.obj using Guid(8b30135d3ebbf57468d16c0fecd1cff0) Importer(2089858483,d624ce77472d68a35037170ec1d2d27e) (ScriptedImporter) -> (artifact id: '179d8538ef22aebf94ae9e73d957e3e8') in 0.0144483 seconds
Number of updated asset objects reloaded before import = 0Number of asset objects unloaded after import = 10

========================================================================
Received Import Request.
  Time since last request: 0.000017 seconds.
  path: Assets/AddOns/MgFPS_Enemy_Boss/Audio/SFX/Boss/Detection/TVModule_EnemyDetected01.wav
  artifactKey: Guid(8478e678f940b5144a96b2495870840e) Importer(2089858483,d624ce77472d68a35037170ec1d2d27e)
Start importing Assets/AddOns/MgFPS_Enemy_Boss/Audio/SFX/Boss/Detection/TVModule_EnemyDetected01.wav using Guid(8478e678f940b5144a96b2495870840e) Importer(2089858483,d624ce77472d68a35037170ec1d2d27e) (ScriptedImporter) -> (artifact id: '19ae11b6f543a55e7f59153073547da8') in 0.027945 seconds
Number of updated asset objects reloaded before import = 0Number of asset objects unloaded after import = 1

========================================================================
Received Import Request.
  Time since last request: 0.000014 seconds.
  path: Assets/FPS/Prefabs/Level/BaseObjects/Floor_HalfIndented_Mesh.prefab
  artifactKey: Guid(d207437c57685d148828d9db69949ca2) Importer(2089858483,d624ce77472d68a35037170ec1d2d27e)
Start importing Assets/FPS/Prefabs/Level/BaseObjects/Floor_HalfIndented_Mesh.prefab using Guid(d207437c57685d148828d9db69949ca2) Importer(2089858483,d624ce77472d68a35037170ec1d2d27e) (ScriptedImporter) -> (artifact id: '5106f49c499ad347c6c7fede33dba183') in 0.0162418 seconds
Number of updated asset objects reloaded before import = 0Number of asset objects unloaded after import = 10

========================================================================
Received Import Request.
  Time since last request: 0.000016 seconds.
  path: Assets/FPS/Art/Materials/VFX/DiskExplosionRange.mat
  artifactKey: Guid(4f2fb46f738b103429ec2625eeb40639) Importer(2089858483,d624ce77472d68a35037170ec1d2d27e)
Start importing Assets/FPS/Art/Materials/VFX/DiskExplosionRange.mat using Guid(4f2fb46f738b103429ec2625eeb40639) Importer(2089858483,d624ce77472d68a35037170ec1d2d27e) (ScriptedImporter) -> (artifact id: '71ab8f0a90fb3cb73ad2ae3ce5dc342c') in 0.0135797 seconds
Number of updated asset objects reloaded before import = 0Number of asset objects unloaded after import = 2

========================================================================
Received Import Request.
  Time since last request: 0.000025 seconds.
  path: Assets/AddOns/MgFPS_Vaporizer/VaporizerMeshAndTexture/Textures/Vaporizer_MaskMap.png
  artifactKey: Guid(117cfeb4b47b69f44822b8ea2a21e2fd) Importer(2089858483,d624ce77472d68a35037170ec1d2d27e)
Start importing Assets/AddOns/MgFPS_Vaporizer/VaporizerMeshAndTexture/Textures/Vaporizer_MaskMap.png using Guid(117cfeb4b47b69f44822b8ea2a21e2fd) Importer(2089858483,d624ce77472d68a35037170ec1d2d27e) (ScriptedImporter) -> (artifact id: 'c7ba27a1119e9cee390f8a0ee3613c68') in 0.0170787 seconds
Number of updated asset objects reloaded before import = 0Number of asset objects unloaded after import = 1

========================================================================
Received Import Request.
  Time since last request: 0.000017 seconds.
  path: Assets/FPS/Scripts/Gameplay/Objectives/ObjectiveKillEnemies.cs
  artifactKey: Guid(a3cff9918d8018a44989bf444e3232f3) Importer(2089858483,d624ce77472d68a35037170ec1d2d27e)
Start importing Assets/FPS/Scripts/Gameplay/Objectives/ObjectiveKillEnemies.cs using Guid(a3cff9918d8018a44989bf444e3232f3) Importer(2089858483,d624ce77472d68a35037170ec1d2d27e) (ScriptedImporter) -> (artifact id: 'f4b4bba74dc90a3d0698a6690c68940d') in 0.0121887 seconds
Number of updated asset objects reloaded before import = 0Number of asset objects unloaded after import = 0

========================================================================
Received Import Request.
  Time since last request: 0.000018 seconds.
  path: Assets/FPS/Art/Textures/UI/Crosshair_Drop.png
  artifactKey: Guid(14aa1febcf423c84997aa10d7ff64d17) Importer(2089858483,d624ce77472d68a35037170ec1d2d27e)
Start importing Assets/FPS/Art/Textures/UI/Crosshair_Drop.png using Guid(14aa1febcf423c84997aa10d7ff64d17) Importer(2089858483,d624ce77472d68a35037170ec1d2d27e) (ScriptedImporter) -> (artifact id: '93aa541d556973ab3fdf38fdf64ba8fc') in 0.0192989 seconds
Number of updated asset objects reloaded before import = 0Number of asset objects unloaded after import = 3

========================================================================
Received Import Request.
  Time since last request: 0.000023 seconds.
  path: Assets/AddOns/MgFPS_Vaporizer/VaporizerMeshAndTexture/Textures/Vaporizer_AmbientOcclusion.png
  artifactKey: Guid(4c97bc4812abab646ae6c38cd18720e7) Importer(2089858483,d624ce77472d68a35037170ec1d2d27e)
Start importing Assets/AddOns/MgFPS_Vaporizer/VaporizerMeshAndTexture/Textures/Vaporizer_AmbientOcclusion.png using Guid(4c97bc4812abab646ae6c38cd18720e7) Importer(2089858483,d624ce77472d68a35037170ec1d2d27e) (ScriptedImporter) -> (artifact id: '93f7acc78f895c69a629948bf4e0c658') in 0.1897242 seconds
Number of updated asset objects reloaded before import = 0Number of asset objects unloaded after import = 1

========================================================================
Received Import Request.
  Time since last request: 0.000023 seconds.
  path: Assets/FPS/Art/Materials/VFX/PickupSparkles.mat
  artifactKey: Guid(bd15f58914d13654ea82dac46526077b) Importer(2089858483,d624ce77472d68a35037170ec1d2d27e)
Start importing Assets/FPS/Art/Materials/VFX/PickupSparkles.mat using Guid(bd15f58914d13654ea82dac46526077b) Importer(2089858483,d624ce77472d68a35037170ec1d2d27e) (ScriptedImporter) -> (artifact id: '7e5e18cb70188adade4f9b0f88199cab') in 0.0549032 seconds
Number of updated asset objects reloaded before import = 0Number of asset objects unloaded after import = 2

========================================================================
Received Import Request.
  Time since last request: 0.000017 seconds.
  path: Assets/FPS/Art/Materials/Enemies/Turret_Glass.mat
  artifactKey: Guid(b4ed14065adcea64a970450dc529bdef) Importer(2089858483,d624ce77472d68a35037170ec1d2d27e)
Start importing Assets/FPS/Art/Materials/Enemies/Turret_Glass.mat using Guid(b4ed14065adcea64a970450dc529bdef) Importer(2089858483,d624ce77472d68a35037170ec1d2d27e) (ScriptedImporter) -> (artifact id: '862c4d7b3cb8352b1bc5d070ff658460') in 0.013706 seconds
Number of updated asset objects reloaded before import = 0Number of asset objects unloaded after import = 2

========================================================================
Received Import Request.
  Time since last request: 0.000021 seconds.
  path: Assets/FPS/Art/Materials/Enemies/Turret_Eye.mat
  artifactKey: Guid(778fbfe9a7e4a96418b9312dbfc4d67c) Importer(2089858483,d624ce77472d68a35037170ec1d2d27e)
Start importing Assets/FPS/Art/Materials/Enemies/Turret_Eye.mat using Guid(778fbfe9a7e4a96418b9312dbfc4d67c) Importer(2089858483,d624ce77472d68a35037170ec1d2d27e) (ScriptedImporter) -> (artifact id: 'c7c4995df39c3309b1307e76e5da3f27') in 0.0135001 seconds
Number of updated asset objects reloaded before import = 0Number of asset objects unloaded after import = 2

========================================================================
Received Import Request.
  Time since last request: 0.000027 seconds.
  path: Assets/AddOns/MgFPS_Thunderlight/Thunderlight_VFX/Textures/Smoke.png
  artifactKey: Guid(b4901b756fada4d4b8b4f5fcd985aa3d) Importer(2089858483,d624ce77472d68a35037170ec1d2d27e)
Start importing Assets/AddOns/MgFPS_Thunderlight/Thunderlight_VFX/Textures/Smoke.png using Guid(b4901b756fada4d4b8b4f5fcd985aa3d) Importer(2089858483,d624ce77472d68a35037170ec1d2d27e) (ScriptedImporter) -> (artifact id: '4c203836182f3a13b334266fa6235383') in 0.0527342 seconds
Number of updated asset objects reloaded before import = 0Number of asset objects unloaded after import = 1

========================================================================
Received Import Request.
  Time since last request: 0.000018 seconds.
  path: Assets/FPS/Art/Textures/UI/Radar_Enemy_Icon.png
  artifactKey: Guid(f960e1e0f9c28f346bcff536efd27f78) Importer(2089858483,d624ce77472d68a35037170ec1d2d27e)
Start importing Assets/FPS/Art/Textures/UI/Radar_Enemy_Icon.png using Guid(f960e1e0f9c28f346bcff536efd27f78) Importer(2089858483,d624ce77472d68a35037170ec1d2d27e) (ScriptedImporter) -> (artifact id: 'aa57131a90aa6b5cf090415217829481') in 0.0606223 seconds
Number of updated asset objects reloaded before import = 0Number of asset objects unloaded after import = 3

========================================================================
Received Import Request.
  Time since last request: 0.000022 seconds.
  path: Assets/FPS/Audio/SFX/Pickups/Pickup_Health.wav
  artifactKey: Guid(8dfdbc346713580429db9079ad1ff964) Importer(2089858483,d624ce77472d68a35037170ec1d2d27e)
Start importing Assets/FPS/Audio/SFX/Pickups/Pickup_Health.wav using Guid(8dfdbc346713580429db9079ad1ff964) Importer(2089858483,d624ce77472d68a35037170ec1d2d27e) (ScriptedImporter) -> (artifact id: 'fa79a57953a74cc30b1d538476b20a47') in 0.0740252 seconds
Number of updated asset objects reloaded before import = 0Number of asset objects unloaded after import = 1

========================================================================
Received Import Request.
  Time since last request: 0.000025 seconds.
  path: Assets/FPS/Prefabs/Level/Steps/HighStep_Triple.prefab
  artifactKey: Guid(84faee66b06b51e4291375b5ff54957e) Importer(2089858483,d624ce77472d68a35037170ec1d2d27e)
Start importing Assets/FPS/Prefabs/Level/Steps/HighStep_Triple.prefab using Guid(84faee66b06b51e4291375b5ff54957e) Importer(2089858483,d624ce77472d68a35037170ec1d2d27e) (ScriptedImporter) -> (artifact id: 'a84a022734e7f9f69d8b3475a227c1b2') in 0.0225227 seconds
Number of updated asset objects reloaded before import = 0Number of asset objects unloaded after import = 176

========================================================================
Received Import Request.
  Time since last request: 0.000018 seconds.
  path: Assets/FPS/Prefabs/Level/Dungeon/Dun_Tower.prefab
  artifactKey: Guid(8417428a3ba2f8946ab5205bd869364b) Importer(2089858483,d624ce77472d68a35037170ec1d2d27e)
Start importing Assets/FPS/Prefabs/Level/Dungeon/Dun_Tower.prefab using Guid(8417428a3ba2f8946ab5205bd869364b) Importer(2089858483,d624ce77472d68a35037170ec1d2d27e) (ScriptedImporter) -> (artifact id: 'cd2d1b82f7152d87bffcb999d4f0e1e7') in 0.0132136 seconds
Number of updated asset objects reloaded before import = 0Number of asset objects unloaded after import = 181

========================================================================
Received Import Request.
  Time since last request: 0.000016 seconds.
  path: Assets/FPS/Art/Materials/Enemies/HoverBot_Glass.mat
  artifactKey: Guid(e203bd207390a174692e7fe5d381d0aa) Importer(2089858483,d624ce77472d68a35037170ec1d2d27e)
Start importing Assets/FPS/Art/Materials/Enemies/HoverBot_Glass.mat using Guid(e203bd207390a174692e7fe5d381d0aa) Importer(2089858483,d624ce77472d68a35037170ec1d2d27e) (ScriptedImporter) -> (artifact id: 'd715b40ea463e30368a3203969972f48') in 0.0521249 seconds
Number of updated asset objects reloaded before import = 0Number of asset objects unloaded after import = 3

========================================================================
Received Import Request.
  Time since last request: 0.000020 seconds.
  path: Assets/FPS/Art/Materials/Weapons/WeaponPistol.mat
  artifactKey: Guid(0c55f53a7bb3c354ababeb18b89c2fce) Importer(2089858483,d624ce77472d68a35037170ec1d2d27e)
Start importing Assets/FPS/Art/Materials/Weapons/WeaponPistol.mat using Guid(0c55f53a7bb3c354ababeb18b89c2fce) Importer(2089858483,d624ce77472d68a35037170ec1d2d27e) (ScriptedImporter) -> (artifact id: '1ea0455a69adfc9df6a3e20fa3d1ae16') in 0.0162954 seconds
Number of updated asset objects reloaded before import = 0Number of asset objects unloaded after import = 6

========================================================================
Received Import Request.
  Time since last request: 0.000025 seconds.
  path: Assets/AddOns/MgFPS_Vaporizer/VaporizerMeshAndTexture/Materials/Vaporizer_Main.mat
  artifactKey: Guid(96db4fa30e575834480ef84a1ecf66b7) Importer(2089858483,d624ce77472d68a35037170ec1d2d27e)
Start importing Assets/AddOns/MgFPS_Vaporizer/VaporizerMeshAndTexture/Materials/Vaporizer_Main.mat using Guid(96db4fa30e575834480ef84a1ecf66b7) Importer(2089858483,d624ce77472d68a35037170ec1d2d27e) (ScriptedImporter) -> (artifact id: '29751d0bca4f250564c7d9f220bac9f5') in 0.0195405 seconds
Number of updated asset objects reloaded before import = 0Number of asset objects unloaded after import = 6

========================================================================
Received Import Request.
  Time since last request: 0.000019 seconds.
  path: Assets/FPS/Prefabs/Level/Steps/ShortSteps_Inverted.prefab
  artifactKey: Guid(ed3df5433ae26c54e957a9626daf8332) Importer(2089858483,d624ce77472d68a35037170ec1d2d27e)
Start importing Assets/FPS/Prefabs/Level/Steps/ShortSteps_Inverted.prefab using Guid(ed3df5433ae26c54e957a9626daf8332) Importer(2089858483,d624ce77472d68a35037170ec1d2d27e) (ScriptedImporter) -> (artifact id: '331bdb7516dbdc773b9ce127cb250252') in 0.014812 seconds
Number of updated asset objects reloaded before import = 0Number of asset objects unloaded after import = 36

========================================================================
Received Import Request.
  Time since last request: 0.000016 seconds.
  path: Assets/FPS/Prefabs/Level/Catwalk/Cat_Corner_Window.prefab
  artifactKey: Guid(67dfe562c6d5b5f489cf79d46f97f6d1) Importer(2089858483,d624ce77472d68a35037170ec1d2d27e)
Start importing Assets/FPS/Prefabs/Level/Catwalk/Cat_Corner_Window.prefab using Guid(67dfe562c6d5b5f489cf79d46f97f6d1) Importer(2089858483,d624ce77472d68a35037170ec1d2d27e) (ScriptedImporter) -> (artifact id: '7da4544ccb4a5c87f1ec592d365945a4') in 0.0211804 seconds
Number of updated asset objects reloaded before import = 0Number of asset objects unloaded after import = 34

========================================================================
Received Import Request.
  Time since last request: 0.000020 seconds.
  path: Assets/FPS/Audio/SFX/Enemies/Turret_Death.wav
  artifactKey: Guid(65b7d1df144c6944cab9d6686649df0b) Importer(2089858483,d624ce77472d68a35037170ec1d2d27e)
Start importing Assets/FPS/Audio/SFX/Enemies/Turret_Death.wav using Guid(65b7d1df144c6944cab9d6686649df0b) Importer(2089858483,d624ce77472d68a35037170ec1d2d27e) (ScriptedImporter) -> (artifact id: 'a78a5c81bfb5df1d9619fb4fa74f9b37') in 0.0477602 seconds
Number of updated asset objects reloaded before import = 0Number of asset objects unloaded after import = 1

========================================================================
Received Import Request.
  Time since last request: 0.000026 seconds.
  path: Assets/FPS/Art/Materials/VFX/HealthGlow.mat
  artifactKey: Guid(6967651d58cf5e54db62fcdb44b7b2fb) Importer(2089858483,d624ce77472d68a35037170ec1d2d27e)
Start importing Assets/FPS/Art/Materials/VFX/HealthGlow.mat using Guid(6967651d58cf5e54db62fcdb44b7b2fb) Importer(2089858483,d624ce77472d68a35037170ec1d2d27e) (ScriptedImporter) -> (artifact id: 'f001f572f5117966280a7258d4be84d4') in 0.0143029 seconds
Number of updated asset objects reloaded before import = 0Number of asset objects unloaded after import = 2

========================================================================
Received Import Request.
  Time since last request: 0.000016 seconds.
  path: Assets/FPS/Art/Materials/VFX/JetPackTrail.mat
  artifactKey: Guid(b06de00127b56814e9454c2d7d9f139a) Importer(2089858483,d624ce77472d68a35037170ec1d2d27e)
Start importing Assets/FPS/Art/Materials/VFX/JetPackTrail.mat using Guid(b06de00127b56814e9454c2d7d9f139a) Importer(2089858483,d624ce77472d68a35037170ec1d2d27e) (ScriptedImporter) -> (artifact id: '9e61c918e02a27f823f2fa33b382f596') in 0.0132778 seconds
Number of updated asset objects reloaded before import = 0Number of asset objects unloaded after import = 2

========================================================================
Received Import Request.
  Time since last request: 0.000022 seconds.
  path: Assets/FPS/Art/Textures/UI/TEX_White_16x16.png
  artifactKey: Guid(d194854d61472d744b8684ceab84264a) Importer(2089858483,d624ce77472d68a35037170ec1d2d27e)
Start importing Assets/FPS/Art/Textures/UI/TEX_White_16x16.png using Guid(d194854d61472d744b8684ceab84264a) Importer(2089858483,d624ce77472d68a35037170ec1d2d27e) (ScriptedImporter) -> (artifact id: '76b042baf40feed595db75a1fa5dbd34') in 0.0150979 seconds
Number of updated asset objects reloaded before import = 0Number of asset objects unloaded after import = 3

========================================================================
Received Import Request.
  Time since last request: 0.000021 seconds.
  path: Assets/FPS/Art/Textures/VFX/Falloff.psd
  artifactKey: Guid(7dbb90ed25a3a3d4981e6b5ac6273b49) Importer(2089858483,d624ce77472d68a35037170ec1d2d27e)
Start importing Assets/FPS/Art/Textures/VFX/Falloff.psd using Guid(7dbb90ed25a3a3d4981e6b5ac6273b49) Importer(2089858483,d624ce77472d68a35037170ec1d2d27e) (ScriptedImporter) -> (artifact id: '1f02c74ebab4c5b33f7dfa3d0d9ad287') in 0.0165668 seconds
Number of updated asset objects reloaded before import = 0Number of asset objects unloaded after import = 1

========================================================================
Received Import Request.
  Time since last request: 0.000029 seconds.
  path: Assets/FPS/Audio/SFX/Weapons/Launcher_Charge_BuildUp.wav
  artifactKey: Guid(7a0479c7c60da2d45b93a1af1afe6c1e) Importer(2089858483,d624ce77472d68a35037170ec1d2d27e)
Start importing Assets/FPS/Audio/SFX/Weapons/Launcher_Charge_BuildUp.wav using Guid(7a0479c7c60da2d45b93a1af1afe6c1e) Importer(2089858483,d624ce77472d68a35037170ec1d2d27e) (ScriptedImporter) -> (artifact id: '34a823a297a3baa0e3d14d8dc6df2a58') in 0.0415333 seconds
Number of updated asset objects reloaded before import = 0Number of asset objects unloaded after import = 1

Editor requested this worker to shutdown with reason: Scaling down because of idle timeout
AssetImportWorker is now disconnected from the server
Process exiting
Exiting without the bug reporter. Application will terminate with return code 0